Actual_AC_POWER,Predicted_AC_POWER,Error
0.3342895043020773,0.466084329114253,-0.1317948248121757
1.118033951756506,1.2605563367237904,-0.1425223849672843
2.42042895766758,2.5470122666629953,-0.12658330899541514
0.9752156245594682,0.9756102509103476,-0.00039462635087939013
0.1645585279842038,0.2663895604007346,-0.10183103241653077
1.1005924935822275,0.9761844897961991,0.12440800378602845
0.849169669047436,0.7700978158502884,0.0790718531971476
2.1282054169585094,2.171981103933935,-0.043775686975425554
0.2217880300752949,0.3032630869366185,-0.08147505686132361
0.3196419343846658,0.3740198881934197,-0.054377953808753876
1.6989909317439238,1.782066115857881,-0.0830751841139572
1.730835833598593,1.6568830873395644,0.07395274625902859
2.3580411603869096,2.362748802633143,-0.004707642246233323
1.7441497513561937,1.523932125947499,0.22021762540869472
0.0947294030653001,0.1753857110662074,-0.0806563080009073
2.4771973319438696,2.7359735070624875,-0.25877617511861795
1.1777725284988296,1.1611826587003102,0.016589869798519397
1.8935504432899883,1.7060062137041516,0.18754422958583672
0.8363937330231277,0.8588639071175588,-0.022470174094431083
1.662769842163654,1.6825621100786312,-0.019792267914977124
0.0957737205475741,0.18763376718880975,-0.09186004664123565
1.704434041045473,1.6980311803740968,0.006402860671376187
0.2213766322792475,0.24826307606926568,-0.026886443790018172
0.9630138370714983,0.7846720997208759,0.17834173735062242
1.796175749564022,1.7048426026525976,0.09133314691142447
0.5735331456957412,0.5449357714350803,0.02859737426066089
0.8103400462974326,0.9958105380107706,-0.18547049171333796
2.071635959212885,1.8914204918400548,0.18021546737283
0.9072084042744172,0.8684408248294406,0.03876757944497655
0.981495091909316,0.887004266673891,0.09449082523542507
0.542077037290278,0.545778197809412,-0.003701160519133939
1.7054105457403894,1.6147556682669741,0.09065487747341527
0.3148272239506086,0.37693961943373755,-0.06211239548312897
2.1581470396952667,2.0627064789981153,0.09544056069715134
0.5582797812576796,0.9058649537197746,-0.34758517246209497
2.392978327066619,2.344189143749995,0.04878918331662385
0.76796607330456,0.8463085419375121,-0.07834246863295213
1.67892737769054,1.6367700293686593,0.04215734832188067
1.868088988122403,1.7203324061785699,0.14775658194383312
0.2962826771441686,0.39131409704244186,-0.09503141989827324
2.424913644283312,2.6221060968461227,-0.1971924525628106
1.3469293562803644,1.5054368264234295,-0.1585074701430651
2.283573637724109,2.2401690013117106,0.043404636412398556
2.168680630892702,2.1876850446948097,-0.019004413802107933
2.3865767950792534,2.343244271196313,0.04333252388294051
1.7712341931079585,1.8935185179814344,-0.12228432487347596
0.6045778563051573,0.8588639071175588,-0.2542860508124015
0.402486600492996,0.39983799145963794,0.0026486090333580625
2.0611792221871093,2.4364206376524473,-0.37524141546533807
1.510398948776497,1.6890809881219366,-0.17868203934543958
1.4282278899761742,1.3539598359160614,0.07426805406011283
1.083476536888532,0.9094639489674701,0.1740125879210619
1.770637440224778,1.6673340609830494,0.10330337924172861
2.4345385450921952,2.4895798523586423,-0.05504130726644707
1.622660817584993,1.6520471378587707,-0.029386320273777633
1.3543752042309969,1.2904397246244252,0.06393547960657164
2.6259334582071263,2.811785173585366,-0.18585171537823975
2.1119393810224847,2.062040049654577,0.049899331367907696
1.018475685113058,0.9756102509103476,0.042865434202710495
1.806777154308318,1.6246702712116252,0.18210688309669276
2.0691856562178765,2.110228279852623,-0.04104262363474653
1.2579724943812125,1.1932141684221307,0.06475832595908182
0.7359584207096,0.7453610571042032,-0.009402636394603148
0.86225302302422,0.7714842467942895,0.09076877622993051
0.9539495231022536,1.0000897951512984,-0.046140272049044806
0.5358834660027266,0.6349032357143796,-0.09901976971165294
2.573848689608913,2.579772516228333,-0.005923826619420147
1.774276728420581,1.755066769416599,0.019209959003982036
1.303890817616954,1.3586797089554006,-0.054788891338446666
0.7127754766655985,0.8684408248294406,-0.15566534816384214
0.7052889408400174,0.7453610571042032,-0.04007211626418583
0.5662636109416046,0.5863397433270587,-0.020076132385454137
1.8060628591253616,1.755066769416599,0.05099608970876268
1.9582031892380376,1.726363164826243,0.23184002441179463
1.684578446426064,1.42734789604569,0.257230550380374
1.726111540298735,1.3264444217284161,0.3996671185703189
0.853188709054975,1.523932125947499,-0.6707434168925239
2.418512114827625,2.3785884872911494,0.0399236275364756
1.126415616780274,1.0723083144012535,0.054107302379020394
0.136999396467769,0.19767481415721205,-0.06067541768944304
1.1099235381353354,1.0672893369789627,0.04263420115637273
1.0305328051356752,0.9266552759528539,0.10387752918282134
2.113914994252824,1.9520635903540955,0.16185140389872843
1.776207133463572,1.6673340609830494,0.10887307248052269
1.2868336320731464,1.0352696889005266,0.25156394317261976
0.677268682268285,0.7191171127026087,-0.041848430434323736
1.545878618008234,1.3151209992468806,0.23075761876135337
0.0507414848725498,0.1265115579681492,-0.0757700730955994
1.8682336558409232,1.7797112567473758,0.08852239909354731
1.053634373682947,0.9275230803496175,0.1261112933333295
0.0754569986196994,0.15836357639409168,-0.08290657777439228
2.166103743960447,2.121473266416209,0.0446304775442381
2.1461170440787223,2.061886649705281,0.08423039437344126
0.6895156781967701,0.7313669934128676,-0.04185131521609753
1.5618372357386143,1.2138069862702592,0.34803024946835515
2.1552175253573496,2.588411628904523,-0.43319410354717336
0.1961231367988053,0.2663895604007346,-0.07026642360192928
0.1322615404585389,0.1711813874861151,-0.0389198470275762
0.6783446457348701,0.824392157775187,-0.14604751204031696
1.0341720933314782,1.0218353246543939,0.012336768677084331
0.8532520010235976,0.8064557556997317,0.04679624532386584
0.9285830061407704,0.864205228831373,0.06437777730939742
1.009054223425751,0.7453610571042032,0.2636931663215477
0.6565360417256282,0.7284127007826455,-0.07187665905701734
1.28395836831955,1.0723083144012535,0.2116500539182964
1.8235314422120483,1.9543119750350348,-0.13078053282298652
0.6657495439789602,0.7029757489690023,-0.03722620499004203
0.6536924239563432,0.7217688518979662,-0.06807642794162305
1.3820247528816307,1.2734998043635068,0.10852494851812389
0.5635872649845136,0.7166468389100794,-0.1530595739255658
0.2809434163906425,0.3824000701792152,-0.10145665378857266
0.6889053628573851,0.6039699443878663,0.0849354184695188
1.068404006718869,1.2085349867388129,-0.14013098001994395
2.6212995822946348,2.4790493786179555,0.1422502036766793
2.290169564663902,2.218127215294249,0.07204234936965292
1.0618939755882042,0.9778877743526019,0.08400620123560232
2.244513449927449,2.374316468148784,-0.129803018221335
1.4925686968998453,1.4245817932784717,0.0679869036213736
1.3815365006607565,1.2904397246244252,0.09109677603633126
2.3954241084833896,2.3944767039764603,0.0009474045069293169
1.183125220666179,0.9025927935829555,0.28053242708322357
1.2088895727143376,1.1858643635215587,0.02302520919277895
0.6892670311410142,0.7661539466025356,-0.07688691546152138
0.0904571951832704,0.4384390198524132,-0.3479818246691428
1.6242883252410754,1.8390994120848354,-0.21481108684376005
0.8652187039120157,0.7083252064948886,0.1568934974171271
2.485854769442138,2.5096914163238324,-0.023836646881694623
2.50610819940139,2.138460433035246,0.3676477663661437
1.3048718431306052,1.3511181996624384,-0.04624635653183318
1.21925589311225,1.0866743921081254,0.13258150100412447
0.3702393424797495,0.5863397433270587,-0.21610040084730925
1.776998283071355,1.5456654292434955,0.23133285382785962
2.5732700187348327,2.5950480494313917,-0.021778030696558925
1.6574894838555645,1.3279053621317085,0.329584121723856
1.001671667443741,0.8221892403328991,0.17948242711084184
1.2929729530295446,1.40435400333526,-0.11138105030571532
1.0321151043512418,0.9275230803496175,0.10459202400162426
1.77829576842812,2.010267299845051,-0.23197153141693083
1.5289525372204067,1.3315413027002445,0.19741123452016218
1.308913487484986,1.311533503260643,-0.0026200157756570697
0.7898650944480015,0.793721526270539,-0.003856431822537587
2.484082594320703,2.4642359831802283,0.019846611140474923
1.6687373707422914,1.6147556682669741,0.053981702475317306
1.7050986067160108,2.13774004670008,-0.43264143998406945
1.4990787280305098,2.0988090235678207,-0.5997302955373109
2.1137115561439197,1.9029213806995444,0.21079017544437528
2.002521129476938,1.890350476448224,0.11217065302871387
1.885480717290599,1.5321055928536365,0.3533751244369625
1.2384152760768097,1.0434217445111384,0.19499353156567123
1.114372059213861,1.0090850037658452,0.10528705544801586
1.851113178328493,2.0488881783563953,-0.19777500002790216
1.7492131088460068,1.8072218730567406,-0.058008764210733865
0.4737850031464253,0.5569737854508197,-0.08318878230439436
1.3964010713964448,0.9025927935829555,0.49380827781348924
0.121944949573045,0.16794344990697233,-0.04599850033392733
1.186886571980493,1.0805082513118838,0.1063783206686093
1.4856969974855516,1.3825703364005697,0.10312666108498192
0.4162842496527364,0.5378360526216596,-0.12155180296892315
0.109693432825825,0.20157896845965823,-0.09188553563383323
0.5477823561037871,0.6657495754120701,-0.11796721930828302
1.1349012613944451,1.1235221954493702,0.011379065945074984
2.0944391516983187,2.3785884872911494,-0.2841493355928306
0.5010909667883694,0.5316276837536755,-0.030536716965306132
1.9321042928059875,1.8072218730567406,0.12488241974924685
0.7409404027026832,1.3330312545073628,-0.5920908518046796
0.0983686912611032,0.18763376718880975,-0.08926507592770655
1.3059478065971903,1.3845671535396822,-0.07861934694249184
2.1604617155965538,2.572282190956745,-0.4118204753601913
2.575657029761219,2.4798842805533594,0.0957727492078595
1.0736029897833967,0.9907297496603638,0.08287324012303299
1.7952851411845698,1.782066115857881,0.013219025326688838
1.2727104814328232,1.0788096959094817,0.19390078552334145
2.0182175376953584,1.9053967351784147,0.11282080251694371
1.314397284408316,1.235950780469083,0.07844650393923303
1.1076811940679658,1.1343965498461712,-0.026715355778205385
1.750890346014507,1.555403364142634,0.1954869818718732
1.9649076163338015,1.7175860880927212,0.24732152824108034
1.210440225945593,1.186566151834473,0.02387407411112008
0.7058133601171056,0.7313669934128676,-0.02555363329576199
1.6685791408207349,1.59532039051349,0.07325875030724482
2.2623210984699305,2.2401690013117106,0.022152097158219863
2.418335801124793,2.6106719333442028,-0.1923361322194097
1.886859578397261,1.9209697853593073,-0.03411020696204625
1.0638560266155066,0.9909172340220805,0.07293879259342606
2.282597133788696,2.3754627178806427,-0.09286558409194656
2.499982440648028,2.5470122666629953,-0.0470298260149673
0.8138617921934599,0.8274307604768473,-0.013568968283387384
2.307195104223398,2.173529454172262,0.13366565005113618
1.4863480006998857,1.523932125947499,-0.03758412524761323
1.0266403490653817,1.3024350862667071,-0.2757947372013254
0.2002371147592784,0.18769965219558576,0.012537462563692647
2.0851985242794098,2.0482346509527805,0.036963873326629315
1.227755100182626,1.092387268597133,0.13536783158549293
1.8271888141891264,1.7387450231623807,0.08844379102674571
1.3055138044543015,1.1611826587003102,0.1443311457539913
1.774199873995754,1.9135378272804702,-0.1393379532847161
0.9842799385287132,0.9760314723452039,0.008248466183509273
1.7342762042510582,1.6963736591652157,0.037902545085842565
0.1154891687735334,0.26729173172958665,-0.15180256295605327
1.411582102228414,1.3737444649433852,0.03783763728502887
0.2169642780037682,0.41110313610888827,-0.19413885810512008
0.5757483645975344,0.543338095855949,0.03241026874158537
1.8878225201296372,1.877198630932478,0.010623889197159286
0.3388781720272203,0.3554335031625301,-0.01655533113530977
1.2512997125102563,1.161168988327955,0.09013072418230128
2.1905525276300697,2.3048119439083568,-0.11425941627828706
1.154078727887112,1.12448327568066,0.0295954522064521
1.6965496701332166,1.6025438100681588,0.09400586006505773
2.0770248197022885,1.917675420447559,0.15934939925472946
1.8606702655905152,2.068596411264288,-0.20792614567377266
0.8463034469313092,0.7714842467942895,0.0748192001370197
0.990120883170105,0.7488729606413852,0.24124792252871985
0.0908369469950063,0.14694518620646993,-0.05610823921146363
2.213446136490199,2.1573336367237816,0.0561124997664173
1.189427292362869,1.1917779761320426,-0.0023506837691735782
2.391893320443557,2.2560295563855943,0.13586376405796274
0.6106855312772439,0.543338095855949,0.06734743542129484
0.9153730682267408,0.8679200195639803,0.047453048662760455
2.45529378922219,2.95696054986428,-0.5016667606420899
1.021070655826587,0.950096875818481,0.07097378000810595
1.4781019612508322,1.1110821890367402,0.367019772214092
1.3496192649468275,1.3511181996624384,-0.0014989347156109112
1.868486823715414,1.6963736591652157,0.17211316455019832
1.9249432597268288,1.8944094803105604,0.030533779416268336
1.65111055748088,1.7175860880927212,-0.0664755306118412
0.7881245653108782,0.6640504985013849,0.12407406680949329
1.3139406781717529,1.2740896420024679,0.03985103616928498
1.0465230688503668,0.940749831963029,0.10577323688733786
1.5098564459713015,1.5163728395109433,-0.006516393539641729
0.8186719818087822,0.9186159385753527,-0.09994395676657053
1.1924020148881342,1.12448327568066,0.06791873920747427
1.5705444022429655,1.4363863475408127,0.1341580547021528
1.3305050904227835,1.3156979191169889,0.014807171305794675
1.4863480006998857,1.4474179350968421,0.03893006560304357
0.282317756425402,0.3842816240420833,-0.1019638676166813
2.231059387548574,1.917675420447559,0.3133839671010148
1.1539747482967089,1.0723083144012535,0.08166643389545536
0.5630809292355323,0.6043579611387739,-0.04127703190324161
0.1367462285932785,0.14910125840134622,-0.012355029808067713
1.6802745925597231,1.6367700293686593,0.04350456319106377
0.9700302039511446,0.9403254884620447,0.02970471548909992
1.2045359893355785,1.1079534304896335,0.09658255884594502
0.3036245455043974,0.30569712263208737,-0.0020725771276899896
0.4798610321342008,0.5207520703686768,-0.040891038234475985
1.3231632220625549,1.454097721370135,-0.13093449930758005
1.1488571404757424,1.1613607090166485,-0.012503568540906063
0.2539629544824491,0.30569712263208737,-0.05173416814963827
0.2656177183464886,0.31971234650448266,-0.05409462815799404
0.2422629819247261,0.2915752326739139,-0.0493122507491878
2.375107386555515,2.291338712375394,0.08376867418012113
0.5521585438293882,0.4426174730419752,0.10954107078741304
0.3691905041787409,0.37451264321676847,-0.005322139038027585
0.4880347377239939,0.5043432362618847,-0.016308498537890792
0.5075286640597739,0.597872230167277,-0.09034356610750305
0.1121166109084252,0.17650216398030671,-0.06438555307188151
0.8492962529846811,0.8457994982152557,0.0034967547694254586
0.2978966223440464,0.39131409704244186,-0.09341747469839545
2.049501853976228,2.2560295563855943,-0.20652770240936613
0.7981246963532587,0.71991681457678,0.07820788177647864
0.5066651808458983,0.5378360526216596,-0.031170871775761277
0.1691607581655511,0.19205926735856887,-0.02289850919301778
1.166009263972484,0.9481750489449023,0.2178342150275816
2.386685295235224,2.3332735903087523,0.05341170492647196
1.5446489454388268,1.6880555850502204,-0.14340663961139355
1.6992260160903077,1.930988424294414,-0.23176240820410632
0.7607507888815767,0.7191171127026087,0.04163367617896796
2.0978569180039424,1.9937977896709662,0.10405912833297615
0.2363135368741959,0.25240860709921603,-0.01609507022502013
1.0986033173893484,1.3141373394155555,-0.2155340220262072
1.5450965100379206,1.4797910333999005,0.06530547663802011
0.5784518357202018,0.3725879024608907,0.20586393325931107
1.6856996183331647,1.8478160758853925,-0.1621164575522278
0.8048924161771489,0.9573735763768442,-0.15248116019969526
0.566824197021739,0.5851784238701199,-0.01835422684838084
1.3056584719196536,1.9351225529267027,-0.6294640810070491
0.9541167946612796,0.9907297496603638,-0.036612954999084124
1.5519546469960095,1.4745675089703463,0.07738713802566322
0.7165368279799122,0.71991681457678,-0.003379986596867779
1.329998754673802,1.2931536391632736,0.03684511551052827
1.4088424640495325,1.9142310797739035,-0.505388615724371
0.4116006439746595,0.49405418651300737,-0.08245354253834786
2.358018555027396,2.3055920182802696,0.052426536747126384
0.389841769224668,0.377670611877022,0.012171157347646011
1.9407346058981827,1.796095783934604,0.1446388219635788
2.0197862747078883,2.058142939870624,-0.03835666516273584
0.7517271625341124,0.7029757489690023,0.04875141356511015
1.2450292867978778,1.1733222712656113,0.07170701553226655
1.9772766771529724,1.6057501243038184,0.37152655284915403
0.0973967073849215,0.16235628331793106,-0.06495957593300956
1.4861716872502215,1.4690316810856974,0.017140006164524157
1.881036717283976,1.9096788272411676,-0.02864210995719163
1.843043452329104,1.9209697853593073,-0.07792633303020335
1.0987615473109051,0.8715723870471388,0.22718916026376634
2.5550464533497443,2.632557141628749,-0.07751068827900465
0.783915649397471,0.7607218363224659,0.02319381307500512
0.647932854811681,0.608294709605499,0.03963814520618192
1.835104831845198,1.8033502805049684,0.03175455134022953
2.422133319242153,2.1685010917745693,0.2536322274675835
1.1839208910926975,1.5176751724284163,-0.3337542813357188
1.6251608503455883,1.6890809881219366,-0.06392013777634831
1.8271481275800168,1.7130162396798299,0.11413188790018691
0.759358365571878,0.7191171127026087,0.04024125286926927
0.7841326504689154,0.7208126522689319,0.06331999819998357
0.2741937800948594,0.4112414326690122,-0.1370476525741528
0.1242234604434607,0.16794344990697233,-0.04371998946351162
0.6054006518972517,0.6804169999106329,-0.0750163480133812
1.7330058440598703,1.562142895177813,0.17086294888205744
1.79968845382258,1.9600102688979193,-0.16032181507533938
1.9594464232509776,1.8072218730567406,0.15222455019423697
1.2932170792665658,1.1435180006844525,0.1496990785821133
1.0532862678555222,0.9698506550728098,0.08343561278271239
1.7845435897936563,1.6805811909161896,0.10396239887746672
2.3405499716875418,2.0292970807581288,0.311252890929413
1.4053704476659237,1.3864406795280868,0.018929768137836867
0.9376970496224336,0.8463085419375121,0.09138850768492146
0.3042710276468284,0.37541700979625203,-0.07114598214942364
0.8733924095018086,0.934651355865292,-0.06125894636348339
0.7254971623587536,0.7216033759423446,0.0038937864164090286
1.1939843141037008,1.150987242441903,0.04299707166179778
2.2274065371497342,2.1354557598933104,0.09195077725642387
2.1518178428330006,2.4909992946348796,-0.339181451801879
1.323258160015489,1.1855732685340237,0.13768489148146523
0.8003399152550519,0.7155296227545702,0.08481029250048167
0.8051501048703742,0.4687269806322612,0.336423124238113
0.4750508425188786,0.5056858463966359,-0.03063500387775736
0.8742965805906329,0.9454514990533759,-0.07115491846274302
1.465552067935438,1.2962138004317276,0.16933826750371028
1.3429464830758715,1.2039168786095984,0.1390296044662731
2.115483731265354,2.1113590016052903,0.0041247296600634975
1.5122479783227587,1.30604076432896,0.2062072139937987
2.046780299325454,1.8131592279717565,0.23362107135369725
0.6085336043440737,0.5809479084390741,0.027585695904999596
1.145186206295628,1.0859651257170033,0.05922108057862463
1.851596908717961,1.930988424294414,-0.07939151557645308
0.7570482087171507,1.4797910333999005,-0.7227428246827498
0.3259666104281972,0.39131409704244186,-0.06534748661424467
2.1662122441164176,1.8048927220816646,0.3613195220347529
0.3189909314235,0.4255056046376028,-0.1065146732141028
1.0830515766362805,1.0090850037658452,0.07396657287043529
0.5715439695028621,0.48542898479566,0.08611498470720214
1.9988260835884568,2.0061366046249636,-0.007310521036506756
0.8579039607173635,0.8758710617157289,-0.017967100998365404
1.8145620664489055,1.4362742358863771,0.37828783056252835
1.848378061474682,1.9543119750350348,-0.10593391356035275
1.512849252024674,1.7451889620688077,-0.23233971004413378
1.6739273121693496,1.8072218730567406,-0.133294560887391
0.402866352304732,0.4577628210223376,-0.05489646871760562
1.050691297141993,0.9083025891630574,0.14238870797893566
0.1792558271608657,0.1880191348084864,-0.008763307647620705
0.3203969171894029,0.3554335031625301,-0.0350365859731272
1.6672183634953477,1.5546510910588842,0.11256727243646347
1.438512834877357,1.37005455471064,0.06845828016671707
1.4687663958789894,1.7175860880927212,-0.2488196922137318
1.4185713439424834,1.2368746405877198,0.18169670335476362
1.1577496620672263,1.150987242441903,0.006762419625323313
1.5336180593703763,1.3980190264855286,0.13559903288484776
1.0660395995329888,0.9481750489449023,0.11786455058808643
0.9502469429378276,0.9429192426380375,0.00732770029979013
0.9733485114850996,0.9713499154271105,0.0019985960579891326
2.2392330921256955,2.6055011964303914,-0.3662681043046958
2.368638043552967,2.6055011964303914,-0.23686315287742454
1.45379784529973,1.6420894761012317,-0.18829163080150169
0.764421723061691,0.7700978158502884,-0.0056760927885973755
1.1660906394692137,1.0805082513118838,0.08558238815732988
1.9423395104732628,1.7790281391571057,0.16331137131615714
2.047657346261373,1.930988424294414,0.116668921966959
2.4198864543560488,2.3785884872911494,0.04129796706489941
1.7809992395507874,1.6158407549441292,0.16515848460665827
0.3351575083346876,0.3446441854925796,-0.009486677157891976
2.441627245577933,2.3944767039764603,0.047150541601472806
0.9528147884857804,0.950096875818481,0.0027179126672993714
2.3030313964973392,2.205350666191313,0.09768073030602631
1.2988907520957638,1.463521756494656,-0.16463100439889233
0.9935748162787752,1.060362454389656,-0.06678763811088073
0.4254661059217574,0.5401593306103658,-0.11469322468860843
1.7363331932312946,1.9209697853593073,-0.18463659212801264
0.3660439890225468,0.39732410048473,-0.03128011146218318
1.180629708724319,1.1611826587003102,0.019447050024008705
1.2603142972202508,1.1863131877437743,0.07400110947647653
1.6884121313464695,1.5295434976461941,0.15886863370027537
0.5966030682587016,0.543338095855949,0.05326497240275252
0.8303177040353521,0.7846720997208759,0.045645604314476174
2.098837943517593,2.423622651859376,-0.3247847083417832
0.2916940094190255,0.3926573866850849,-0.10096337726605936
2.1663569118349377,2.1113590016052903,0.054997910229647395
1.7105824036393409,1.6315964903889153,0.07898591325042559
1.6711605490780597,1.6025438100681588,0.06861673900990084
1.5580668427868314,1.463521756494656,0.09454508629217528
0.3157449574956373,0.5378360526216596,-0.22209109512602226
0.2364401208114413,0.31971234650448266,-0.08327222569304135
1.9828825354226376,1.8935185179814344,0.08936401744120315
1.6398129410817346,1.4767273348128884,0.16308560626884616
1.7806375712671585,1.7164904734550566,0.06414709781210193
1.13585516174252,1.09228578319562,0.04356937854690002
1.4890605134600226,0.790444345850239,0.6986161676097835
0.8158464475676042,0.7894434043343873,0.02640304323321685
0.9843522723879734,1.2578017305076976,-0.2734494581197242
0.3337831685530961,0.41484329770723827,-0.08106012915414218
2.435298048715667,2.5353636119367504,-0.1000655632210834
1.9501153794573731,1.84603688409994,0.10407849535743319
1.156506427041615,1.09228578319562,0.06422064384599491
1.6972730069536424,1.5319526542171973,0.16532035273644508
1.5845048021429973,1.6246702712116252,-0.040165469068627946
1.0950589671464794,0.9831400348445632,0.11191893230191619
1.238541860014055,1.1613607090166485,0.07718115099740652
0.531760446404784,0.5056858463966359,0.026074600008148097
1.1335404840690582,1.25896695206262,-0.12542646799356194
1.8163975335389624,1.422376090180147,0.3940214433588154
1.114299725607769,0.9481750489449023,0.16612467666286657
0.050452150195013,0.25194234394974907,-0.20149019375473606
1.7234216316322717,1.726363164826243,-0.0029415331939712797
1.0203744441717375,0.8883731460077632,0.13200129816397432
1.0026210469730807,0.9083025891630574,0.09431845781002335
1.5730037473817795,1.3661619870665325,0.20684176031524704
2.160534050721653,2.013099730373834,0.147434320347819
0.6886295906360528,0.6796780174459144,0.008951573190138395
0.1444497652371363,0.19767481415721205,-0.05322504892007576
0.0601086962287038,0.2205457213142274,-0.1604370250855236
1.525191185906093,1.6243642569984236,-0.09917307109233064
0.9341888664357786,0.9696855044339723,-0.03549663799819369
2.171094766325161,2.121473266416209,0.04962149990895215
0.0806514608654926,0.16235628331793106,-0.08170482245243846
1.5552819961674342,1.5109875407229456,0.04429445544448862
2.169937429640357,2.1012137715993866,0.06872365804097047
1.9733616157231653,2.010267299845051,-0.03690568412188555
0.4475278778054899,0.3873342910953513,0.060193586710138636
1.3679739358473997,1.3856980406014872,-0.017724104754087477
0.9592524860103528,1.3386967075902385,-0.37944422157988567
1.0168933858974911,1.0708892978506328,-0.053995911953141684
2.309541428640675,2.4141952166710183,-0.10465378803034353
1.6191481133264354,1.5054368264234295,0.11371128690300591
1.2807395195572635,1.25896695206262,0.021772567494643402
1.3629105783575866,1.3586797089554006,0.004230869402185977
1.4158949977322246,1.359924737126524,0.05597026060570065
1.1118629848157964,1.0762782845146683,0.035584700301128036
1.725067222816461,1.6156988735280504,0.10936834928841055
0.8920183318049782,0.8463085419375121,0.0457097898674661
1.751554911685045,1.6315964903889153,0.11995842129612977
2.2250737749354936,2.1452475671594815,0.07982620777601213
1.8464612186347276,1.3279053621317085,0.518555856503019
0.2789180733947173,0.3725879024608907,-0.09366982906617338
2.691535583684516,2.95696054986428,-0.2654249661797641
1.1846442279131233,1.1079534304896335,0.07669079742348983
1.5468053931907322,1.3661619870665325,0.1806434061241997
1.3043202989411085,1.2550328672172164,0.04928743172389205
1.8373833427156137,1.6825621100786312,0.15482123263698244
2.292891119314677,2.5470122666629953,-0.2541211473483185
2.3141707829749274,2.138460433035246,0.17571034993968127
1.382910840442348,1.3151209992468806,0.06778984119546738
1.134869615410134,1.1917779761320426,-0.056908360721908524
1.7769349911027326,1.6673340609830494,0.1096009301196832
0.3362786804949564,0.37693961943373755,-0.040660938938781144
0.5641659343395872,0.578685654057417,-0.014519719717829838
0.9798992302375452,0.8062390788748838,0.17366015136266144
1.5514483112470283,1.457488743431764,0.09395956781526427
0.7245794288137251,0.7894434043343873,-0.06486397552066225
1.1219896997954224,0.934651355865292,0.18733834393013038
0.8266648533833448,0.9186159385753527,-0.0919510851920079
0.5436593365058445,0.6869390131003621,-0.14327967659451757
1.8903315935150304,2.0307407415889136,-0.14040914807388316
0.4889389088128181,0.4085860379171646,0.08035287089565352
0.9428689077745528,1.3864406795280868,-0.443571771753534
1.868708345605593,1.6673340609830494,0.2013742846225437
1.087179117052958,1.0886799797059645,-0.0015008626530064184
0.9988913416430786,1.5295434976461941,-0.5306521560031155
0.7196743012454687,0.6804169999106329,0.03925730133483585
0.1947216718516372,0.24233482123847783,-0.047613149386840636
1.2030893159478946,1.1734165277946251,0.029672788153269458
1.768738681166098,1.5456654292434955,0.2230732519226024
0.7859771591964425,0.9843819066346746,-0.1984047474382321
0.7220477500688186,0.5809479084390741,0.14109984162974454
0.8023607374322423,0.8366975778458785,-0.03433684041363616
1.8350324967200984,2.1573336367237816,-0.32230114000368326
1.70174413237901,1.6568830873395644,0.044861045039445546
0.5371402637377103,0.4754608165461295,0.061679447191580805
2.184838166672756,2.091580486836328,0.09325767983642796
0.0642678826296925,0.3999265188317668,-0.33565863620207426
2.3785839232515227,2.2358689070421107,0.14271501620941196
0.1737810718750055,0.19764153505103937,-0.02386046317603388
2.419569994512935,2.37249853579441,0.04707145871852525
2.370120883237361,2.013099730373834,0.3570211528635272
0.9755320844025815,0.8760487188974355,0.09948336550514603
0.8740434127161424,0.8758710617157289,-0.0018276489995865397
1.007752217250251,0.8715605776758804,0.13619163957437075
0.2961560932069232,0.6765959928600802,-0.380439899653157
1.7233266936793377,1.8121541744091634,-0.08882748072982571
2.2201370013829265,1.9351225529267027,0.2850144484562238
0.176312750619912,0.19764153505103937,-0.021328784431127373
2.1189783517426366,2.160749414575995,-0.0417710628333583
0.4473108767340454,0.4412857594133688,0.006025117320676621
2.336562577664314,2.4790493786179555,-0.14248680095364152
2.442743895653628,2.4798842805533594,-0.03714038489973159
1.6639588271112804,1.6420894761012317,0.02186935101004872
1.7634538017861057,1.6673340609830494,0.0961197408030563
1.1259092810312925,1.1343965498461712,-0.008487268814878712
2.3084925895801627,2.483187779707663,-0.17469519012750023
2.3202468119627038,2.121473266416209,0.19877354554649473
2.434095501311836,2.4642359831802283,-0.030140481868392133
0.6025208673249207,0.543338095855949,0.05918277146897166
2.083534849313946,1.8660479658564746,0.21748688345747147
1.197655248283815,1.0762782845146683,0.12137696376914664
0.4065146821380046,0.43722799835705106,-0.030713316219046438
0.4616691119739203,0.48792723923274567,-0.02625812725882537
1.190033086883519,1.1613607090166485,0.02867237786687049
2.481153079982786,2.572873211957438,-0.09172013197465168
0.793472736659493,0.7622824274993022,0.031190309160190832
0.1657429918599274,0.26924067700769005,-0.10349768514776264
1.704813792857209,1.4429018412163312,0.26191195164087766
0.9876841423781324,1.2000898909952797,-0.21240574861714734
1.628673554604146,1.8233008279722807,-0.19462727336813468
1.537958080039764,1.359924737126524,0.17803334291324013
0.358340452378689,0.3065988845543966,0.0517415678242924
0.8609510168487208,0.7795460355670482,0.08140498128167262
2.1400997854813317,2.0537584356974294,0.08634134978390229
0.355591772562338,0.34205039432849277,0.013541378233845214
2.1559589451995462,1.924179104168991,0.23177984103055516
0.1677050428872299,0.20830500625910486,-0.040599963371874964
0.8106881521248571,0.8292524149089051,-0.01856426278404799
0.1030522969391803,0.1797498752256437,-0.0766975782864634
0.3224539061696394,0.4031310152357443,-0.08067710906610487
2.544191880730958,1.9600102688979193,0.5841816118330387
1.1294536312741614,1.014742604427348,0.11471102684681345
1.3601257317381896,1.40435400333526,-0.04422827159707032
1.310323994069624,1.2368746405877198,0.07344935348190429
0.4580569489436936,0.5035548036474642,-0.0454978547037706
1.0219296182217277,1.0924443644955202,-0.0705147462737925
0.7525951665667227,0.7661539466025356,-0.0135587800358129
0.4775825212637851,0.5102145820512172,-0.03263206078743208
2.382101149088319,2.2827564214934206,0.09934472759489843
0.546588850590594,0.1875002170899741,0.3590886335006199
1.797635985661078,1.605314602804948,0.19232138285612987
1.663637846449432,1.658702466326771,0.004935380122660815
1.0738561576578876,1.1755426230077204,-0.10168646534983283
0.933176194937816,1.0859651257170033,-0.15278893077918732
1.3058031391318383,1.3046537655733061,0.001149373558532174
0.5864763532790755,0.5035548036474642,0.08292154963161136
1.8428807008293089,1.6417320618209639,0.201148639008345
1.320197541174759,1.2528818056942217,0.06731573548053738
2.225991508480522,2.207119709913443,0.01887179856707899
1.1216415939679976,1.2916540584807317,-0.1700124645127341
2.076771651827797,1.9196019448935087,0.15716970693428833
1.306011098565813,1.2368746405877198,0.06913645797809331
1.7002567711163772,1.4767273348128884,0.22352943630348876
1.7936124248348042,0.9516899657628944,0.8419224590719098
0.1946357755361727,0.34934905168871155,-0.15471327615253885
0.8264840191149464,0.6765959928600802,0.1498880262548662
0.1679898567460319,0.15281386930524138,0.015175987440790517
0.5339666236691076,0.5102145820512172,0.023752041617890463
1.1137933898587873,1.0577649327753598,0.05602845708342752
0.3506730825378774,0.48792723923274567,-0.1372541566948683
1.938578157386774,1.4674178378705052,0.4711603195162688
0.3993220020618629,0.41484329770723827,-0.015521295645375355
0.5341655412124452,0.6289923984665902,-0.09482685725414497
2.2462132924554634,2.2499347097237594,-0.003721417268296001
0.0264012021184013,0.25194234394974907,-0.22554114183134777
1.6220595438830778,1.6890809881219366,-0.06702144423885881
0.9126515135759664,0.9295199114779568,-0.01686839790199035
1.5319543849112482,1.6147556682669741,-0.0828012833557259
2.3012773051571798,2.3731014371098054,-0.0718241319526256
2.066464101567102,1.9056899829744196,0.16077411859268254
2.5058550315268997,2.4941817035958156,0.01167332793108411
2.1401675990281923,2.204253345558019,-0.06408574652982679
0.4934959305536499,0.5043432362618847,-0.010847305708234833
2.353208365412074,2.363514949896423,-0.01030658448434929
2.067350189127819,1.706724862043128,0.3606253270846911
0.8306567682253072,0.7952035095970185,0.03545325862828874
0.9946236545797836,1.2085349867388129,-0.21391133215902924
2.198473064332701,2.1012137715993866,0.09725929273331424
2.131058077124767,2.1113590016052903,0.019699075519476583
2.2231117239081915,2.138460433035246,0.08465129087294532
2.5018405130975983,2.4798842805533594,0.02195623254423884
1.0021463572084108,0.9251843699494554,0.07696198725895542
1.312909923145683,1.3246781150135818,-0.01176819186789868
0.1786861994432619,0.1875002170899741,-0.008814017646712219
2.5050231927783275,2.3754627178806427,0.12956047489768485
2.0551664851679563,2.130554881877515,-0.07538839670955877
1.3754604716729808,1.1477932963853459,0.22766717528763492
0.9220006414040134,0.9188105706292264,0.003190070774786946
0.5444188401293165,0.824392157775187,-0.2799733176458705
0.7970803788709847,0.7569767969947112,0.0401035818762735
1.3865501286381512,1.1747018954180688,0.2118482332200824
0.1588441672800571,0.2205457213142274,-0.0617015540341703
1.1197111889250062,1.3864406795280868,-0.2667294906030806
0.3846699113257165,0.4255056046376028,-0.0408356933118863
2.219409143743765,2.1502777918386267,0.06913135190513842
1.079543393196457,1.1477932963853459,-0.0682499031888888
1.038349363260574,0.9025927935829555,0.1357565696776185
1.6222810657732571,1.5967459771076593,0.025535088665597838
1.7695298307738814,1.7164904734550566,0.05303935731882481
0.8731030748242719,1.2407190164405983,-0.3676159416163265
1.3680372278160224,1.6172421525811984,-0.24920492476517597
0.3352660089969939,0.4412857594133688,-0.1060197504163749
1.771017192036514,1.766654291878441,0.0043629001580731686
1.0868852615566864,1.0866743921081254,0.00021086944856096856
0.151945342700187,0.3894746544460598,-0.23752931174587277
1.3803791616974417,1.3636245468205754,0.016754614876866247
0.3138190732713808,0.42011375806648266,-0.10629468479510185
2.51381173579208,2.3785884872911494,0.13522324850093081
0.294320626116866,0.4514139626546628,-0.15709333653779683
2.137351106424484,2.2001781318430975,-0.0628270254186134
2.441500661640688,2.528218663038568,-0.08671800139787988
2.2269725339941733,2.3878388675539455,-0.1608663335597722
0.1725513993055983,0.2663895604007346,-0.09383816109513629
0.3630873500253887,0.3807412742187981,-0.017653924193409387
0.6246097643742297,0.6295301376525902,-0.00492037327836059
1.2470862757781145,1.218072172965074,0.0290141028130404
0.3738469846912413,0.4754608165461295,-0.1016138318548882
2.4970664885131475,2.3370180701007968,0.16004841841235073
0.0603935100875058,0.1265115579681492,-0.0661180478806434
1.7799504012497789,1.7099472560525049,0.07000314519727402
1.2237631853406634,1.2550328672172164,-0.03126968187655299
2.565313314469652,2.5647973944436258,0.0005159200260260732
1.0733498219089062,1.4674178378705052,-0.394068015961599
2.114276662283285,2.1502777918386267,-0.03600112955534174
2.1125044871618504,1.9688986324878535,0.1436058546739969
1.4404522815578176,1.59532039051349,-0.1548681089556725
0.7510987636666207,0.6814855901111319,0.0696131735554888
0.8144404618017015,0.7622824274993022,0.05215803430239929
0.5980904295213343,0.6640504985013849,-0.06596006898005058
0.5966799226835287,0.7128823512250427,-0.11620242854151408
1.908017179698505,1.828599935088919,0.07941724460958599
0.0587343564471122,0.23656161752960808,-0.17782726108249589
0.3896247684063912,0.39983799145963794,-0.010213223053246734
0.8983475286672445,0.9186159385753527,-0.020268409908108187
0.7443581690083071,0.7714842467942895,-0.027126077785982416
1.6328598661707114,1.476613514018042,0.15624635215266935
1.0912252822260735,1.131262436561717,-0.04003715433564348
1.2516975478500991,0.934651355865292,0.3170461919848071
0.6336424323591636,1.09111688490765,-0.4574744525484864
0.2684296901314623,0.46862634413064014,-0.20019665399917785
0.6655280220887809,0.7029757489690023,-0.037447726880221355
1.30974532471455,1.3315413027002445,-0.021795977985694437
1.7916187278231903,1.877198630932478,-0.08557990310928765
2.414569928991745,2.579772516228333,-0.1652025872365881
1.8548790504615416,1.6319920497696845,0.22288700069185707
1.540855948140202,1.4927358449498933,0.04812010319030868
2.1153571473281088,1.8641234955080739,0.2512336518200349
0.7507190118548844,0.5714586754969501,0.17926033635793437
2.5836137365580782,2.4642359831802283,0.11937775337784995
1.261245593221484,1.005161363869042,0.2560842293524421
1.055944530537674,0.9884616834903228,0.06748284704735119
0.2104587676918383,0.3842816240420833,-0.17382285635024503
1.0602800303883264,1.2126313531919195,-0.1523513228035931
0.6668074239174384,0.7029757489690023,-0.036168325051563865
0.70163609018801,0.7876086540061812,-0.0859725638181712
1.289455727952252,1.3141373394155555,-0.0246816114633035
0.9305314947118686,0.8546073604145697,0.07592413429729883
1.6439269190422077,1.9142310797739035,-0.27030416073169583
0.6641039527947711,0.6039699443878663,0.06013400840690475
1.2160008775469178,0.9843819066346746,0.23161897091224315
2.47934925887704,2.5096914163238324,-0.030342157446792584
0.6577431099481936,0.7128823512250427,-0.055139241276849105
1.9940942570253255,1.9142310797739035,0.079863177251422
0.7684362422504954,0.5714586754969501,0.19697756675354539
1.1545217716674705,1.6300101550607895,-0.475488383393319
1.426130213374157,1.6147556682669741,-0.18862545489281723
1.0261340133164,0.8110066928978881,0.215127320418512
2.4835581747904474,2.452862101017611,0.030696073772836563
1.654085280006145,1.4745881808098495,0.17949709919629542
1.1960367822652025,1.0840613584696357,0.1119754237955668
1.499399708692358,1.5472545596534903,-0.04785485096113229
2.0659577658181205,2.1520971747147373,-0.08613940889661675
0.6244560552714078,0.6769455441417789,-0.05248948887037108
0.8784738505197288,0.8457994982152557,0.03267435230447313
0.8259053497598727,0.7550478925233104,0.07085745723656234
0.5598304344889348,1.3279053621317085,-0.7680749276427737
1.2290571063581253,1.186566151834473,0.04249095452365226
2.417418067579765,2.3370180701007968,0.0803999974789682
1.101134996134255,0.9900412539933301,0.11109374214092482
2.177785633749567,2.107446802497849,0.07033883125171814
2.3370643918350567,2.2499347097237594,0.08712968211129724
1.822554938276636,2.058142939870624,-0.23558800159398818
1.7667133381701727,1.7427485234531648,0.023964814717007954
0.9438092456664232,0.8666582137402524,0.07715103192617079
0.1947578386546833,0.2663895604007346,-0.07163172174605129
0.2327691866313268,0.2915752326739139,-0.05880604604258707
1.1078755907925686,1.124165124985432,-0.016289534192863497
2.3937016631275414,2.016798785512642,0.37690287761489927
0.8193229850231157,0.8666582137402524,-0.04733522871713669
0.4581609285340972,0.6289923984665902,-0.17083146993249299
2.404601443933676,2.171981103933935,0.23262033999974108
1.4170252115299629,1.240505914805623,0.17651929672433986
0.9523807863428914,1.20707160304724,-0.25469081670434857
0.5785332112169316,0.5316276837536755,0.04690552746325605
2.0778928234817307,1.9688986324878535,0.1089941909938772
0.3732773569736373,0.4384390198524132,-0.0651616628787759
1.5837362568820557,1.3735225801739055,0.21021367670815017
1.9755406670624087,1.9734645645443938,0.002076102518014933
0.8235183382271508,0.8513064042548664,-0.027788066027715552
0.7255785378554833,0.665496529775002,0.060082008080481364
0.4489745514463416,0.5056858463966359,-0.056711294950294366
2.2757254336148987,2.4909992946348796,-0.21527386101998092
1.4523511716588784,1.5401285182228392,-0.08777734656396086
0.215775293056142,0.2782974933458358,-0.06252220028969382
1.509020087923003,1.4363863475408127,0.07263374038219017
0.1085722606655562,0.3032630869366185,-0.19469082627106232
2.3334929171861143,2.2560295563855943,0.07746336080051996
0.8378404066639793,0.824392157775187,0.013448248888792258
0.81765026867335,0.737585049822868,0.08006521885048201
0.133491213027946,0.45843564181411467,-0.3249444287861687
0.949677315220224,1.0218353246543939,-0.07215800943416983
1.1443950566878447,1.0218353246543939,0.12255973203345083
0.7835675435700463,0.7191171127026087,0.06445043086743762
2.066210933692611,1.9937977896709662,0.07241314402164489
2.5197928268269214,2.5096914163238324,0.010101410503088992
0.8012033984689274,0.7453610571042032,0.05584234136472421
0.1770722542433838,0.4206267624700093,-0.2435545082266255
1.2411051847432728,1.240505914805623,0.0005992699376498045
2.073584448037152,1.0230210790179186,1.0505633690192335
0.3186563880522797,0.30569712263208737,0.012959265420192323
1.0337606955354308,0.9083025891630574,0.12545810637237342
1.6858804526015632,2.006576302898922,-0.3206958502973587
0.8549608841764096,0.7609432384929463,0.09401764568346327
0.3440545509980743,0.377670611877022,-0.033616060878947696
0.4680706424422787,0.4412857594133688,0.02678488302890991
0.6132805019907733,0.5843881106286868,0.028892391362086545
1.19562990528789,1.3529860599385757,-0.15735615465068564
1.954468963089301,1.990103519298917,-0.035634556209615864
1.0786347012888986,1.0577649327753598,0.020869768513538833
1.6523899593095377,1.3859309777128939,0.26645898159664383
1.826533289143387,1.9196019448935087,-0.09306865575012169
1.2744916981917274,1.4560912976130438,-0.18159959942131643
1.5181657773889776,1.3773172626077141,0.14084851478126348
0.7078206195849238,0.665496529775002,0.04232408980992186
0.6219198557077665,0.5863397433270587,0.035580112380707796
2.2994508786919203,2.2280199905971125,0.0714308880948078
1.880322421847852,1.828599935088919,0.051722486758932984
0.8506253843257573,1.0026950810433797,-0.15206969671762238
2.43999521659678,2.171981103933935,0.26801411266284525
1.422278444925644,1.0924443644955202,0.32983408043012385
1.4807421404048768,1.3279053621317085,0.15283677827316833
1.282041525985931,1.2409756395613625,0.04106588642456854
0.0042851799035155,0.15836357639409168,-0.15407839649057617
1.0776536757752473,1.1733222712656113,-0.095668595490364
0.3116626255194755,0.3554335031625301,-0.043770877643054595
1.7000578535730395,1.3731069952807071,0.3269508582923324
1.859047279765839,1.828599935088919,0.030447344676920007
1.2778461725287285,1.385053654460771,-0.10720748193204255
1.9542474411991213,2.340549430552379,-0.38630198935325755
2.030598651837034,2.0061366046249636,0.02446204721207046
2.6656175225335352,2.579772516228333,0.08584500630520209
0.7221110420374411,0.6754023757979021,0.046708666239539065
0.3570384462031896,0.32677585658372627,0.03026258961946332
0.3669798060956825,0.3999265188317668,-0.032946712736084294
2.482134105496437,2.362748802633143,0.1193853028632943
2.038583989388819,2.4364206376524473,-0.3978366482636284
0.3159529169296123,0.4338500673832152,-0.11789715045360288
0.7501358216810762,0.6640504985013849,0.08608532317969131
0.1235814991197646,0.32865491044820455,-0.20507341132843995
1.2733840887408308,1.1755426230077204,0.09784146573311037
0.2502739367742279,0.26139917869563384,-0.01112524192140596
0.2086865925704037,0.3842816240420833,-0.17559503147167962
2.2591565000387974,2.452862101017611,-0.1937056009788134
1.4682917061143197,1.3386967075902385,0.12959499852408118
2.1934820419679872,2.2001781318430975,-0.006696089875110278
2.0182039754923218,1.9078892795202147,0.11031469597210708
2.0870339913694678,2.0488881783563953,0.038145813013072516
1.0622194770687872,1.0000897951512984,0.0621296819174888
2.301367721531874,2.2001781318430975,0.10118958968877667
0.2156261047720549,0.42011375806648266,-0.20448765329442775
0.2488453466614831,0.37693961943373755,-0.12809427277225444
1.0552392772453552,0.8221892403328991,0.23305003691245607
0.0820393633564563,0.16235628331793106,-0.08031691996147476
1.99795054553307,1.766654291878441,0.23129625365462902
1.9758300024994493,1.5109875407229456,0.4648424617765037
1.1005563267791816,1.0577649327753598,0.042791394003821814
1.0342986772687237,1.0027770814703256,0.03152159579839808
1.1302493017006796,1.6491501925196723,-0.5189008908189927
2.153807018266376,1.981427337314037,0.17237968095233902
1.9124114499395413,2.1452475671594815,-0.23283611721994024
1.246503989666786,1.1244909929013314,0.12201299676545463
1.0066084409963088,0.8758710617157289,0.13073737928057982
1.9542022330117732,1.6848272877710866,0.2693749452406866
1.2387000899356115,1.1477932963853459,0.09090679355026565
1.089091438567842,1.0859651257170033,0.0031263128508387528
1.3877210300576703,1.3864406795280868,0.0012803505295835294
0.3246691250714326,0.3830980450784024,-0.05842892000696981
1.44405088213184,1.3825703364005697,0.061480545731270375
0.1598251927937083,0.3842816240420833,-0.22445643124837503
1.1741739279248071,1.0866743921081254,0.08749953581668168
0.4545080778820897,0.7128823512250427,-0.25837427334295304
0.8532113134018167,0.8513064042548664,0.0019049091469502955
1.2821816723793809,1.31002954189201,-0.027847869512629186
0.7577444203720003,0.71991681457678,0.037827605795220265
0.0722969210073011,0.19341325182495545,-0.12111633081765434
0.1274151840401705,0.25194234394974907,-0.12452715990957858
1.6955731654383004,1.5386911892448427,0.15688197619345767
0.9786740784868728,1.0762782845146683,-0.09760420602779551
2.396450342184389,2.632557141628749,-0.23610679944435997
1.2412001226962068,1.2368746405877198,0.004325482108487044
2.015577358794481,1.8521233069187995,0.16345405187568174
2.1287433986918014,2.3754627178806427,-0.24671931918884127
2.0402793103385943,1.9719005889440018,0.06837872139459256
2.692692922900999,2.770540763347255,-0.07784784044625637
1.8589749446407395,1.7130162396798299,0.14595870496090968
1.0051210797336765,0.9188105706292264,0.08631050910445004
0.2376743141995831,0.2782974933458358,-0.040623179146252714
1.8866787431161909,1.8235666236011945,0.0631121195149964
0.1684283797076557,0.20830500625910486,-0.03987662655144916
1.4438881313915484,1.3864406795280868,0.05744745186346156
0.8090742069249794,0.8679200195639803,-0.058845812639000905
0.9185286250204044,0.7894434043343873,0.12908522068601713
2.2856125429230705,2.3048119439083568,-0.019199400985286275
0.0494439995157852,0.19205926735856887,-0.14261526784278367
2.091939118937724,2.0402417963657387,0.05169732257198545
0.0293307159499828,0.2957587901280847,-0.2664280741781019
0.8688218253047727,0.9746498299152335,-0.10582800461046082
1.0221782652774836,0.9900412539933301,0.03213701128415347
1.2459831871459526,1.131262436561717,0.11472075058423559
2.070736309449132,2.1113590016052903,-0.040622692156158546
0.6796737770759459,0.9843819066346746,-0.3047081295587287
2.468784021695294,2.3811699314613772,0.08761409023391664
2.010260833430177,2.0565059824320073,-0.0462451490018303
0.3238734546449146,0.39732410048473,-0.07345064583981536
0.7268443772279366,0.820653620293484,-0.09380924306554739
0.316603919890778,0.44186840135925465,-0.12526448146847663
1.578175605280731,1.359924737126524,0.21825086815420702
0.8080750978832211,0.9132517264995862,-0.10517662861636512
1.5389707515377262,2.523452552134959,-0.9844818005972327
1.0380238617799908,1.3864406795280868,-0.34841681774809596
1.2790487199325589,1.2580063800424213,0.021042339890137596
1.3768348114545723,1.3568939150292858,0.019940896425286514
1.5658065462337352,1.2528818056942217,0.31292474053951347
2.0007353921524667,2.013099730373834,-0.012364338221367177
2.199978509376608,1.9351225529267027,0.26485595644990556
0.8639166977365165,0.7749029495984958,0.08901374813802065
1.922447748544472,2.1354557598933104,-0.2130080113488384
2.484792368178589,2.4420102181253585,0.042782150053230605
0.8577140848114954,0.820653620293484,0.03706046451801137
1.329564752530913,1.8390994120848354,-0.5095346595539223
1.393182222887326,1.1747018954180688,0.21848032746925727
2.037444733953611,1.924179104168991,0.11326562978461996
0.1172613438949679,0.15836357639409168,-0.041102232499123786
2.2323839973114112,2.3592232027518865,-0.12683920544047522
1.6017428219552032,1.644609675362563,-0.04286685340735974
0.1105614368584353,0.15736452333531376,-0.04680308647687846
2.4795074887985966,2.4798842805533594,-0.00037679175476279525
1.3788918004348087,1.454097721370135,-0.07520592093532619
1.0834855785260018,0.9453074045108335,0.1381781740151683
1.745157902035421,1.6520471378587707,0.09311076417665043
1.055723008647495,0.9831400348445632,0.07258297380293166
1.2860198781185217,1.4363863475408127,-0.15036646942229104
0.3329513313235319,0.37451264321676847,-0.041561311893236585
0.3081182752766065,0.3842816240420833,-0.07616334876547681
0.9659117051719366,1.0090850037658452,-0.043173298593908616
0.921096470568357,0.9132517264995862,0.007844744068770781
0.5612002534517916,0.5317374662176585,0.029462787234133092
0.3670747440486164,0.3926573866850849,-0.025582642636468478
1.5990800384543165,1.8390994120848354,-0.24001937363051895
0.727522505354679,0.71991681457678,0.007605690777898966
1.286996382813438,1.097230644630641,0.18976573818279707
0.5581911725016079,0.5569737854508197,0.0012173870507882212
1.7333675123434993,1.42734789604569,0.30601961629780927
0.8023607374322423,0.9843819066346746,-0.18202116920243228
0.909414581538741,0.8588639071175588,0.05055067442118222
1.260883924937855,1.0434217445111384,0.2174621804267165
1.09220178692099,1.2138069862702592,-0.12160519934926928
0.0714379586121604,0.16235628331793106,-0.09091832470577066
2.3652021934660685,2.121473266416209,0.2437289270498595
0.923411148241819,0.9403254884620447,-0.016914340220225643
2.2218775305200498,2.1156953577215205,0.10618217279852926
0.3747963642205812,0.43722799835705106,-0.06243163413646985
0.1204575883104124,0.1880191348084864,-0.067561546498074
0.372771021224656,0.4754608165461295,-0.10268979532147349
2.1125044871618504,1.9937977896709662,0.11870669749088414
2.096274618788376,2.016798785512642,0.07947583327573371
1.6812149301984256,1.562142895177813,0.1190720350206127
2.434981588872554,2.6293060092688076,-0.19432442039625375
1.6338363708656278,1.562142895177813,0.07169347568781492
1.7054105457403894,1.5437846912463167,0.16162585449407274
1.65571730873413,1.7451889620688077,-0.08947165333467777
2.4869126491274485,2.8648496983101337,-0.3779370491826852
1.0470836549305012,1.1644193665090072,-0.11733571157850609
1.8700691229309805,1.9096788272411676,-0.039609704310187066
1.480000720309512,1.4898258996709626,-0.009825179361450553
1.4204520194730563,1.347532963505382,0.07291905596767423
2.1302307599544346,2.006576302898922,0.1236544570555127
2.4857101017236176,2.452862101017611,0.0328480007060068
0.170679765412495,0.25285123933729603,-0.08217147392480104
0.5678911188508546,1.5707055666003384,-1.0028144477494838
1.1448245380119992,1.3859309777128939,-0.24110643970089463
1.251986882527636,1.4029522209575034,-0.15096533842986748
0.8332833849231478,1.4674178378705052,-0.6341344529473574
1.8809236955497668,1.8641234955080739,0.016800200041692914
1.2234150795132388,1.0000897951512984,0.22332528436194043
1.081641069798475,1.0116373010350266,0.07000376876344849
0.4963169439760931,0.6869390131003621,-0.190622069124269
0.7491231501831137,0.6814855901111319,0.06763756007198185
1.3744839669780642,1.1811191088818462,0.19336485809621795
1.9715261486331084,1.6890809881219366,0.28244516051117174
1.193034934574361,1.131262436561717,0.06177249801264395
1.374619592552779,1.4797910333999005,-0.10517144084712138
1.6157529513676534,1.4271494710931347,0.18860348027451868
1.732391007648583,1.476613514018042,0.2557774936305408
1.4372153495205922,1.5515982310876482,-0.114382881567056
1.581285953633879,1.5515982310876482,0.029687722546230866
0.4149656670574869,0.5516949815541554,-0.13672931449666853
2.484733597788205,2.5096914163238324,-0.024957818535627396
0.9566123066031402,0.950096875818481,0.006515430784659215
0.8441379575419344,0.7609432384929463,0.08319471904898812
0.8939170908636581,0.8684408248294406,0.025476266034217487
0.7910676418518318,0.9408831357254206,-0.14981549387358883
2.194892546527282,2.3370180701007968,-0.14212552357351482
1.724723637807771,1.6327139529395078,0.09200968486826322
2.232469894639547,2.4141952166710183,-0.1817253220314714
2.1780388016240573,2.1452475671594815,0.03279123446457577
1.9630992761814965,1.8072218730567406,0.15587740312475584
1.550223159496356,1.2368746405877198,0.31334851890863624
1.8076542002315656,1.821968877915509,-0.014314677683943344
1.7361433173254268,1.3773172626077141,0.3588260547177127
0.2641620030681674,0.5317374662176585,-0.2675754631494911
2.0359257267066675,1.7177180365423035,0.318207690164364
1.4152530364085285,1.3529860599385757,0.06226697646995283
1.316327689451307,1.3423643153778058,-0.026036625926498802
1.8368091934197712,1.9734645645443938,-0.13665537112462256
0.4406561783911963,0.43722799835705106,0.003428180034145245
0.5815260172703038,0.6043579611387739,-0.022831943868470095
2.054131208310481,2.0565059824320073,-0.002374774121526535
0.2670417876404986,0.4356028010223941,-0.16856101338189555
1.7798780676436865,1.6214097191671497,0.1584683484765368
2.049140185945767,1.990103519298917,0.059036666646850255
2.272669335339736,2.3137751562518556,-0.04110582091211956
2.4444437381816417,2.3332735903087523,0.11117014787288948
1.044244557979951,0.9696855044339723,0.0745590535459788
1.1430975713310805,1.6243571976572524,-0.4812596263261719
1.663167677503497,1.3735225801739055,0.2896450973295914
2.2763764370824,2.16766808937442,0.10870834770798021
0.1965300137761178,0.2915752326739139,-0.09504521889779607
1.072400442379566,0.9453074045108335,0.1270930378687326
0.1774203600708086,0.37541700979625203,-0.19799664972544342
0.3385933581684183,0.3873342910953513,-0.04874093292693299
1.7936124248348042,1.7203324061785699,0.07328001865623435
2.090736571533893,1.990103519298917,0.10063305223497587
0.6530278582858051,0.8004832291250658,-0.14745537083926064
2.304514236181733,2.1156953577215205,0.1888188784602125
1.770764024162023,1.65880857342103,0.111955450740993
1.886746556663052,2.010267299845051,-0.1235207431819989
1.1753855169661074,0.9025927935829555,0.27279272338315186
2.100483534701783,1.9196019448935087,0.1808815898082743
1.0016400214594297,0.9907297496603638,0.010910271799065896
2.0993759252508863,2.340549430552379,-0.2411735053014925
1.818070249129225,1.8048927220816646,0.013177527047560478
0.4767723840654149,0.5785435466131446,-0.10177116254772967
1.2834158657675223,1.0434217445111384,0.23999412125638386
0.9487912276595066,0.8513064042548664,0.09748482340464026
0.8000460597587803,0.8054637568493082,-0.005417697090527862
1.7891006115344883,1.5259525564463063,0.26314805508818195
1.540476196328466,1.1110821890367402,0.42939400729172594
1.5269271942244813,1.527565132274678,-0.0006379380501966292
1.9948808850548705,1.782066115857881,0.2128147691969895
1.6351745438441732,1.5878311752728962,0.04734336857127697
1.2792069498541154,1.1822036484342429,0.09700330141987257
1.4297468972231182,1.0924443644955202,0.337302532727598
0.6097723185509503,0.5656056097340267,0.04416670881692353
1.6741623965157335,1.562142895177813,0.1120195013379206
0.3943264573594074,0.5496208706487973,-0.15529441328938987
0.6161602865631043,0.6357121388303236,-0.01955185226721934
1.4996212305825374,2.016798785512642,-0.5171775549301048
0.2553960654139286,0.4860712680240725,-0.2306752026101439
0.4969498636623197,0.48542898479566,0.0115208788666597
2.1795578088710017,2.5780324995119415,-0.39847469064093977
2.003678468693421,1.8935185179814344,0.11015995071198637
0.2036910478679482,0.26139917869563384,-0.05770813082768564
1.4478484002491996,1.6890632957729768,-0.24121489552377717
2.619319447486058,2.6221060968461227,-0.0027866493600647857
2.481044579826816,2.3754627178806427,0.10558186194617347
2.041291981836557,2.121473266416209,-0.0801812845796519
1.4641777281538464,1.5240801726631663,-0.05990244450931992
0.7865558285515158,0.7208126522689319,0.06574317628258397
2.017286241947293,1.726363164826243,0.2909230771210498
2.332145702063764,2.1373779545122638,0.1947677475515004
0.6267345661418237,0.6233256160294033,0.0034089501124203725
1.0385392391664416,1.0218353246543939,0.01670391451204778
2.3263228409504797,2.173529454172262,0.15279338677821785
1.675247401872956,1.40435400333526,0.270893398537696
0.2216659669567844,0.2915752326739139,-0.06990926571712949
1.9641119476794584,1.8660479658564746,0.09806398182298381
0.2592071459874928,0.3807412742187981,-0.12153412823130533
0.5985334733016928,0.7907012690773288,-0.19216779577563603
1.3699676328590134,1.2734998043635068,0.0964678284955065
0.5238109751457777,0.5569737854508197,-0.03316281030504198
2.415112432303276,2.3031620891998505,0.11195034310342544
0.4836269042672493,0.5368676492443869,-0.0532407449771376
1.2068958757027235,1.3315413027002445,-0.12464542699752101
0.0696024915221031,0.23656161752960808,-0.16695912600750498
1.8775375752284549,1.036371677490478,0.8411658977379768
0.2096992640683664,0.3830980450784024,-0.173398781010036
1.8219039348091344,2.3731014371098054,-0.551197502300671
2.433123516422983,2.318937645161017,0.11418587126196611
0.8758155878375767,0.9132517264995862,-0.037436138662009455
0.3308174876653004,0.3740198881934197,-0.0432024005281193
2.2567378430281,1.6572755509527586,0.5994622920753414
2.259124854054486,2.205624301413038,0.05350055264144826
0.4308911319483671,0.43413837104434655,-0.0032472390959794595
2.511533224921664,2.4642359831802283,0.04729724174143568
0.8068273420388747,0.928296227449245,-0.12146888541037026
1.4111707044323667,1.605314602804948,-0.1941438983725814
1.2879728875083545,1.3386967075902385,-0.05072382008188403
0.0827039290269943,0.18763376718880975,-0.10492983816181545
1.759082135132407,1.7395268323543254,0.019555302778081707
0.9710428754491072,0.9186159385753527,0.05242693687375444
1.8162980740077903,1.3737444649433852,0.4425536090644051
1.0412427102891095,0.9696855044339723,0.07155720585513725
2.543070709077025,2.4895798523586423,0.053490856718382496
0.2214127990822937,0.2782974933458358,-0.05688469426354212
0.587647254698595,0.6349032357143796,-0.04725598101578454
1.882917392561381,1.4429018412163312,0.44001555134504966
0.8083282657577118,1.5707055666003384,-0.7623773008426267
1.1387846758272695,1.1660600455910761,-0.027275369763806623
1.3573770519218384,1.1932141684221307,0.16416288349970776
1.6081036648017808,1.454097721370135,0.15400594343164586
0.1456794378065434,0.3824000701792152,-0.23672063237267177
0.5353771302537453,0.6657495754120701,-0.1303724451583248
1.3163638562543534,1.131262436561717,0.18510141969263638
0.6011646108182682,0.5220179556120887,0.07914665520617947
0.1601100066525104,0.19205926735856887,-0.03194926070605847
0.3632591424031498,0.3999265188317668,-0.03666737642861695
0.5949574770745124,0.608294709605499,-0.01333723253098662
0.7080285790188988,0.6200633157808249,0.08796526323807397
0.4315692600751095,0.44186840135925465,-0.010299141284145163
0.6484391905606621,0.5714586754969501,0.07698051506371206
0.1279215197891517,0.20830500625910486,-0.08038348646995316
2.1194846874916182,1.990103519298917,0.1293811681927013
1.248551032693905,1.1734165277946251,0.07513450489927997
1.7398413766711178,1.8072218730567406,-0.06738049638562282
0.7925866490987757,0.8872618360253028,-0.0946751869265271
1.5358242366347004,1.527565132274678,0.008259104360022418
1.6440851489637642,2.3731014371098054,-0.7290162881460411
0.589482721788652,0.6036157359626644,-0.01413301417401236
1.392309697782813,1.8390994120848354,-0.4467897143020223
0.9303551812622048,1.097230644630641,-0.16687546336843617
0.6802253212654431,0.6359394959671032,0.04428582529833991
1.2127820287846314,1.235950780469083,-0.02316875168445165
1.5848755123172638,1.755066769416599,-0.17019125709933514
1.7775362648046482,1.6520471378587707,0.12548912694587755
1.021965785024774,0.9761844897961991,0.04578129522857499
0.8551191140979663,1.0708850344252123,-0.21576592032724606
2.5747302555913927,2.770540763347255,-0.1958105077558625
2.388240470044717,2.3754627178806427,0.012777752164074396
1.8219039348091344,1.4340595772171383,0.3878443575919961
0.4770761855148037,0.5569737854508197,-0.07989759993601597
0.7724869282423455,0.8564733624670366,-0.0839864342246911
1.2705992421214334,1.218072172965074,0.052527069156359296
2.2167734864211277,2.1452475671594815,0.0715259192616462
0.8574066666058517,0.7622824274993022,0.09512423910654955
1.6695330411688096,1.6568830873395644,0.012649953829245275
1.4297468972231182,1.359924737126524,0.06982216009659425
2.5128940022470507,2.4642359831802283,0.04865801906682243
0.5594823286615102,0.49960464324244935,0.0598776854190608
2.421057355775568,2.3592232027518865,0.06183415302368145
0.2989183354794785,0.466084329114253,-0.16716599363477452
1.956241138210735,1.4674178378705052,0.4888233003402298
1.3455685789549772,1.6072003195510607,-0.2616317405960835
0.3988111454941468,0.44186840135925465,-0.043057255865107835
2.2912771741147986,2.2401690013117106,0.05110817280308799
0.5260325232444331,0.6189067313929665,-0.09287420814853342
1.6352242733565916,1.65880857342103,-0.023584300064438457
0.1987813994809572,0.19764153505103937,0.001139864429917814
2.254061496564673,2.1452475671594815,0.10881392940519152
1.1905032558294544,1.131262436561717,0.05924081926773739
0.0908143426481646,0.26924067700769005,-0.17842633435952546
0.0841279983210042,0.14694518620646993,-0.06281718788546573
2.0552523824960924,1.6166925291562844,0.43855985333980807
1.7587204665956104,1.9087559505566314,-0.15003548396102095
2.016445362573924,1.860390430890763,0.15605493168316076
0.4287527674714009,0.4577628210223376,-0.02901005355093672
2.0965277866628664,2.0347683120975146,0.0617594745653518
0.2856496264155613,0.4338500673832152,-0.1482004409676539
0.7398327932517866,0.7391992943682224,0.0006334988835642319
1.7923556270998209,1.5437846912463167,0.2485709358535042
0.4825373783444596,0.5785435466131446,-0.09600616826868497
2.015902859262393,2.523452552134959,-0.507549692872566
1.136388622657078,1.3141373394155555,-0.17774871675847748
0.5222033591427621,0.5656056097340267,-0.04340225059126468
1.630002685945222,1.7099472560525049,-0.07994457010728295
2.2100735783719228,2.0347683120975146,0.17530526627440812
0.1825153635449329,0.3999265188317668,-0.21741115528683388
0.7819219523858572,0.71991681457678,0.06200513780907713
1.355677210406496,1.3386967075902385,0.016980502816257514
1.2886374531788922,1.3024350862667071,-0.013797633087814898
1.1922437849665777,0.9408831357254206,0.2513606492411571
2.090261881769223,1.5321055928536365,0.5581562889155864
1.36917648325123,1.667988315304842,-0.29881183205361195
2.046680839794281,1.9142310797739035,0.13244976002037756
0.0734000096394629,0.22848776911812468,-0.15508775947866177
1.5431028130263065,1.0116373010350266,0.5314655119912799
0.9776614069889104,1.0577649327753598,-0.08010352578644941
1.8788983525538416,1.6072003195510607,0.27169803300278095
0.5731217478996938,0.48542898479566,0.08769276310403384
0.2002054687749671,0.3446441854925796,-0.1444387167176125
1.4298192308292104,1.4745881808098495,-0.04476894998063918
1.7390095394415537,1.5546510910588842,0.18435844838266946
1.231733452568384,1.347532963505382,-0.11579951093699803
1.4046516316642326,1.2984221796144815,0.1062294520497511
1.5546671597561468,1.0924443644955202,0.4622227952606266
0.471664722197566,0.5043432362618847,-0.03267851406431871
1.8655934769400464,1.9056899829744196,-0.0400965060343732
0.8116194481260901,0.7313669934128676,0.08025245471322251
1.271137223854726,1.1863131877437743,0.0848240361109518
0.3329513313235319,0.3679442636234018,-0.03499293229986994
1.1523110735844122,1.8478160758853925,-0.6955050023009803
0.9512596144357904,0.7663395556469673,0.18492005878882312
0.9915133064798036,0.8968925559405174,0.0946207505392862
2.0322231465422416,1.9196019448935087,0.1126212016487329
0.6319516327344588,0.7952035095970185,-0.1632518768625597
2.0836162250638437,1.8131592279717565,0.27045699709208715
0.8142596275333027,0.8045108303564338,0.00974879717686894
0.4940022663026311,0.34205039432849277,0.15195187197413834
2.0434258249884527,2.204253345558019,-0.1608275205695664
0.9731269895949202,0.8999694865494354,0.07315750304548474
1.3438144873616495,1.2409756395613625,0.10283884780028707
1.449430699464766,1.4029522209575034,0.04647847850726272
1.6589361572432482,1.2000898909952797,0.4588462662479684
0.6059386336305442,0.665496529775002,-0.05955789614445772
1.3568029033854998,1.1435180006844525,0.21328490270104727
1.5182833196887533,1.5515982310876482,-0.033314911398894864
2.121654698206064,2.588411628904523,-0.4667569306984589
2.17364905042958,1.9351225529267027,0.23852649750287713
1.705763172386549,1.5401285182228392,0.1656346541637097
0.532235136169454,0.5272376048753873,0.004997531294066659
1.330948134203142,1.1811586099677551,0.14978952423538683
2.57283601811095,2.4798842805533594,0.09295173755759079
1.448512965919737,1.5020568068732019,-0.05354384095346476
0.5690122907579557,0.7166468389100794,-0.14763454815212373
1.5496761361255935,1.5020568068732019,0.04761932925239165
1.118314244796573,1.0446461371613351,0.0736681076352379
1.1495623937680612,1.035424048781554,0.11413834498650721
1.1419673575333418,1.1219836450619547,0.019983712471387083
0.4793230504009083,0.4255056046376028,0.053817445763305494
1.0797603942679022,1.3330312545073628,-0.25327086023946066
2.183047907770046,1.9217931133343664,0.26125479443567956
1.0705966212738205,0.9884616834903228,0.08213493778349767
1.1821125491682167,1.315290393770178,-0.13317784460196136
1.2138670338886863,1.1582990167868703,0.055568017101816025
0.9970197077499752,0.8205144201740837,0.17650528757589146
0.5890396780082935,0.6039699443878663,-0.014930266379572843
0.1316286207723123,0.18307631928394413,-0.051447698511631834
2.4352935271374285,2.3376889554434,0.09760457169402859
1.3361697216145116,1.3299308946903325,0.006238826924179097
1.7042170399740284,1.4905433426406907,0.21367369733333774
1.505317507758577,1.4797910333999005,0.0255264743586765
2.519851597217306,2.4790493786179555,0.040802218599350404
2.049501853976228,1.890350476448224,0.15915137752800423
1.443237128177215,1.7099472560525049,-0.2667101278752899
1.4221880277914447,2.062040049654577,-0.6398520218631323
0.6741990217900858,0.7907012690773288,-0.11650224728724301
1.349967370774252,1.463521756494656,-0.113554385720404
1.2470546297938032,1.1734165277946251,0.07363810199917808
2.3682402079599565,2.2909862063238196,0.07725400163613694
1.62139497821254,1.5109875407229456,0.11040743748959447
1.6070277013351957,1.9217931133343664,-0.31476541199917074
0.8623976904895725,0.9698506550728098,-0.10745296458323728
1.5551734955051282,1.3856980406014872,0.16947545490364102
2.061020992265553,1.8641234955080739,0.19689749675747903
1.7306685620395663,1.5456654292434955,0.18500313279607083
2.129213566878233,2.3465721376521156,-0.21735857077388276
1.5261722114197445,1.6951917787088064,-0.16901956728906198
2.232686894951488,2.4335811095875837,-0.20089421463609547
0.7171426225005623,0.7952035095970185,-0.0780608870964562
2.320102144244183,2.579772516228333,-0.25967037198415
1.9175290587731797,1.6568830873395644,0.26064597143361534
0.3876717590165583,0.3973085475367318,-0.009636788520173467
2.421947964914524,2.3878388675539455,0.034109097360578655
1.458427200646654,1.3156979191169889,0.14272928152966524
1.1310811389302438,1.3511181996624384,-0.22003706073219464
1.265947282427668,1.2475539409251075,0.018393341502560556
1.1482558667738272,1.150987242441903,-0.0027313756680757972
1.45094970671171,1.4578319775684532,-0.006882270856743089
2.504227524123985,2.4335811095875837,0.07064641453640119
2.3922911560365683,2.4364206376524473,-0.04412948161587904
1.170900829084536,1.1863131877437743,-0.01541235865923829
2.032865106853266,1.4898258996709626,0.5430392071823034
2.0412422520709708,2.588411628904523,-0.5471693768335522
2.2665300143833376,2.39852675735271,-0.13199674296937225
0.0866596770659107,0.25623015032209234,-0.16957047325618163
1.5242146812111763,0.790444345850239,0.7337703353609373
1.1085718024474178,1.0708850344252123,0.0376867680222055
1.5193321579897618,1.3568939150292858,0.16243824296047604
1.8183234170037157,1.7772696481057342,0.04105376889798151
1.5999118756838808,1.6673340609830494,-0.06742218529916855
0.3067891439355305,0.37541700979625203,-0.06862786586072156
1.7091176467235498,2.0988090235678207,-0.3896913768442709
1.1258731142282463,1.218072172965074,-0.09219905873682777
0.993140814135886,1.4674178378705052,-0.4742770237346192
1.2870551539633257,1.5472545596534903,-0.26019940569016464
2.1187251838681465,1.924179104168991,0.19454607969915538
1.620635474589068,1.457488743431764,0.16314673115730405
2.141718252259448,2.0488881783563953,0.09283007390305276
1.0283808782025046,1.1079534304896335,-0.0795725522871289
0.3812521450200928,0.3435761333508646,0.03767601166922818
1.4479749841864449,0.8564733624670366,0.5915016217194082
2.2839985977231927,2.3376889554434,-0.05369035772020725
0.0537794993664375,0.23656161752960808,-0.18278211816317058
2.375107386555515,2.3048119439083568,0.07029544264715826
0.0845936464482046,0.2695129411882645,-0.18491929474005991
1.724497595098857,1.6520471378587707,0.07245045724008636
1.9738769920969448,2.572282190956745,-0.5984051988598003
1.4287342257251554,1.6243571976572524,-0.195622971932097
0.3228969499499981,0.3973085475367318,-0.07441159758673366
1.6297495180707315,1.4490721055696307,0.1806774125011008
0.5090386296692482,0.5362590232265577,-0.02722039355730954
0.2476427992576524,0.31161609344106755,-0.06397329418341516
1.032128666807446,0.9094639489674701,0.12266471783997601
1.4106643686833855,1.262379874479525,0.14828449420386058
0.7623647340814544,0.7488729606413852,0.013491773440069244
0.9690446576187586,0.9436452371876389,0.025399420431119646
2.213952472239181,2.2499347097237594,-0.035982237484578405
0.0791324536185486,0.16235628331793106,-0.08322382969938245
1.0040134702827797,1.1218547050557948,-0.11784123477301511
2.1365192702075912,2.062040049654577,0.07447922055301426
0.7308769796916799,0.7330675785108064,-0.0021905988191265324
1.8902954284841595,1.8521233069187995,0.038172121565360095
0.6147271756316249,0.5513863395434156,0.06334083608820928
0.8853636334621293,0.864205228831373,0.021158404630756356
0.2653012585033753,0.31161609344106755,-0.04631483493769223
1.1314202031201988,0.6670700182537066,0.46435018486649215
1.1225095980006077,0.7098101724997419,0.4126994255008658
0.7844219851464522,0.7208126522689319,0.06360933287752035
1.0967994962836023,0.9083025891630574,0.1884969071205449
2.437861373444885,2.363514949896423,0.07434642354846188
2.0250892378691554,1.9053967351784147,0.11969250269074072
2.1092178263717107,2.1113590016052903,-0.0021411752335795953
1.2439533233312927,1.1917779761320426,0.0521753471992501
1.6757944252437182,1.9719005889440018,-0.29610616370028353
2.2225240124093126,2.1354557598933104,0.08706825251600225
1.295206255459445,1.2409756395613625,0.054230615898082535
1.3854063523842084,1.0849214231071111,0.30048492927709725
2.484914430537596,2.37042031504072,0.11449411549687616
2.064113258103265,1.9053967351784147,0.15871652292485017
0.2050653879027077,0.34205039432849277,-0.13698500642578507
2.3161825637678164,2.130554881877515,0.18562768189030132
1.846239696744548,1.7564015886056583,0.0898381081388897
2.5191915531250064,2.8648496983101337,-0.3456581451851273
0.7754887759331874,0.6754023757979021,0.10008640013528536
0.8460502790568185,0.8588639071175588,-0.012813628060740268
1.8610816633865623,2.3370180701007968,-0.47593640671423443
1.3522051940228872,1.3825703364005697,-0.030365142377682508
0.5246717459190459,0.49035633942492246,0.0343154064941234
1.6678331996534672,1.6319920497696845,0.03584114988378273
0.5515798742211468,0.49405418651300737,0.057525687708139484
2.637972494448469,2.770540763347255,-0.13256826889878637
1.3534710333953404,1.035424048781554,0.31804698461378633
1.6051605882608269,1.4870610950724619,0.11809949318836499
2.471152948940405,2.374316468148784,0.09683648079162088
2.0112373373655905,1.3845671535396822,0.6266701838259083
1.858739860547524,1.6246702712116252,0.23406958933589883
1.2676109571399643,1.2676434704866968,-3.251334673248785e-05
0.8931892332244977,0.9746498299152335,-0.0814605966907358
0.852714019290305,0.7550478925233104,0.0976661267669946
2.003710114677732,1.766654291878441,0.23705582279929116
0.6879650249655149,0.7548339204746337,-0.06686889550911879
1.3887698683586789,1.6420894761012317,-0.2533196077425528
1.7555423057082729,1.658702466326771,0.09683983938150176
2.057286766116816,2.3944767039764603,-0.33718993785964413
1.450443370962729,1.4362742358863771,0.014169135076351758
1.9418331747242812,1.847948165970054,0.09388500875422712
0.1213391550523949,0.1753857110662074,-0.0540465560138125
1.6680140339218656,1.5456654292434955,0.12234860467837017
0.9875349540940456,0.9888775326753533,-0.0013425785813077074
0.4243811008177025,0.4412857594133688,-0.01690465859566631
1.928379109813727,1.828599935088919,0.09977917472480802
1.7234849236008944,1.385783114487805,0.33770180911308945
2.449760263545945,2.4895798523586423,-0.039819588812697315
1.913297537500259,1.6890632957729768,0.22423424172728224
0.7961942913102676,0.737585049822868,0.058609241487399655
1.026378139553421,0.9453074045108335,0.08107073504258755
0.1221031794946016,0.1753857110662074,-0.0532825315716058
1.3058528686442563,1.2204162066479782,0.08543666199627808
0.36406837553904,0.39983799145963794,-0.035769615920597964
2.3818751056199017,2.3944767039764603,-0.012601598356558608
1.7433857269139867,1.7164904734550566,0.02689525345893018
0.6470603297071679,0.7591668249971437,-0.11210649528997585
1.8463029887131703,1.7790281391571057,0.06727484955606466
1.170597931697627,1.092387268597133,0.07821066310049396
0.293601810115175,0.31161609344106755,-0.018014283325892555
0.3548910400887539,0.19767481415721205,0.15721622593154183
1.1103439775688524,1.8390994120848354,-0.728755434515983
2.0325757739479045,2.16766808937442,-0.13509231542651534
1.0702846822494418,0.9958105380107706,0.07447414423867127
0.4080879397161016,0.5162081100427497,-0.10812017032664811
1.2261275925265438,1.0723083144012535,0.15381927812529028
1.677693184302398,1.315290393770178,0.36240279053222
0.1874521370975005,0.41110313610888827,-0.22365099901138777
1.1453127902328737,1.09228578319562,0.053027007037253604
2.2893964988373936,2.2358689070421107,0.05352759179528288
2.1186890163055963,2.110228279852623,0.008460736452973183
1.355604876800404,1.3736243100621723,-0.018019433261768247
1.0088733894105202,0.8546073604145697,0.15426602899595043
0.6855915761421651,0.9009970835302883,-0.21540550738812314
1.6403825687993383,1.555403364142634,0.08497920465670439
2.183712473440584,2.3048119439083568,-0.12109947046777281
0.9149300244463824,0.7313669934128676,0.1835630310335148
2.038457405451574,1.9805692293054284,0.05788817614614539
0.8758788798061994,0.7663395556469673,0.10953932415923207
0.4643816249872252,0.7213692458702816,-0.25698762088305643
0.8154666957558683,0.7313669934128676,0.08409970234300068
1.982285783298961,1.890350476448224,0.09193530685073714
0.5539668857538689,0.4851516997892739,0.06881518596459496
0.1016643944482164,0.1875002170899741,-0.08583582264175771
1.3456951628922225,1.1582990167868703,0.18739614610535216
0.9064127338478994,0.6765959928600802,0.22981674098781923
2.0068973184683783,1.8944094803105604,0.11248783815781782
1.66775634522864,1.4905433426406907,0.17721300258794925
0.6932815503298183,0.6189067313929665,0.07437481893685183
1.8598158240141087,1.8121541744091634,0.047661649604945344
0.5628368029985112,0.6295301376525902,-0.066693334654079
1.6205088906518226,1.3773172626077141,0.24319162804410843
0.6634800747460141,0.6672925499644964,-0.0038124752184822697
2.0825719075815696,1.9311829234656235,0.15138898411594615
0.3250910716133063,0.31793543570479993,0.007155635908506375
1.3848276830291348,1.2126313531919195,0.17219632983721533
1.6099707778761494,1.4745881808098495,0.13538259706629985
1.2058832042047611,1.226664998338807,-0.020781794134045795
1.48019059621538,1.6319920497696845,-0.1518014535543044
0.5180532143792429,0.5496208706487973,-0.03156765626955438
0.8154666957558683,0.7569767969947112,0.058489898761157066
1.2306303639362222,0.790444345850239,0.4401860180859831
1.1556610271026786,1.1244909929013314,0.03117003420134723
0.7930613388634457,1.1218547050557948,-0.3287933661923491
2.1653894485243232,1.981427337314037,0.18396211121028627
0.1231474969768756,0.20157896845965823,-0.07843147148278262
1.5604900208694314,1.773006799633141,-0.21251677876370945
0.8175508099016814,0.7550478925233104,0.06250291737837099
0.3968852612698905,0.3065988845543966,0.09028637671549389
1.5442737144458258,1.1435180006844525,0.4007557137613733
1.110176706009826,1.1343965498461712,-0.024219843836345234
1.127934624027218,1.1110821890367402,0.016852434990477727
0.313624676546778,0.433349449522272,-0.119724772975494
0.3426756901445801,0.5793777538235668,-0.23670206367898672
0.6574763796174987,0.8054635142095502,-0.14798713459205148
1.946354028902564,1.872520050873429,0.07383397802913505
1.481994417321126,1.422376090180147,0.05961832714097892
2.0728565903979908,1.7210055903529595,0.3518510000450312
1.2644915671493464,1.6491501925196723,-0.3846586253703259
2.13181758074824,1.9937977896709662,0.1380197910772738
1.735004061890219,1.6673340609830494,0.06767000090716957
2.343556340197118,2.291338712375394,0.05221762782172412
1.5533877579274893,1.2578017305076976,0.2955860274197917
0.8593958427987308,0.8457994982152557,0.01359634458347514
1.5755354261266863,1.385783114487805,0.1897523116388813
2.6685289530901777,2.588411628904523,0.08011732418565476
1.092717164307441,0.9698506550728098,0.12286650923463116
2.061274160140044,1.9937977896709662,0.06747637046907773
1.2289214807834103,0.7098101724997419,0.5191113082836685
1.2035594848938296,1.1079534304896335,0.09560605440419612
0.5593919115273109,0.6295301376525902,-0.07013822612527931
2.4876269445635724,2.3031620891998505,0.1844648553637218
1.1031286931458688,1.4797910333999005,-0.37666234025403167
2.117888826073015,2.006576302898922,0.11131252317409324
0.835593541777875,0.867665777356187,-0.03207223557831196
1.668592703276939,1.6188115362395925,0.049781167037346474
0.907823240432537,1.09111688490765,-0.18329364447511298
0.5397894847823926,0.5316276837536755,0.008161801028717108
0.3984992064697684,0.4243100411814036,-0.0258108347116352
1.2569417393551428,1.1110821890367402,0.1458595503184026
1.886904786584609,1.8033502805049684,0.08355450607964054
2.058014623755976,1.8856422886925768,0.17237233506339944
0.3716317657894482,0.40705893397826154,-0.03542716818881336
0.9745827048732416,0.9295199114779568,0.04506279339528485
1.407658000173809,1.5080971258181106,-0.10043912564430157
1.3867716505283303,1.5054368264234295,-0.11866517589509917
1.4340145842864132,1.3731069952807071,0.06090758900570603
1.1173060941173452,1.0090850037658452,0.10822109035149996
0.3222821137918785,0.3830980450784024,-0.060815931286523905
1.4857602894541744,1.3529860599385757,0.1327742295155987
0.8055615026664215,0.8292524149089051,-0.023690912242483653
1.7847199032433203,1.68370278902544,0.1010171142178804
2.0318162703244327,2.091580486836328,-0.05976421651189545
1.5498208033377785,1.6214097191671497,-0.07158891582937121
2.2127318410540746,2.0347683120975146,0.17796352895655998
0.1644455065031628,0.26924067700769005,-0.10479517050452725
2.1014962061997453,1.990103519298917,0.11139268690082837
0.5868877510751229,0.5714586754969501,0.015429075578172857
0.3140677203271367,0.28530718141063444,0.028760538916502265
2.223862186906865,2.2468456173810205,-0.02298343047415541
2.4051303850421704,2.3878388675539455,0.017291517488224883
1.1888395811171582,1.0840613584696357,0.10477822264752246
0.7538971727422221,0.8205144201740837,-0.06661724743186159
1.0073543821635762,1.0786805041296499,-0.07132612196607369
1.650653951244317,1.6848272877710866,-0.03417333652676957
0.5573665685313857,0.6869390131003621,-0.12957244456897643
0.130837471164529,0.1880191348084864,-0.05718166364395738
1.3559484618090936,1.0866743921081254,0.2692740697009681
1.1474330711817324,1.060767863980543,0.08666520720118953
1.7842452134786504,1.6963736591652157,0.08787155431343474
2.420971458447432,2.353157275540406,0.06781418290702579
0.3554471053501535,0.6189067313929665,-0.263459626042813
1.895132742505555,2.0347683120975146,-0.13963556959195955
1.888645315721732,1.7564015886056583,0.13224372711607368
2.0029189650699486,1.6572755509527586,0.34564341411719
0.1968826404222773,0.2526650373184599,-0.05578239689618261
1.1734144243013356,1.0672893369789627,0.10612508732237291
1.1774470267650787,1.0000897951512984,0.17735723161378036
2.5688576647125214,2.500345796978239,0.0685118677342822
0.8732477422896243,0.7959102460338179,0.07733749625580644
0.3738198595256647,0.6765959928600802,-0.3027761333344155
1.2803462052893235,1.3856980406014872,-0.10535183531216363
0.5205125595180571,0.5851784238701199,-0.06466586435206279
2.434172355483496,2.344189143749995,0.0899832117335011
1.632787532564619,1.1435180006844525,0.48926953188016653
0.7886535054067011,1.3386967075902385,-0.5500432021835374
2.257099511058561,1.990103519298917,0.26699599175964406
1.5183918200978916,1.3151209992468806,0.203270820851011
0.999836200353684,0.9008609029370713,0.0989752974166127
2.191244217706681,1.9351225529267027,0.2561216647799782
2.044149161049375,1.6072003195510607,0.4369488414983145
1.2897767086141003,1.2580063800424213,0.03177032857167905
2.3543521424255203,2.353157275540406,0.0011948668851142763
1.0197731704698223,1.124165124985432,-0.10439195451560979
0.224667814647626,0.25285123933729603,-0.028183424689670028
0.6212372065091215,0.4851516997892739,0.1360855067198476
1.3374129566401232,1.3141373394155555,0.023275617224567613
0.4213159611582381,0.4917776948205856,-0.07046173366234748
1.266417451373603,1.131262436561717,0.13515501481188608
1.3418976447748627,1.3254532698037784,0.016444374971084308
2.428928165244292,2.374316468148784,0.05461169709550795
2.1614969924540293,2.130554881877515,0.030942110576514192
2.330739716551029,2.16766808937442,0.16307162717660928
2.21380780452066,2.4141952166710183,-0.20038741215035838
1.6716171553146224,1.6417320618209639,0.029885093493658532
0.7229971295981585,0.8054635142095502,-0.08246638461139166
2.093679648074847,1.981427337314037,0.11225231076080999
1.39436668676305,1.6319920497696845,-0.2376253630066345
0.3765368933577045,0.4031310152357443,-0.026594121878039778
1.1020391672230792,1.1343733653163373,-0.032334198093258104
2.1335219423228127,1.9520635903540955,0.18145835196871718
1.0327435032187335,0.9909172340220805,0.041826269196653
1.8047246861468165,1.6246702712116252,0.18005441493519125
1.1312619731986422,1.035424048781554,0.09583792441708816
1.4148732845967926,1.1932141684221307,0.22165911617466194
2.226791698713104,2.062040049654577,0.1647516490585268
1.9026138531967536,1.6243571976572524,0.2782566555395012
1.2709157019645467,1.240505914805623,0.03040978715892373
1.463960727082402,1.30604076432896,0.157919962753442
0.0854254836777687,0.19341325182495545,-0.10798776814718675
1.0509715901820602,1.0916908146366497,-0.04071922445458953
2.542564373328043,2.6221060968461227,-0.07954172351807953
0.5222485675832776,0.6412195943854323,-0.11897102680215466
2.281729127477575,2.3592232027518865,-0.0774940752743114
0.1244449823336402,0.24031660901700372,-0.11587162668336352
1.5487674442180348,1.5240801726631663,0.024687271554868495
2.6497206889039178,2.6544512250747756,-0.004730536170857835
1.094914299681127,0.8064557556997317,0.28845854398139525
2.415510267896287,2.2560295563855943,0.15948071151069287
1.645120424808569,1.2528818056942217,0.3922386191143472
1.1945539418213045,1.104875106406748,0.08967883541455657
1.1264834295676314,0.9756102509103476,0.15087317865728378
2.1540963537034163,2.2468456173810205,-0.09274926367760417
1.1681521492681848,1.0723083144012535,0.09584383486693127
1.097305832032584,1.060767863980543,0.036537968052041014
0.8662901465598662,0.8110066928978881,0.05528345366197818
1.6024797212318334,1.1235221954493702,0.4789575257824632
1.38129689524247,1.30604076432896,0.07525613091351002
0.6512556831643708,0.7219106995154222,-0.07065501635105143
1.720853786084319,1.6951917787088064,0.025662007375512497
0.3081815672452291,0.4194529453911634,-0.1112713781459343
2.119086851898607,2.091580486836328,0.02750636506227888
1.139616513056834,1.0786805041296499,0.060936008927184204
0.7612571246305578,0.7952035095970185,-0.03394638496646063
2.353267135802458,2.344189143749995,0.009077992052462847
2.3091074254851143,2.362748802633143,-0.053641377148028635
0.4920447360940633,0.5785435466131446,-0.08649881051908126
0.1169448840518546,0.16794344990697233,-0.05099856585511772
1.9591570903456164,2.1373779545122638,-0.1782208641666474
0.1526732003393475,0.3824000701792152,-0.22972686983986768
0.1083055303348612,0.1711813874861151,-0.0628758571512539
0.2019188727465137,0.2915752326739139,-0.08965635992740018
0.9406265637071832,0.8679200195639803,0.07270654414320288
1.4278662216925453,1.1515961638389436,0.2762700578536017
0.5967929441645696,0.5449357714350803,0.05185717272948931
1.0463422348351363,1.014742604427348,0.03159963040778835
1.348588509920758,1.2904397246244252,0.05814878529633272
0.4490107182493878,0.4749985463120322,-0.02598782806264438
2.082730137503126,2.171231957860541,-0.08850182035741483
0.4459727037554999,0.3873342910953513,0.05863841266014863
0.1184322453144872,0.16794344990697233,-0.04951120459248512
1.017716181489586,0.8872618360253028,0.13045434546428325
1.5143773009090875,1.4767273348128884,0.03764996609619908
0.2060283298882519,0.26021934406473896,-0.05419101417648706
0.4430883983644341,0.4577628210223376,-0.01467442265790353
0.7816371385270553,0.7076295149587525,0.07400762356830282
1.982484699829627,1.8944094803105604,0.0880752195190666
1.4270253425723436,1.2475539409251075,0.17947140164723607
0.2623898279467329,0.39983799145963794,-0.13744816351290506
1.4420255391359145,1.3264444217284161,0.11558111740749832
2.186321006357149,2.110228279852623,0.07609272650452592
0.868148217996765,0.8366975778458785,0.0314506401508865
0.5776154776719028,0.5449357714350803,0.03267970623682248
1.5656980458245968,1.4271494710931347,0.1385485747314621
0.819395318629208,0.7330675785108064,0.08632774011840161
1.029886322993244,1.2409756395613625,-0.21108931656811847
1.0952699402908324,1.6243571976572524,-0.52908725736642
0.7365370900646735,0.737585049822868,-0.0010479597581944944
0.9054045831686716,1.09111688490765,-0.18571230173897846
1.5816792679018192,1.4927358449498933,0.08894342295192592
1.5039612512519245,1.527565132274678,-0.02360388102275346
0.7232186514883377,0.71991681457678,0.0033018369115577206
1.3478154438410817,1.3024350862667071,0.04538035757437453
1.192939996621427,1.2550328672172164,-0.062092870595789496
1.9462816937774643,1.6593433882159054,0.28693830556155886
0.1434732605422197,0.2119986759914615,-0.06852541544924179
1.5691474581145322,1.4419942183961934,0.1271532397183388
2.0923957249211185,1.9543119750350348,0.13808374988608363
1.162085161917879,1.12448327568066,0.03760188623721894
0.6152696781836524,1.0916908146366497,-0.47642113645299733
1.6423717449922175,1.555403364142634,0.08696838084958358
2.3761245796317163,2.3785884872911494,-0.002463907659433051
1.6043377926687323,1.3773172626077141,0.2270205300610182
0.4663165508489511,0.5793777538235668,-0.11306120297461575
0.2604006517538538,0.3740198881934197,-0.1136192364395659
1.80754569956926,1.5472545596534903,0.2602911399157697
0.2726431268636041,0.32372031797649725,-0.05107719111289316
1.7233131312231336,1.6166925291562844,0.1066206020668492
2.0346372819747005,1.828599935088919,0.20603734688578146
1.5259506895295651,1.5386911892448427,-0.012740499715277576
1.9513450512672768,1.9027196211001793,0.048625430167097417
0.3518665880510706,0.37960008417316526,-0.027733496122094692
2.144787912737647,1.9217931133343664,0.22299479940328037
1.481465477225303,1.3282403060191004,0.15322517120620271
2.389822769260284,2.4941817035958156,-0.10435893433553156
2.5039381886869445,2.6221060968461227,-0.11816790815917821
2.09684424650598,1.8944094803105604,0.20243476619541956
1.4267450495322764,1.3299308946903325,0.09681415484194389
2.145090810377724,1.8943724070279433,0.2507184033497809
1.6934754888362826,1.4674178378705052,0.22605765096577746
1.9786871817122675,1.726363164826243,0.25232401688602457
1.5565523563586223,1.5176751724284163,0.038877183930206005
2.2280213730546863,2.249270956458555,-0.021249583403868844
1.0306819934197622,1.060767863980543,-0.030085870560780714
0.8721762996417737,1.0352696889005266,-0.16309338925875294
2.377969087346571,2.2818418927561064,0.0961271945904647
1.1671394777702222,1.0805082513118838,0.08663122645833843
0.6395737941347546,0.48792723923274567,0.1516465549020089
2.4311524247708824,2.6106719333442028,-0.17951950857332033
1.4212115230965283,1.2368746405877198,0.18433688250880853
0.52239323504863,0.5440899919814094,-0.021696756932779393
1.2931311829511012,1.3141373394155555,-0.021006156464454362
0.9338995315050738,0.9436452371876389,-0.009745705682565164
0.1969775783752112,0.34934905168871155,-0.15237147331350034
2.048055179322705,1.4340595772171383,0.6139956021055666
2.259341854366427,2.2818418927561064,-0.0225000383896794
1.8526638315597483,1.9600102688979193,-0.10734643733817095
0.2016928300375996,0.49518651906741096,-0.2934936890298113
1.021314782063608,1.0918203192123939,-0.07050553714878594
1.889680592579208,1.9600102688979193,-0.07032967631871134
0.2539403501356074,0.3842816240420833,-0.13034127390647593
0.9282575046601874,1.3636245468205754,-0.435367042160388
0.6868800198614601,0.6039699443878663,0.08291007547359375
1.1922754309508887,1.1124479950007975,0.07982743595009123
0.5563538970334232,0.7076295149587525,-0.1512756179253293
0.5423573303303452,0.5449357714350803,-0.002578441104735152
0.3599317932317252,0.377670611877022,-0.017738818645296806
2.467640244681847,2.4420102181253585,0.025630026556488605
1.1199779192557011,1.1435180006844525,-0.023540081428751414
0.6368251143184036,0.5220179556120887,0.11480715870631486
2.257786682088612,2.016798785512642,0.24098789657596997
1.3295557108934437,1.4638973298398483,-0.13434161894640462
0.332227994503106,0.4031310152357443,-0.07090302073263832
1.405474427256327,1.5295434976461941,-0.12406907038986703
1.0795207888496157,0.9778877743526019,0.10163301449701378
0.2471635886742477,0.3468577726501359,-0.0996941839758882
1.390722877748512,1.2407190164405983,0.15000386130791377
1.0574951837689293,1.2578017305076976,-0.20030654673876835
0.8455439433078371,0.9696855044339723,-0.12414156112613517
0.1755532469964401,0.2893697075758382,-0.1138164605793981
1.986101385197596,1.2085349867388129,0.7775663984587831
2.5221979216345827,2.41742614593588,0.10477177569870255
1.18648873664065,1.2390442887500734,-0.05255555210942342
2.378909426251113,2.3426297465788384,0.03627967967227441
0.7481828122912434,0.665496529775002,0.08268628251624144
2.5030521011262272,1.6572755509527586,0.8457765501734686
0.5303047311264628,0.5035548036474642,0.026749927478998625
0.613244335187727,0.6289923984665902,-0.015748063278863134
1.0708814351326224,1.0026950810433797,0.06818635408924267
1.741107216043571,1.7387450231623807,0.002362192881190328
0.5196716803978556,0.6869390131003621,-0.1672673327025065
0.0882103302971659,0.19559092051072308,-0.10738059021355717
1.896082122034895,1.9217931133343664,-0.02571099129947152
1.9199522348304363,1.773006799633141,0.14694543519729542
2.186104006045209,1.9196019448935087,0.2665020611517004
2.518906739266204,2.374316468148784,0.14459027111742007
0.8606571613524493,0.5516949815541554,0.3089621797982939
1.9611462657789915,1.8521233069187995,0.10902295886019209
1.4122783138832633,0.7591668249971437,0.6531114888861196
0.12336449804832,0.16794344990697233,-0.04457895185865232
0.3388148800585978,0.3824000701792152,-0.0435851901206174
2.030224927952389,1.930988424294414,0.0992365036579752
1.6234519671927763,1.9029213806995444,-0.2794694135067681
1.541425575857806,1.7118436048786303,-0.17041802902082437
1.2536686405148714,1.186566151834473,0.06710248868039836
0.4991379573985363,0.7213692458702816,-0.22223128847174534
1.9756401265935812,2.005471890786307,-0.029831764192725707
0.0754253526353881,0.14094555779829887,-0.06552020516291077
0.1783064476315258,0.15281386930524138,0.025492578326284432
0.0494439995157852,0.2695129411882645,-0.2200689416724793
1.3101567225105974,1.1855732685340237,0.12458345397657378
0.1816292759842156,0.2857448918195993,-0.10411561583538367
0.7219528121158846,0.867665777356187,-0.14571296524030242
1.3885754716340764,1.1917779761320426,0.19679749550203374
1.8658918530018849,1.9078892795202147,-0.04199742651832983
1.7564419557251945,1.8131592279717565,-0.05671727224656209
1.7791547308232607,1.6246702712116252,0.15448445961163548
0.8499608186552192,0.8529989088486026,-0.0030380901933834137
2.427639720512325,2.5353636119367504,-0.1077238914244254
1.779371731894705,1.5240801726631663,0.2552915592315388
1.321485984894054,1.3024350862667071,0.01905089862734699
0.1338890481146212,0.29770372903802667,-0.16381468092340545
0.5499568873837994,0.5368676492443869,0.01308923813941254
2.3875532990146664,1.8660479658564746,0.5215053331581918
2.2933658090793467,2.016798785512642,0.2765670235667046
1.8773115317600368,1.7395646372263653,0.1377468945336715
0.7116181377022835,1.0026950810433797,-0.29107694334109613
0.8145851290138858,0.8054637568493082,0.009121372164577646
1.1339835278494168,1.1124479950007975,0.02153553284861931
0.2631493315702047,0.34902217325594476,-0.08587284168574005
1.125330611676219,0.9746498299152335,0.15068078176098543
1.652091582994531,1.9465852853877752,-0.29449370239324413
2.371459057734914,2.3754627178806427,-0.004003660145728727
0.1501641259412828,0.3824000701792152,-0.23223594423793237
0.2956181114736307,0.4577628210223376,-0.1621447095487069
0.1708153909872099,0.19902299139347657,-0.02820760040626666
0.2577604725998089,0.25240860709921603,0.005351865500592856
2.3513141279316323,1.6243571976572524,0.7269569302743799
0.7129924777370429,0.8457994982152557,-0.1328070204782128
0.7550906785085831,0.6233256160294033,0.13176506247917985
2.090261881769223,1.8855058211561504,0.2047560606130725
0.5859700175300945,0.6765959928600802,-0.09062597532998573
0.1470537775881349,0.14694518620646993,0.00010859138166496862
1.8397839159450369,2.0627064789981153,-0.22292256305307845
1.9647629486152816,1.815456492737294,0.14930645587798752
0.5157747035088269,0.35541994085801876,0.16035476265080817
0.4673925143155363,0.4754608165461295,-0.008068302230593183
1.2684789611725744,1.0918203192123939,0.17665864196018055
0.323222451430581,0.4577628210223376,-0.13454036959175664
1.102495773459642,1.4081306286292437,-0.30563485516960176
1.0217985134657477,0.9884616834903228,0.033336829975424864
1.0510077569851064,1.0027770814703256,0.048230675514780774
0.921195929340026,0.7098101724997419,0.21138575684028416
0.9652200143358224,1.2962138004317276,-0.33099378609590524
2.510425615470768,2.1876850446948097,0.3227405707759581
1.139797347325232,1.150987242441903,-0.0111898951166709
0.4886269697884395,1.060362454389656,-0.5717354846012164
1.845086879106304,2.173529454172262,-0.32844257506595786
0.8533152929922204,1.1300229465791738,-0.2767076535869534
0.9908803867935772,0.9436452371876389,0.04723514960593822
2.0566990546179373,2.291338712375394,-0.23463965775745654
1.3415721432942798,1.2051128011109673,0.13645934218331246
0.6482493146547943,0.8062390788748838,-0.15798976422008948
0.5085006479359556,0.44186840135925465,0.06663224657670097
0.6548000334072398,0.8274307604768473,-0.17263072706960747
0.6708219431062429,0.6039699443878663,0.06685199871837655
0.2297673389404851,0.26010632989779436,-0.03033899095730927
1.3495876189625162,1.2550328672172164,0.09455475174529981
0.3180144267285835,0.4255056046376028,-0.1074911779090193
1.554052323598027,1.4029522209575034,0.15110010264052365
1.4805613063896466,1.37005455471064,0.11050675167900659
0.4891197430812166,0.49035633942492246,-0.0012365963437058758
0.8518912236982106,0.8463085419375121,0.005582681760698427
1.1765066891263765,1.104875106406748,0.07163158271962855
2.1379207341420874,1.573972613373242,0.5639481207688455
1.1324328746181616,0.9843819066346746,0.14805096798348694
1.8630979657576896,1.821968877915509,0.04112908784218061
1.327878473724943,1.2916540584807317,0.03622441524421127
2.203364629697921,1.847948165970054,0.35541646372786695
0.4370123693766584,0.4917776948205856,-0.054765325443927204
0.9585698368117078,0.9778877743526019,-0.01931793754089406
0.278809572985579,0.40705893397826154,-0.12824936099268253
1.475606449308972,1.1235221954493702,0.35208425385960185
0.2365034127800639,0.6765959928600802,-0.4400925800800163
2.3081309215497017,2.6106719333442028,-0.3025410117945011
0.7545798219408671,0.8054637568493082,-0.05088393490844101
1.2646452762521685,1.1870661644200224,0.07757911183214605
1.1529259099956997,0.8546073604145697,0.2983185495811299
0.1373610647513981,0.26729173172958665,-0.12993066697818856
1.7085796649902574,1.658702466326771,0.04987719866348628
2.3709527219859323,2.3785884872911494,-0.007635765305217035
1.3966180724678892,1.3282403060191004,0.06837776644878879
0.6304642714718259,0.8054637568493082,-0.17499948537748222
1.954129897886674,1.8048927220816646,0.14923717580500928
2.557175774923402,2.5950480494313917,-0.0378722745079898
2.117635658198524,2.0159133296032827,0.10172232859524133
0.0491591856569832,0.22848776911812468,-0.1793285834611415
1.7980428626383906,1.6890809881219366,0.108961874516454
0.2860293782272973,0.4514139626546628,-0.16538458442736553
1.26826196010113,1.2407190164405983,0.02754294366053167
1.1721666684569891,0.9911569008814625,0.18100976757552667
1.0468485705841175,0.9713499154271105,0.07549865515700704
1.2551695642337084,1.1660600455910761,0.08910951864263228
0.9488545196281292,0.7663395556469673,0.18251496398116185
1.792536461368219,1.8233008279722807,-0.030764366604061566
0.6526661900021761,0.6462407079050569,0.006425482097119128
0.2375160842780264,0.32677585658372627,-0.08925977230569987
1.424249537590416,1.2984221796144815,0.12582735797593458
1.0606643030187972,1.1235221954493702,-0.06285789243057294
1.6813595976637776,2.016798785512642,-0.3354391878488645
1.026513765128136,1.1343965498461712,-0.10788278471803525
0.8250870749865128,0.7952035095970185,0.029883565389494327
2.334207212622239,1.8855058211561504,0.4487013914660887
1.8503672369080573,1.7118436048786303,0.13852363202942697
0.9441076219814296,0.8883731460077632,0.05573447597366643
2.029899427484478,2.2401690013117106,-0.21026957382723266
1.0561027604592306,0.9008609029370713,0.15524185752215924
0.4712849703858301,0.545778197809412,-0.07449322742358183
1.269491632670537,1.2931536391632736,-0.023662006492736642
0.9492704382429116,1.2000898909952797,-0.25081945275236817
2.1229838295471395,2.130554881877515,-0.007571052330375583
1.9470050323700647,1.8856422886925768,0.06136274367748795
1.7067441979002,1.5515982310876482,0.15514596681255188
1.94779166039961,1.847948165970054,0.09984349442955587
1.7934541949132474,1.644609675362563,0.14884451955068445
2.1683641710495887,1.981427337314037,0.1869368337355517
0.9053638955468906,0.9696855044339723,-0.06432160888708172
2.283211969693648,2.205350666191313,0.07786130350233522
0.6769522224251716,0.7894434043343873,-0.1124911819092157
2.456564150172881,2.373126500374801,0.08343764979807977
1.5885554881348476,1.910091032396917,-0.3215355442620693
0.7251174105470176,0.6200633157808249,0.10505409476619276
2.5637490990353604,2.3465721376521156,0.21717696138324483
0.8063526522742048,0.8679200195639803,-0.06156736728977552
1.7913067887988117,1.6951917787088064,0.09611501009000523
1.8654171632372147,1.68370278902544,0.18171437421177483
1.3074984598284458,1.060767863980543,0.2467305958479029
1.1176632415822394,0.9094639489674701,0.20819929261476933
0.8060256436852653,1.4560912976130438,-0.6500656539277785
1.667073696029995,1.7175860880927212,-0.050512392062726175
1.9415257555059664,1.930988424294414,0.010537331211552425
1.3390811521711543,1.0924443644955202,0.24663678767563413
0.7593945323749243,0.8110066928978881,-0.0516121605229638
1.2154222079386765,0.9025927935829555,0.312829414355721
1.8358598138904316,2.340549430552379,-0.5046896166619472
1.7993719939794666,1.385783114487805,0.41358887949166157
1.0112604006900745,1.060767863980543,-0.0495074632904684
1.225910591455099,1.036371677490478,0.18953891396462086
1.5630397831424452,1.605314602804948,-0.042274819662502905
0.5746091091623265,0.5316276837536755,0.04298142540865102
0.1612492620877182,0.15281386930524138,0.00843539278247682
0.8911005982599498,0.8062390788748838,0.08486151938506603
0.5950524150274464,0.8588639071175588,-0.26381149209011234
1.7872199360039154,2.0988090235678207,-0.31158908756390535
1.4083722953567652,1.4342581612589302,-0.025885865902165017
1.9999171181386104,1.8660479658564746,0.1338691522821358
1.4995488969764452,1.2734998043635068,0.22604909261293837
1.4473239809721112,1.8855058211561504,-0.43818184018403916
1.2830044679714752,0.982931655357878,0.3000728126135972
0.0293487994780899,0.25623015032209234,-0.22688135084400243
0.5085413355577365,0.6412195943854323,-0.1326782588276958
1.4385716060272449,1.2904397246244252,0.14813188140281963
0.9683303624358022,0.8999694865494354,0.06836087588636675
0.3095152194050398,0.4384390198524132,-0.1289238004473734
0.3006905106009132,0.39732410048473,-0.09663358988381682
1.0961439722505342,1.1300229465791738,-0.03387897432863962
1.816682347397765,1.8478160758853925,-0.031133728487627632
0.1518820507315642,0.19767481415721205,-0.045792763425647864
0.5408111979178247,0.5851784238701199,-0.04436722595229514
1.0102477291921117,1.0535183988401866,-0.04327066964807491
2.19146573959686,1.9864065781851106,0.20505916141174962
0.1694048844025722,0.1797498752256437,-0.010344990823071498
0.6307852521336741,0.578685654057417,0.05209959807625708
1.1788213667998382,2.5647973944436258,-1.3859760276437876
1.932538295961548,1.6057501243038184,0.32678817165772966
2.4346063586390563,2.528218663038568,-0.09361230439951163
1.1755663512345058,1.1611826587003102,0.01438369253419558
0.3110613518175602,0.3740198881934197,-0.06295853637585946
0.5435960445372219,0.5316276837536755,0.01196836078354635
2.302705896029428,2.3031620891998505,-0.0004561931704225586
0.524576807966112,0.6349032357143796,-0.11032642774826762
0.1269811818972814,0.2119986759914615,-0.08501749409418011
0.93841134480539,0.9083025891630574,0.03010875564233262
0.3748325310236274,0.4412857594133688,-0.06645322838974138
2.092323392327698,2.173529454172262,-0.08120606184456403
1.3302519225482927,1.3156979191169889,0.014554003431303864
2.4056728858220224,2.411837922511288,-0.006165036689265602
0.763264384098376,0.6359394959671032,0.12732488813127285
0.4304932966085242,0.38863925675886357,0.04185403984966063
0.2950168377717153,0.3725879024608907,-0.0775710646891754
2.0473318432617837,1.847948165970054,0.19938367729172968
0.518469132994025,0.6657495754120701,-0.14728044241804517
0.9073033422273512,0.8912399662142716,0.01606337601307961
1.8091189571473565,1.7387450231623807,0.07037393398497582
1.0292986117475331,1.385053654460771,-0.3557550427132379
0.6586698851306918,0.7700978158502884,-0.11142793071959656
1.352815509362272,1.31002954189201,0.042785967470261976
1.317448861358408,1.1870661644200224,0.13038269693838567
2.3076245858007205,2.3465721376521156,-0.03894755185139509
2.2586546858680547,2.160749414575995,0.09790527129205984
0.5451783437527885,0.6043579611387739,-0.05917961738598543
0.6095914842825518,0.7894434043343873,-0.17985192005183548
0.8899568220060072,0.7714842467942895,0.11847257521171772
0.9182031232866537,0.9911569008814625,-0.07295377759480881
1.923171084605394,1.9078892795202147,0.01528180508517929
1.2247758568386258,1.0762617128900287,0.14851414394859708
0.8490521267476602,0.8529989088486026,-0.003946782100942459
1.2436685094724909,1.0788096959094817,0.16485881356300913
0.3040359433004447,0.35541994085801876,-0.05138399755757406
0.1024238980716884,0.15736452333531376,-0.05494062526362535
0.824060841032346,0.7208126522689319,0.10324818876341413
1.7362066092940496,1.7048426026525976,0.031364006641452
2.001291457667034,2.010267299845051,-0.008975842178016613
1.4049726123260806,1.2984221796144815,0.10655043271159914
2.414633220960368,2.37249853579441,0.042134685165958086
1.606204905743101,1.5319526542171973,0.07425225152590365
1.2315164514969394,1.1400451641911546,0.0914712873057848
1.093359125631137,1.060362454389656,0.03299667124148109
1.5243593486765288,1.5515982310876482,-0.02723888241111938
1.07115268653522,1.0924443644955202,-0.02129167796030007
1.1435586986395458,0.5793777538235668,0.564180944815979
1.7556824521017225,1.6367700293686593,0.11891242273306313
1.9289939457186795,2.344907066253173,-0.41591312053449325
0.4449555114388025,0.4085860379171646,0.03636947352163794
1.8024461752764005,1.7175860880927212,0.08486008718367932
1.0522374295545134,1.9719005889440018,-0.9196631593894884
1.1857653998202242,1.131262436561717,0.05450296325850723
1.9871276188985945,1.9029213806995444,0.08420623819905004
0.6973005903373577,0.6920163542621621,0.00528423607519557
1.841556091066471,1.9209697853593073,-0.07941369429283629
1.9985518192349847,1.9734645645443938,0.02508725469059092
1.710256902158758,1.8768653460771432,-0.16660844391838525
2.04646383948234,2.0292970807581288,0.01716675872421103
2.3101562645456277,2.7359735070624875,-0.4258172425168598
1.9771907798248365,1.890350476448224,0.08684030337661253
0.6979335100235843,0.8004832291250658,-0.10254971910148147
0.1081020919727889,0.25194234394974907,-0.14384025197696015
0.9999040131410414,1.1435180006844525,-0.14361398754341115
0.9685111967042006,0.9008609029370713,0.06765029376712928
2.2554358360930973,2.2499347097237594,0.005501126369337861
0.3267451016422559,0.4860712680240725,-0.15932616638181663
1.7719032795972312,1.644609675362563,0.12729360423466818
0.4843231159220985,0.5578769235337505,-0.07355380761165203
2.1034627788052864,2.013099730373834,0.0903630484314526
1.4858868733914197,1.5259525564463063,-0.04006568305488667
2.2397153161663104,2.183621662715945,0.056093653450365544
0.6095779218263473,0.7548339204746337,-0.14525599864828642
1.099426112981443,0.7591668249971437,0.3402592879842994
2.2654902184793024,2.423622651859376,-0.15813243338007377
0.1464705874143266,0.1711813874861151,-0.024710800071788525
0.981513175437423,0.8999694865494354,0.08154368888798758
0.3073452091969301,0.41484329770723827,-0.10749808851030818
1.9057025012655395,1.847948165970054,0.05775433529548546
1.2960109675234326,1.092387268597133,0.2036236989262996
1.7745298962950715,1.6980311803740968,0.07649871592097468
1.7643715353311342,1.8388479702000777,-0.07447643486894351
0.4239425778560787,0.4085860379171646,0.015356539938914116
1.6806362608433518,1.59532039051349,0.08531587032986176
1.5999706468337689,1.7369228497510314,-0.1369522029172625
1.3500306627428749,1.3299308946903325,0.02009976805254232
0.9261010569082824,0.8883731460077632,0.03772791090051919
1.296652928847129,1.422376090180147,-0.12572316133301809
1.5865301451389229,1.3282403060191004,0.2582898391198225
0.8243140089068367,0.8546073604145697,-0.030293351507733046
1.410727660652008,1.4946567682855563,-0.08392910763354822
0.8316061477546471,0.8064557556997317,0.025150392054915427
1.277339836779747,1.359924737126524,-0.0825849003467769
1.322150550564592,1.1917779761320426,0.13037257443254946
1.970983645321577,1.5472545596534903,0.42372908566808665
1.6425977877011315,1.7797112567473758,-0.13711346904624433
0.5986690988764077,0.4851516997892739,0.11351739908713382
0.9699940371480984,0.9760314723452039,-0.006037435197105534
0.1841609547291221,0.41110313610888827,-0.22694218137976616
2.6357663187031526,2.3370180701007968,0.2987482486023558
1.648832046610464,1.7636568081919575,-0.11482476158149346
1.6154455331620097,1.6327139529395078,-0.017268419777498156
0.1274513508432166,0.16794344990697233,-0.04049209906375573
0.3950136273767871,0.5945895303482558,-0.1995759029714687
2.3186554721223387,2.013099730373834,0.30555574174850486
0.5765349933865829,0.597872230167277,-0.021337236780694102
1.5371217219914648,0.8564733624670366,0.6806483595244281
2.0183622054138786,1.828599935088919,0.18976227032495951
0.8671355464988024,0.7622824274993022,0.10485311899950023
1.2289531267677218,1.8233008279722807,-0.5943477012045588
1.9166520118372603,1.6980311803740968,0.21862083146316347
0.2295096502472597,0.39131409704244186,-0.16180444679518216
1.4232730328954997,1.3254532698037784,0.09781976309172125
0.8387897861933192,0.7128823512250427,0.1259074349682765
1.619731303500244,1.6166925291562844,0.003038774343959716
0.4215600873952593,0.43413837104434655,-0.012578283649087252
1.8240242157579936,1.6214097191671497,0.20261449659084385
2.2062489358484902,2.005471890786307,0.2007770450621833
1.5998757088808346,1.4578319775684532,0.14204373131238146
0.6303874170469991,0.5915808594873888,0.038806557559610266
1.0420745477718414,1.1477932963853459,-0.1057187486135045
0.815340111818623,0.7591668249971437,0.05617328682147926
1.3180636977696951,1.4271494710931347,-0.1090857733234396
1.0470655714023942,1.014742604427348,0.03232296697504622
2.244757577177142,2.3048119439083568,-0.06005436673121478
2.075433477330245,1.8641234955080739,0.2113099818221711
1.3796196580739697,0.8564733624670366,0.523146295606933
1.77416370693954,1.7048426026525976,0.06932110428694238
0.493721973262564,0.5632972505896476,-0.06957527732708363
0.732111173079822,1.0026950810433797,-0.2705839079635577
2.130832033656349,2.0565059824320073,0.07432605122434177
0.7976228814230121,0.7876086540061812,0.01001422741683089
1.8251634711932017,1.7203324061785699,0.1048310650146318
2.0595336310029206,2.3055920182802696,-0.24605838727734897
0.953696355227763,0.9132517264995862,0.04044462872817678
1.5467104552377982,1.7130162396798299,-0.1663057844420317
0.459679935781041,0.5648573386559513,-0.10517740287491034
1.5910148332736618,1.4767273348128884,0.11428749846077335
2.436057552339139,2.3616636602167977,0.07439389212234104
2.0934083964190813,1.912330559954565,0.18107783646451625
1.6917756473209409,1.59532039051349,0.09645525680745082
2.178933929809573,2.3137751562518556,-0.13484122644228247
1.8945269472254012,1.9101584792303419,-0.015631532004940718
1.815036756213576,1.7099472560525049,0.10508950016107121
0.082387469183881,0.18307631928394413,-0.10068885010006313
0.4501318904096565,0.4749985463120322,-0.02486665590237569
2.451848898510493,2.318937645161017,0.13291125334947607
2.2201686473672373,2.3465721376521156,-0.1264034902848783
1.1820763823651703,0.9760314723452039,0.2060449100199664
1.724022905334187,2.3370180701007968,-0.6129951647666099
0.3163778771818639,0.4031310152357443,-0.08675313805388041
1.1091730761493332,1.0090850037658452,0.10008807238348805
1.514558135177486,1.6980311803740968,-0.1834730451966109
1.095122259115102,1.0916908146366497,0.003431444478452228
1.8107283815285,1.9135378272804702,-0.10280944575197015
1.8043630178631875,1.7210055903529595,0.08335742751022801
2.073046466303859,1.8944094803105604,0.17863698599329836
1.6264945025053992,1.4340595772171383,0.1924349252882609
0.6424897455101318,0.578685654057417,0.06380409145271482
1.7731691189696843,1.6243571976572524,0.14881192131243193
1.7802578194554224,1.7444641067772444,0.03579371267817799
2.2314979097506944,2.005471890786307,0.22602601896438745
1.9802287943187245,2.13774004670008,-0.15751125238135577
1.3488597613233555,1.5176751724284163,-0.16881541110506082
0.8602774095407133,0.8758710617157289,-0.015593652175015627
0.0783729499950767,0.26021934406473896,-0.18184639406966224
0.0080646144927683,0.17650216398030671,-0.16843754948753842
0.753065335512658,1.3636245468205754,-0.6105592113079175
2.2402322014206217,2.3332735903087523,-0.09304138888813052
0.4050680087503209,0.49518651906741096,-0.09011851031709006
1.841470193738335,1.6963736591652157,0.14509653457311944
1.0083670536615388,1.1218547050557948,-0.11348765139425598
0.96196499877049,1.3864406795280868,-0.4244756807575968
0.0907736550263837,0.26021934406473896,-0.16944568903835527
1.8782157031020288,1.773006799633141,0.1052089034688879
2.4006456958947595,2.3426297465788384,0.058015949315921134
0.7605880381412852,0.7191171127026087,0.041470925438676476
1.896841625658367,1.7797112567473758,0.11713036891099105
1.321752715224749,1.2390442887500734,0.08270842647467558
2.445926577866036,2.3754627178806427,0.07046385998539328
1.6493881118718636,1.527565132274678,0.12182297959718569
1.0565774502239005,0.9909172340220805,0.06566021620181994
0.2550163136021927,0.31161609344106755,-0.056599779838874875
0.6600532668029206,0.7661539466025356,-0.1061006797996149
1.905268498109979,1.7564015886056583,0.1488669095043207
1.6446547766813682,1.5983605466163007,0.0462942300650675
2.1106599794469947,2.4909992946348796,-0.3803393151878849
1.5417194313540774,1.4946567682855563,0.04706266306852114
0.300523239041887,0.3446441854925796,-0.04412094645069259
0.970536539700126,1.060362454389656,-0.08982591468952994
0.4512847083010687,0.32372031797649725,0.12756439032457145
0.2598219823987803,0.3894746544460598,-0.12965267204727948
0.3504560814664328,0.4275098197158614,-0.07705373824942857
2.3120369398230323,2.16766808937442,0.14436885044861247
0.5291654756912549,0.5272376048753873,0.0019278708158676494
1.5546671597561468,1.8131592279717565,-0.25849206821560977
0.5126040771506023,0.6657495754120701,-0.15314549826146784
2.014311519422028,1.9623018622937571,0.05200965712827066
0.1516831331882267,0.25194234394974907,-0.10025921076152236
1.3490496372292238,1.3299308946903325,0.01911874253889123
1.674908337683001,1.8390994120848354,-0.16419107440183445
0.5478998984035629,0.5449357714350803,0.0029641269684825833
1.5057289055546244,1.1870661644200224,0.3186627411346019
1.9701518091046843,2.091580486836328,-0.12142867773164379
0.9956001592747002,0.8062390788748838,0.18936108039981647
0.9643520103032118,1.0886799797059645,-0.1243279694027527
2.1465600878590814,2.107446802497849,0.039113285361232375
0.5488311944047959,0.61594208688768,-0.06711089248288415
1.7182136066771063,1.8235666236011945,-0.10535301692408816
0.7679027813359374,1.2000898909952797,-0.43218710965934237
0.9779371792102424,0.8999694865494354,0.07796769266080694
0.7074951181043411,0.7191171127026087,-0.011621994598267626
0.7561395168095919,1.09111688490765,-0.3349773680980581
2.538513687336193,2.5647973944436258,-0.026283707107432885
0.329574252639689,0.4243100411814036,-0.0947357885417146
1.183794307155452,1.1079534304896335,0.07584087666581851
1.5429129371204384,1.4870610950724619,0.05585184204797655
1.548916632502122,1.5163728395109433,0.03254379299117871
0.5958752106195412,0.48542898479566,0.1104462258238812
1.826460956549966,1.644609675362563,0.18185128118740312
0.8372074869777527,0.824392157775187,0.012815329202565673
1.679117253596408,1.5020568068732019,0.1770604467232062
1.309840262667484,1.37005455471064,-0.06021429204315587
0.5163533728639005,0.5102145820512172,0.006138790812683315
2.1734094447581263,2.0061366046249636,0.16727284013316268
0.863084860506952,0.7771653146492109,0.08591954585774109
0.8480394552496976,1.1110821890367402,-0.26304273378704257
1.892949169588073,1.766654291878441,0.126294877709632
2.4126711699330654,2.41742614593588,-0.004754976002814715
1.7029512006015752,1.5437846912463167,0.15916650935525856
1.3645019192106227,1.5878311752728962,-0.2233292560622735
1.3613554043075966,1.5546510910588842,-0.1932956867512876
2.197496560397288,2.411837922511288,-0.21434136211400023
0.7029968675133973,0.6569623479100082,0.04603451960338911
1.936733649671919,1.8388479702000777,0.09788567947184124
0.4482873814289618,0.4749985463120322,-0.026711164883070404
2.536217092684502,2.4364206376524473,0.0997964550320547
1.483418486615136,1.4927358449498933,-0.00931735833475722
2.260200817521071,2.0537584356974294,0.2064423818236416
0.7148641116301465,0.6804169999106329,0.034447111719513646
0.7324909248915579,0.7569767969947112,-0.02448587210315334
1.3566898819044586,1.2740896420024679,0.08260023990199072
1.0675269607956213,1.161168988327955,-0.09364202753233375
1.001820855727828,0.9831400348445632,0.018680820883264837
1.5243955154795747,1.4474179350968421,0.07697758038273261
0.604636627455045,0.6608804321916172,-0.0562438047365722
0.7624687136718582,0.9132517264995862,-0.150783012827728
2.5244447865206867,2.4364206376524473,0.0880241488682394
2.070040097794282,2.3731014371098054,-0.30306133931552326
0.6411651349877908,0.6569623479100082,-0.015797212922217363
1.668515848852112,1.5080971258181106,0.1604187230340013
1.4868995448893825,1.5295434976461941,-0.042643952756811654
1.125728446762894,1.0723083144012535,0.05342013236164056
0.0351174102602217,0.2695129411882645,-0.23439553092804283
0.4537214490930413,0.529537889259901,-0.07581644016685968
2.129177401847362,2.340549430552379,-0.21137202870501692
0.6725217846215853,0.8110066928978881,-0.13848490827630278
2.373936485135996,2.2827564214934206,0.09118006364257525
1.118784413742508,1.0434217445111384,0.07536266923136958
0.3227884495408598,0.4243100411814036,-0.1015215916405438
0.5267603808835937,0.5162081100427497,0.01055227084084398
1.0264821191438247,0.9058649537197746,0.1206171654240501
1.0661661834702338,0.9761844897961991,0.08998169367403475
0.1843779558005666,0.19764153505103937,-0.013263579250472779
1.9450158544050111,1.7444641067772444,0.20055174762776673
0.7526810628821873,0.48792723923274567,0.2647538236494416
1.190864924113083,1.2931536391632736,-0.10228871505019055
1.0192984807051526,1.0577649327753598,-0.03846645207020716
2.361477007942129,2.5950480494313917,-0.23357104148926267
2.352001296430005,2.2818418927561064,0.07015940367389861
0.4492277193208322,0.4031310152357443,0.046096704085087925
0.8865209721722764,1.0027770814703256,-0.11625610929804919
1.2538675580582088,1.2346991348007437,0.01916842325746515
1.068476340324961,1.0218353246543939,0.04664101567056722
1.676427344929945,1.8072218730567406,-0.1307945281267957
0.2405540987719144,0.19767481415721205,0.042879284614702334
0.7815738465584324,0.867665777356187,-0.08609193079775457
0.457708843116269,0.5785435466131446,-0.12083470349687553
0.8039475574665438,0.8274307604768473,-0.02348320301030349
1.6958986669188831,1.5295434976461941,0.166355169272689
1.5259190435452537,1.6188115362395925,-0.09289249269433886
2.4247599359399934,2.423622651859376,0.0011372840806171958
2.4152344946622835,2.373126500374801,0.04210799428748224
0.190933195371747,0.33535163859982314,-0.14441844322807615
1.4679390794681602,1.262379874479525,0.20555920498863522
0.3198951022591565,0.3435761333508646,-0.023681031091708105
1.4918679644262611,1.9543119750350348,-0.4624440106087737
0.1545403134137161,0.19205926735856887,-0.03751895394485277
1.322548385904435,1.2407190164405983,0.08182936946383657
2.4362338660419707,2.528218663038568,-0.09198479699659723
1.9122486984397469,1.9520635903540955,-0.039814891914348616
2.148617076839318,2.2818418927561064,-0.13322481591678859
0.1103444357869907,0.32865491044820455,-0.21831047466121384
1.2837413672481055,1.463521756494656,-0.1797803892465506
1.1196524177751186,0.9843819066346746,0.13527051114044397
0.7616685224266052,0.793721526270539,-0.032053003843933836
0.3975453061216936,0.3725879024608907,0.0249574036608029
1.6303191457883353,1.6072003195510607,0.02311882623727457
0.7148957576144577,0.61594208688768,0.09895367072677763
1.193505103520296,1.1343733653163373,0.05913173820395867
2.4021285355791537,1.8943724070279433,0.5077561285512104
0.483839384519959,0.5915808594873888,-0.1077414749674298
1.5807434508286835,0.790444345850239,0.7902991049784445
2.1689337987671924,2.218127215294249,-0.049193416527056666
0.9984935065564036,0.9573735763768442,0.041119930179559394
2.174788305864789,2.1573336367237816,0.01745466914100735
1.999736282857541,1.9053967351784147,0.09433954767912622
1.2540845591296534,1.240505914805623,0.013578644324030442
0.7755611095392795,0.7550478925233104,0.020513217015969087
1.65347496466676,1.7797112567473758,-0.12623629208061593
0.8952145762204229,0.8638418761009988,0.03137270011942406
0.9087907034899838,1.036371677490478,-0.12758097400049428
1.3535117210171212,1.0924443644955202,0.26106735652160107
0.8226141673914944,1.2085349867388129,-0.3859208193473185
0.2129859256180101,0.2915752326739139,-0.07858930705590378
2.064217236680997,2.307408647761279,-0.24319141108028175
0.8788536023314647,0.820653620293484,0.05819998203798071
0.2611872805429023,0.5175078948705308,-0.25632061432762854
0.6663734220277174,0.6039699443878663,0.0624034776398511
0.5891572203080693,0.5272376048753873,0.061919615432681985
2.3078280239096247,2.307408647761279,0.00041937614834575143
1.819516923782748,1.6319920497696845,0.1875248740130635
1.0516587601994398,1.131262436561717,-0.07960367636227716
1.546963623112289,1.5163728395109433,0.030590783601345706
1.7923556270998209,1.6963736591652157,0.09598196793460523
1.7821249325297912,1.7048426026525976,0.07728232987719363
0.592954738425429,0.5863397433270587,0.006614995098370269
2.5531476942910643,2.5470122666629953,0.006135427628068957
0.3739645269910171,0.37451264321676847,-0.0005481162257513494
1.6563683116952956,1.599196554691484,0.05717175700381172
1.2446811809704534,1.2984221796144815,-0.05374099864402804
0.6432989786460223,0.6462407079050569,-0.0029417292590346866
1.7734539328284862,1.9135378272804702,-0.140083894451984
0.4904217492567159,0.5851784238701199,-0.09475667461340398
1.206705999796856,1.240505914805623,-0.03379991500876689
0.8177135606419729,0.7453610571042032,0.07235250353776967
0.2233658084721266,0.29770372903802667,-0.07433792056590008
0.1638125868169362,0.25285123933729603,-0.08903865252035983
1.0652800959095166,1.20707160304724,-0.14179150713772337
0.7406239428595699,0.8062390788748838,-0.06561513601531388
1.1784144898225255,0.9058649537197746,0.2725495361027509
1.2348438006683642,1.161168988327955,0.07367481234040918
1.5915528150069544,1.5163728395109433,0.07517997549601119
2.429601771539628,2.423622651859376,0.0059791196802518876
0.9717662122695327,0.9665154899508489,0.0052507223186838425
0.3375083530643635,0.5714586754969501,-0.23395032243258657
1.5117732885580886,1.3864406795280868,0.12533260903000176
1.1630887917783717,1.1124479950007975,0.05064079677757416
0.3411250369133248,0.4085860379171646,-0.06746100100383978
2.15138383967744,2.160749414575995,-0.00936557489855483
2.004293304598373,2.4909992946348796,-0.4867059900365067
1.9241475885408068,1.872520050873429,0.05162753766737782
0.7734724745747318,0.7714842467942895,0.0019882277804422754
0.4221749235533789,0.4687269806322612,-0.046552057078882325
1.4655385054792336,1.0788096959094817,0.38672880956975186
0.5384693950787862,0.9131128767800908,-0.37464348170130457
0.8959107878752721,0.8758710617157289,0.020039726159543192
2.5808288899386813,2.572873211957438,0.007955677981243525
0.0754072691072811,0.26021934406473896,-0.18481207495745786
0.7746931055066694,1.1400451641911546,-0.3653520586844853
0.7092944183913521,0.793721526270539,-0.08442710787918695
1.41981005814936,1.2676434704866968,0.15216658766266322
2.0826306779719537,2.16766808937442,-0.08503741140246612
0.8542963185058715,0.9275230803496175,-0.07322676184374599
1.0314776638462804,0.9083025891630574,0.12317507468322297
2.249504474823841,2.2280199905971125,0.02148448422672855
2.307986253831181,2.183621662715945,0.12436459111523623
0.4266596116881183,0.4514139626546628,-0.024754350966544547
1.8770628854637847,1.7427485234531648,0.13431436201061997
0.4213476071425494,0.4243100411814036,-0.0029624340388542114
0.0515009884960217,0.23656161752960808,-0.1850606290335864
0.9348669945625208,0.9408831357254206,-0.006016141162899835
0.3515998577203754,0.3926573866850849,-0.04105752896470949
1.3384798784692389,1.1747018954180688,0.16377798305117008
2.2052000967879777,2.1573336367237816,0.04786646006419604
2.3529551975375838,2.307408647761279,0.04554654977630479
1.133698713990615,1.6166925291562844,-0.4829938151656694
1.2059103293703377,0.8715723870471388,0.3343379423231989
1.677883060208266,1.5109875407229456,0.16689551948532033
1.3796196580739697,1.3586797089554006,0.020939949118569112
0.1268003476288829,0.14094555779829887,-0.014145210169415973
0.5912548969100867,0.4851516997892739,0.10610319712081279
0.2899127926601215,0.32677585658372627,-0.03686306392360478
0.9926706454431188,1.097230644630641,-0.10455999918752223
1.083557912385262,0.9831400348445632,0.10041787754069864
0.0700907437429775,0.23656161752960808,-0.16647087378663059
0.374687863811443,0.4426174730419752,-0.0679296092305322
0.7814924710617029,0.7083252064948886,0.07316726456681433
1.0168300939288688,1.1515961638389436,-0.13476606991007478
0.7457189463336944,0.7907012690773288,-0.04498232274363445
0.8952733473703106,0.8221892403328991,0.07308410703741153
0.4412529312743768,0.3824000701792152,0.058852861095161635
1.24199127230399,0.8715605776758804,0.37043069462810974
2.3958038602951253,2.588411628904523,-0.19260776860939766
2.262379868860315,2.2499347097237594,0.012445159136555528
2.0540227081545104,1.9029213806995444,0.15110132745496596
1.2084781749182902,0.9760314723452039,0.2324467025730863
1.3847553491698747,1.3156979191169889,0.0690574300528859
1.133951881865105,1.0859651257170033,0.04798675614810177
0.606856367175573,0.6569623479100082,-0.050105980734435174
1.295242422262491,0.8715723870471388,0.4236700352153522
2.3743524045102817,2.4895798523586423,-0.11522744784836059
0.3052384907042752,0.37541700979625203,-0.07017851909197681
2.270589740999986,2.2499347097237594,0.020655031276226588
1.8516330762805109,1.9543119750350348,-0.10267889875452396
1.7811755530004512,1.4340595772171383,0.3471159757833129
1.268510607156886,1.218072172965074,0.05043843419181182
0.6406226324357633,0.793721526270539,-0.1530988938347757
1.329112667113085,1.2931536391632736,0.03595902794981143
1.5764034301592966,1.3282403060191004,0.24816312414019626
1.175240849753923,1.1611826587003102,0.014058191053612834
1.7955744758621068,1.6848272877710866,0.11074718809102024
1.1228124953875167,1.3315413027002445,-0.2087288073127278
1.0182858092071898,1.060767863980543,-0.042482054773353095
0.5514126026621207,0.5362590232265577,0.015153579435562947
2.209440658685696,2.2358689070421107,-0.026428248356414663
0.4314698013034407,0.5102145820512172,-0.07874478074777647
0.1719139588006369,0.1797498752256437,-0.007835916425006806
0.4173285671350104,0.18187776427714136,0.235450802857869
2.181836319741417,2.3137751562518556,-0.13193883651043858
1.1073195255311687,1.25896695206262,-0.15164742653145136
1.397703077571944,1.3731069952807071,0.024596082291236776
1.695934833721929,1.6192916622351958,0.07664317148673327
1.7010162747398492,1.4767273348128884,0.22428893992696075
1.0722015248362289,0.9761844897961991,0.09601703504002979
1.071188853338266,1.0786805041296499,-0.007491650791383808
0.4655389636973722,0.5945895303482558,-0.1290505666508836
0.6228692352371065,0.608294709605499,0.014574525631607438
0.9390352228541468,1.1218547050557948,-0.182819482201648
1.856651225582976,1.796095783934604,0.06055544164837201
0.5375109739119767,0.5863397433270587,-0.048828769415082074
1.1585091656906985,1.2528818056942217,-0.09437264000352319
0.2966036578060166,0.40159104221511166,-0.10498738440909505
2.3689635440208785,2.4790493786179555,-0.11008583459707699
0.9538997935898352,0.7313669934128676,0.22253280017696764
1.772319198212013,0.9516899657628944,0.8206292324491186
2.300752885626923,2.4642359831802283,-0.16348309755330526
1.4768361218783788,1.4474179350968421,0.029418186781536626
0.5227096948917433,0.5362590232265577,-0.01354932833481437
2.345274263974728,2.2280199905971125,0.11725427337761563
0.9914816604954924,0.9831400348445632,0.008341625650929108
1.8160494277115384,1.7164904734550566,0.09955895425648187
0.971404543985904,0.9008609029370713,0.0705436410488327
0.1351187206840283,0.2119986759914615,-0.07687995530743319
2.0252399335147677,2.0061366046249636,0.01910332888980415
0.8536317528353338,0.9058649537197746,-0.052233200884440834
1.924328423821877,2.0988090235678207,-0.17448059974594377
0.8757522958689542,0.7749029495984958,0.10084934627045838
2.392001820599528,2.343244271196313,0.048757549403215084
1.082020821610211,0.9778877743526019,0.10413304725760908
0.9813142578940854,1.218072172965074,-0.23675791507098864
1.6082302487390263,1.555403364142634,0.0528268845963924
0.9790764346454506,0.7098101724997419,0.2692662621457087
2.0436157008943208,2.588411628904523,-0.5447959280102022
2.358197881427934,2.183621662715945,0.17457621871198903
0.8440249360608931,0.8054635142095502,0.038561421851342925
2.071527459056915,2.0061366046249636,0.06539085443195125
0.9208478235126012,0.8684408248294406,0.052406998683160566
2.1280788330212634,2.2001781318430975,-0.07209929882183408
2.2049785748977984,2.138460433035246,0.06651814186255223
0.9004361636317925,0.8912399662142716,0.009196197417520868
1.0925634552046188,1.1863131877437743,-0.09374973253915542
0.1839077868546315,0.19764153505103937,-0.01373374819640788
1.0238344052074992,1.6243571976572524,-0.6005227924497532
0.3337198765844733,0.4514139626546628,-0.11769408607018955
2.270336573125496,2.16766808937442,0.10266848375107607
0.7925866490987757,1.1218547050557948,-0.329268055957019
0.934731368987806,1.3330312545073628,-0.39829988551955686
1.1685092967330792,1.0982956248603648,0.07021367187271443
1.805353085014308,1.9520635903540955,-0.14671050533978747
1.4771842277058036,1.6300101550607895,-0.1528259273549859
2.4557639599403003,2.41742614593588,0.038337814004420157
0.98857022993885,0.9573735763768442,0.03119665356200585
0.0805836480781351,0.32865491044820455,-0.24807126237006943
0.8090516025781377,0.9603812684716189,-0.15132966589348118
0.4648156271301141,0.5317374662176585,-0.0669218390875444
0.995961827811497,1.0026950810433797,-0.006733253231882674
1.7736754547186655,1.7203324061785699,0.05334304854009564
1.190186795986341,1.8517700854200607,-0.6615832894337197
0.3613423000695306,0.37960008417316526,-0.018257784103634656
1.1959282816028962,1.31002954189201,-0.11410126028911383
0.4487530295561622,0.4732950217270007,-0.024541992170838522
0.1449199341830714,0.4206267624700093,-0.27570682828693793
0.3191310778169496,0.2700678427675567,0.04906323504939292
0.534870794504764,0.5843881106286868,-0.04951731612392274
1.5396534007363714,1.4767273348128884,0.06292606592348293
2.283573637724109,2.1452475671594815,0.13832607056462765
1.6974402785126688,1.828599935088919,-0.13115965657625028
2.1217812821433086,2.4364206376524473,-0.3146393555091387
1.7767134692125537,1.6192916622351958,0.15742180697735786
1.7594799702190822,1.5878311752728962,0.171648794946186
2.0595336310029206,2.006576302898922,0.05295732810399878
0.2684296901314623,0.32372031797649725,-0.05529062784503497
0.7871118938129154,0.887004266673891,-0.09989237286097563
0.4997347102817169,0.5915808594873888,-0.09184614920567191
0.8565748293762874,0.8529989088486026,0.0035759205276847394
1.6961518347933735,1.5891380576960694,0.10701377709730409
2.458331803716077,2.37042031504072,0.08791148867535714
0.5994647693029259,0.6769455441417789,-0.07748077483885296
0.3695160056593237,0.4255056046376028,-0.0559895989782791
1.2908210260963744,1.6300101550607895,-0.3391891289644151
1.604685898496157,1.6243571976572524,-0.019671299161095446
1.7028833878142178,1.5386911892448427,0.16419219856937506
1.230648447464329,1.5874684678890372,-0.35682002042470806
1.461076421691336,1.3539598359160614,0.1071165857752745
0.806067838415403,0.7985669417216775,0.007500896693725445
1.0136971414820468,1.0027770814703256,0.010920060011721189
1.791017454121275,1.6890632957729768,0.10195415834829835
2.3700847156748117,2.3332735903087523,0.03681112536605946
0.8668100447650516,0.9603812684716189,-0.09357122370656723
0.5466024130467984,1.060362454389656,-0.5137600413428576
1.988773210082784,1.9619273181351846,0.026845891947599343
1.9218690776703915,1.8768653460771432,0.04500373159324833
1.2497128924759549,1.1822036484342429,0.06750924404171199
2.201547246389138,2.528218663038568,-0.3266714166494298
0.2526971151099959,0.3482807669436208,-0.09558365183362494
1.5486996314306771,1.523932125947499,0.024767505483178187
2.139340281857859,2.068596411264288,0.07074387059357123
2.540869052378268,2.4895798523586423,0.05128920001962589
1.893948278882999,1.764018184498623,0.1299300943843762
2.383335342476461,2.373126500374801,0.010208842101659954
1.2154402914667832,1.1445462261619659,0.07089406530481734
0.7101714643145997,0.6640504985013849,0.04612096581321479
1.8102220457795184,1.9623018622937571,-0.15207981651423874
1.387404570214557,1.6166925291562844,-0.22928795894172738
1.1444990362782483,0.9408831357254206,0.20361590055282774
2.286394651906056,2.4941817035958156,-0.20778705168975975
1.92329766854264,1.7427485234531648,0.18054914508947517
0.6875671896256719,0.8004832291250658,-0.11291603949939388
2.530990983694894,2.5353636119367504,-0.004372628241856358
2.4690326679915464,2.37042031504072,0.09861235295082649
1.4962215478050207,1.8003964388739824,-0.3041748910689617
0.2468380871936649,0.3482807669436208,-0.10144267974995591
1.6624081738800252,1.0108522125134867,0.6515559613665385
2.171686999402278,2.204253345558019,-0.032566346155741055
0.68999036796144,0.665496529775002,0.02449383818643802
2.109538807793062,2.0292970807581288,0.08024172703493315
1.396979741004686,1.2578017305076976,0.1391780104969884
0.7711623177200045,0.5656056097340267,0.2055567079859778
1.6782854163668437,1.5109875407229456,0.1672978756438981
0.854802654254853,0.7959102460338179,0.05889240822103514
0.7008132945959152,0.6869390131003621,0.013874281495553142
2.1409316242299026,2.3048119439083568,-0.16388031967845418
0.8320175455506945,0.9188105706292264,-0.08679302507853193
1.6955731654383004,1.5967459771076593,0.09882718833064108
0.1811952738413265,0.19764153505103937,-0.016446261209712876
1.10160516508019,0.9760314723452039,0.12557369273498598
0.5411999913670303,0.5362590232265577,0.0049409681404726236
1.858012002908363,1.4638973298398483,0.3941146730685148
2.3815631673550266,2.291338712375394,0.09022445497963272
0.7604659750227746,0.7191171127026087,0.04134886232016588
1.3271777412513588,1.3254532698037784,0.0017244714475803669
1.0210254473860714,1.2407190164405983,-0.21969356905452697
0.0528934118057203,0.1265115579681492,-0.0736181461624289
0.6476163949685677,0.8054635142095502,-0.1578471192409825
2.55298042374471,2.4798842805533594,0.07309614319135038
0.8094132711149344,0.7646834869436643,0.04472978417127016
0.3416630186466176,0.5175078948705308,-0.17584487622391326
0.8343804456282179,1.5707055666003384,-0.7363251209721206
0.7671342360749959,1.3386967075902385,-0.5715624715152426
0.0226398508040876,0.14094555779829887,-0.11830570699421127
0.2079587349312432,0.29770372903802667,-0.08974499410678347
1.330420701215676,1.3423643153778058,-0.011943614162129856
2.0060654797198074,1.782066115857881,0.22399936386192643
0.6802750507778614,0.6608804321916172,0.01939461858624425
0.1657429918599274,0.1880191348084864,-0.02227614294855898
0.3092258847275031,0.4338500673832152,-0.12462418265571207
1.9035189283480576,1.796095783934604,0.10742314441345369
0.2013040365883941,0.19764153505103937,0.0036625015373547287
2.0181452051019377,1.9619273181351846,0.05621788696675312
2.516813582723418,2.5096914163238324,0.007122166399585517
1.5275962807137542,1.3546459304216696,0.1729503502920846
0.363765478152131,0.377670611877022,-0.013905133724890995
2.1049817860522304,2.1614069778079594,-0.05642519175572902
1.2726743146297772,1.3141373394155555,-0.041463024785778346
1.3035427117895293,1.4483796071295953,-0.14483689534006605
2.143965117145552,2.061886649705281,0.08207846744027103
0.8565386625732413,0.9058649537197746,-0.04932629114653331
2.3125794431345628,2.3785884872911494,-0.0660090441565866
0.7976952150291045,0.9186159385753527,-0.12092072354624828
2.571154259364212,2.95696054986428,-0.3858062905000681
1.70626950813553,1.5295434976461941,0.17672601048933578
1.584830303876748,1.4317396666680164,0.1530906372087315
1.458196637119005,1.37005455471064,0.08814208240836496
0.4061891806574217,0.6657495754120701,-0.2595603947546484
1.866683002609668,1.9619273181351846,-0.09524431552551671
1.4622970526232737,1.6417320618209639,-0.17943500919769018
1.4587527023804046,1.4081306286292437,0.0506220737511609
0.3285932271260377,0.39732410048473,-0.06873087335869227
0.9197582975898114,0.8666582137402524,0.053100083849559
1.210725039804395,1.1858643635215587,0.02486067628283628
1.271842477147045,1.3568939150292858,-0.0850514378822409
0.363878499633172,0.4426174730419752,-0.0787389734088032
1.731586295584595,1.910091032396917,-0.17850473681232182
1.170313117838825,0.9408831357254206,0.22942998211340448
0.6149260931749625,0.5656056097340267,0.04932048344093576
0.4950194586193285,0.4732950217270007,0.02172443689232778
1.3737967969606846,1.3735225801739055,0.0002742167867790801
0.2842255571215514,0.4206267624700093,-0.1364012053484579
0.9935702954600404,1.1124479950007975,-0.11887769954075711
1.6796235893453892,1.9135378272804702,-0.23391423793508093
0.8074240949220554,0.8274307604768473,-0.020006665554791914
0.9957448267400526,1.2984221796144815,-0.3026773528744289
0.1562808425508393,0.25623015032209234,-0.09994930777125305
1.521836711569092,1.4745675089703463,0.047269202598745785
2.0993759252508863,2.110228279852623,-0.010852354601736725
1.9600250941250583,2.0989101586579793,-0.13888506453292093
0.1649518422521441,0.25194234394974907,-0.08699050169760497
1.9840037070765708,1.9805692293054284,0.0034344777711423635
1.4376900392852625,1.4363863475408127,0.0013036917444497753
2.0679469412514964,1.8048927220816646,0.26305421916983174
1.6916671469118023,1.6025438100681588,0.08912333684364349
1.0616408077137136,1.1218547050557948,-0.06021389734208116
2.185416835015157,2.005471890786307,0.1799449442288501
1.237212728672979,1.2580063800424213,-0.020793651369442223
0.2014713081474203,0.15281386930524138,0.048657438842178935
0.395773131000259,0.5207520703686768,-0.12497893936841775
0.8192325678889165,0.46862634413064014,0.3506062237582764
0.5336411219353568,0.5648573386559513,-0.031216216720594492
0.6518343525194442,0.49518651906741096,0.15664783345203326
1.0880426002668333,1.2409756395613625,-0.15293303929452917
0.1762765838168659,0.3842816240420833,-0.20800504022521743
0.9577786872039246,0.8489642566094686,0.10881443059445595
1.401645263154656,1.422376090180147,-0.020730827025490894
0.9797410003159888,1.1811191088818462,-0.20137810856585747
1.3788239876474513,0.982931655357878,0.3958923322895733
0.0475226361102636,0.34205039432849277,-0.2945277582182292
0.6071321393969055,0.5220179556120887,0.08511418378481672
1.1122743826118435,1.124165124985432,-0.011890742373588559
2.229974380925512,2.1614069778079594,0.0685674031175525
0.4781394905876644,0.5569737854508197,-0.07883429486315524
1.6303643542288508,1.773006799633141,-0.14264244540429005
0.8693914530223765,0.8529989088486026,0.016392544173773893
1.1053755580319735,1.4081306286292437,-0.30275507059727014
1.4174999012946328,1.2138069862702592,0.2036929150243736
0.5963182543998997,0.6608804321916172,-0.06456217779171747
0.8698118924558935,0.8457994982152557,0.024012394240637835
2.278257112359805,2.218127215294249,0.06012989706555594
1.3340494406656525,1.523932125947499,-0.18988268528184649
2.2185818265734327,2.2001781318430975,0.018403694730335207
0.1193861456625619,0.19764153505103937,-0.07825538938847748
2.361721135191822,0.9516899657628944,1.4100311694289274
0.3585936202531797,0.5102145820512172,-0.15162096179803747
1.646386264181022,1.8072218730567406,-0.16083560887571857
1.2315164514969394,1.2138069862702592,0.017709465226680265
1.85141607596857,1.872520050873429,-0.021103974904858935
0.3510709176245524,0.37693961943373755,-0.025868701809185157
0.2389175492251946,0.3468577726501359,-0.1079402234249413
2.002159461446477,2.1573336367237816,-0.15517417527730482
1.711920576871054,1.6188115362395925,0.09310904063146141
1.380993997855561,1.1855732685340237,0.1954207293215373
0.7046424586975865,0.9843819066346746,-0.27973944793708816
2.132396249090641,2.171231957860541,-0.038835708769899835
1.9983981108916669,1.9101584792303419,0.08823963166132498
2.29773295491431,2.4790493786179555,-0.1813164237036453
0.8291377609783632,0.6920163542621621,0.1371214067162011
0.8858338024080644,1.1300229465791738,-0.24418914417110937
1.2766119791405863,1.527565132274678,-0.2509531531340916
2.2132065308187445,1.924179104168991,0.28902742664975345
1.3934489532180212,1.3279053621317085,0.06554359108631269
1.650540929763276,1.20707160304724,0.4434693267160361
2.366879430634569,2.3628807257088287,0.003998704925740171
0.9695193473834286,0.9083025891630574,0.061216758220371204
1.1210629246129242,1.0218353246543939,0.09922759995853037
0.2863774840547219,0.30569712263208737,-0.01931963857736546
0.9734298869818292,0.9251843699494554,0.048245517032373786
1.8814707179078576,1.815456492737294,0.06601422517056355
1.73369301407725,1.782066115857881,-0.048373101780631034
2.0950087794159225,1.9217931133343664,0.17321566608155603
0.8481479559120038,0.9696855044339723,-0.12153754852196852
2.1082729684206085,2.1113590016052903,-0.0030860331846818134
1.525516687386676,1.3859309777128939,0.13958570967378203
1.2931944749197242,1.4029522209575034,-0.10975774603777921
0.5384151447476332,0.5656056097340267,-0.027190464986393548
0.97550043841827,0.950096875818481,0.025403562599789042
2.1000992613118084,2.1354557598933104,-0.03535649858150203
1.451844835909897,1.6300101550607895,-0.1781653191508925
1.1018101105506193,0.928296227449245,0.17351388310137428
0.8203356565210785,0.9131128767800908,-0.09277722025901225
1.992177414185371,1.9101584792303419,0.0820189349550291
1.2943744179767127,0.8872618360253028,0.40711258195140987
2.079013995135664,1.097230644630641,0.9817833505050229
0.3298274205141797,0.34934905168871155,-0.019521631174531873
0.4025001629492005,0.5578769235337505,-0.15537676058455002
2.037024295532766,1.8856422886925768,0.1513820068401892
0.1828001774037349,0.20157896845965823,-0.01877879105592334
0.6968982341787797,1.3246781150135818,-0.6277798808348021
1.805845858307085,1.658702466326771,0.147143391980314
0.1093498478171351,0.1711813874861151,-0.061831539668980015
0.1095125985574266,0.24233482123847783,-0.13282222268105123
1.037399983731234,1.4560912976130438,-0.4186913138818098
1.3632722466412155,1.2904397246244252,0.07283252201679025
1.759624637684435,1.5967459771076593,0.16287866057677558
2.147667697309978,2.0482346509527805,0.09943304635719752
1.0120199043135465,0.9025927935829555,0.10942711073059097
0.7786307700174788,0.8274307604768473,-0.04879999045936845
1.799118826104976,1.8388479702000777,-0.039729144095101754
2.534173665907302,1.7790281391571057,0.7551455267501965
0.634103559667629,0.9131128767800908,-0.2790093171124618
0.5619823614221053,0.5578769235337505,0.004105437888354824
1.3344608384616998,1.3731069952807071,-0.038646156819007293
1.9519372843443945,2.160749414575995,-0.2088121302316004
0.9066704225411248,1.1811191088818462,-0.2744486863407214
0.3659354886134085,0.5175078948705308,-0.15157240625712232
2.1621615581245672,2.37249853579441,-0.21033697766984272
1.8649786410350944,1.8660479658564746,-0.0010693248213802242
0.8437265597458871,0.820653620293484,0.023072939452403074
1.0158174224309062,0.9736058652964424,0.042211557134463784
0.8021075695577516,0.7714842467942895,0.030623322763462135
0.2754098899548943,0.34934905168871155,-0.07393916173381726
2.226497844229504,2.0307407415889136,0.1957571026405902
1.3677524139572204,1.2550328672172164,0.11271954674000395
2.191085987785124,2.5780324995119415,-0.3869465117268174
2.5196345969053646,2.572282190956745,-0.05264759405138042
1.8385180765725837,1.8235666236011945,0.014951452971389223
1.1862943399160473,1.1597479158155786,0.026546424100468702
0.6683128687081782,0.5863397433270587,0.08197312538111945
0.0723873381415003,0.16235628331793106,-0.08996894517643077
2.5547932854752538,0.9516899657628944,1.6031033197123592
2.30704591492664,1.84603688409994,0.46100903082669986
0.4998974610220082,0.5648573386559513,-0.06495987763394312
2.2939354367969504,2.138460433035246,0.1554750037617043
1.652946024570937,1.7444641067772444,-0.0915180822063073
1.436424199912809,1.216958478130569,0.21946572178224
0.3898779362808819,0.3973085475367318,-0.007430611255849873
1.4080829604260607,1.422376090180147,-0.014293129754086253
0.4821033762015706,0.4749985463120322,0.007104829889538422
1.6781045820984453,1.3315413027002445,0.34656327939820075
0.7893406751709131,0.7548339204746337,0.034506754696279396
2.548748902471789,2.5470122666629953,0.001736635808793796
1.782219870482725,1.4429018412163312,0.33931802926639376
0.2909661517798649,0.28530718141063444,0.005658970369230465
0.1366738947340184,0.3999265188317668,-0.2632526240977484
0.5037221043049446,0.5207520703686768,-0.017029966063732194
1.464539396437475,1.3969619251381853,0.06757747129928982
0.1399831606305037,0.19205926735856887,-0.052076106728065175
1.0829792427770204,1.1597479158155786,-0.07676867303855817
2.5374196400883324,2.249270956458555,0.2881486836297773
0.9584432528744626,1.0708850344252123,-0.11244178155074969
2.386246773033104,2.223433572893155,0.16281320013994893
1.1928541003059625,1.1124479950007975,0.08040610530516501
0.8423024904518771,0.8045108303564338,0.037791660095443325
2.421658629477484,2.3754627178806427,0.04619591159684111
0.6682902643613364,0.8872618360253028,-0.2189715716639664
0.8920499777892897,0.9288123555607968,-0.03676237777150704
0.6273855693561574,0.5440899919814094,0.08329557737474802
0.866520710087515,0.9058649537197746,-0.039344243632259635
0.5886282802122461,0.5843881106286868,0.004240169583559328
0.7315098993779066,0.7700978158502884,-0.0385879164723818
0.38356230187482,0.3807412742187981,0.0028210276560218794
0.4934597637506037,0.6640504985013849,-0.17059073475078118
1.3523724655819134,1.4363863475408127,-0.08401388195889936
1.696585836936263,1.3386967075902385,0.35788912934602446
2.070894539370689,1.981427337314037,0.08946720205665204
2.2491789743559303,2.1573336367237816,0.09184533763214864
1.3014540768249814,1.0924443644955202,0.2090097123294612
0.8888853793581566,0.9131128767800908,-0.024227497421934197
0.9683665294920164,0.9696855044339723,-0.001318974941955875
0.1032557353012525,0.15736452333531376,-0.05410878803406126
0.6001519393203054,0.529537889259901,0.07061405006040444
0.3097638664607957,0.33535163859982314,-0.025587772139027465
2.262054368392404,2.173529454172262,0.0885249142201423
0.6814911606378963,0.7213692458702816,-0.03987808523238534
1.7158265953975522,1.6568830873395644,0.05894350805798787
0.3586569122218023,0.39983799145963794,-0.04118107923783565
0.8024918421882224,0.7591668249971437,0.04332501719107873
1.3871514023400664,1.3299308946903325,0.057220507649733854
0.121755073667177,0.2893697075758382,-0.1676146339086612
1.271675205588019,1.2931536391632736,-0.021478433575254696
1.5631030751110675,1.315290393770178,0.2478126813408894
1.3721692893046025,1.4342581612589302,-0.06208887195432777
0.7378707422244842,0.7550478925233104,-0.01717715029882616
0.8501009650486689,0.9436452371876389,-0.09354427213896999
0.8651463703059233,0.7714842467942895,0.09366212351163383
1.5215383352540857,1.2126313531919195,0.30890698206216616
0.8205616992299927,0.7155296227545702,0.10503207647542245
1.3483850715586856,1.4363863475408127,-0.08800127598212715
1.6877566073134014,1.7564015886056583,-0.06864498129225693
0.7450227346788448,0.793721526270539,-0.04869879159169421
0.8998981818984999,1.4797910333999005,-0.5798928515014006
0.34362506967392,0.3926573866850849,-0.049032317011164894
1.574631255037862,1.8048927220816646,-0.23026146704380257
0.7641685551872003,0.6920163542621621,0.07215220092503816
2.049976543740898,2.13774004670008,-0.08776350295918212
2.093553064137601,2.0402417963657387,0.05331126777186235
2.632136071132147,2.7359735070624875,-0.10383743593034067
1.877854035071568,1.8943724070279433,-0.01651837195637529
2.1662755360850405,2.171981103933935,-0.005705567848894422
1.8533329188085248,1.6705948331889224,0.18273808561960236
0.89028232348659,0.864205228831373,0.026077094655217015
1.191262759452926,1.131262436561717,0.060000322891208935
0.2030762117098286,0.2782974933458358,-0.07522128163600722
1.2135731783924146,1.4081306286292437,-0.19455745023682902
1.209490846416253,1.0218353246543939,0.18765552176185918
0.3097005744921731,0.4338500673832152,-0.1241494928910421
0.0938161903390063,0.32865491044820455,-0.23483872010919826
2.055261423120891,1.981427337314037,0.07383408580685402
1.622624650781947,1.5259525564463063,0.09667209433564072
1.1173060941173452,0.9831400348445632,0.1341660592727819
0.34409975943859,0.35541994085801876,-0.011320181419428754
1.3589683927748746,1.3770436915815252,-0.018075298806650597
0.467817474567788,0.5162081100427497,-0.048390635474961696
1.2326014566009944,1.3736243100621723,-0.14102285346117793
1.6994791839647985,1.562142895177813,0.13733628878698556
2.0393028064031813,2.013099730373834,0.02620307602934746
1.0502482533616342,1.014742604427348,0.035505648934286205
1.92639897500515,1.8855058211561504,0.04089315384899961
0.3466947301521191,0.466084329114253,-0.11938959896213391
1.4687980418633009,1.4419942183961934,0.026803823467107524
1.1279391448459524,1.6327139529395078,-0.5047748080935555
1.373615962692286,1.46164557521987,-0.08802961252758412
0.5205577679585728,0.6412195943854323,-0.12066182642685952
1.1371933347210657,1.0000897951512984,0.13710353956976729
1.604875774402025,1.6300101550607895,-0.0251343806587645
0.5588494089752835,0.4851516997892739,0.07369770918600954
2.27999311991869,1.6417320618209639,0.6382610580977259
0.1392417405351388,0.26139917869563384,-0.12215743816049504
0.5374567235808236,0.6657495754120701,-0.1282928518312465
1.528699369345916,1.4946567682855563,0.034042601060359834
2.218762661854502,2.2401690013117106,-0.02140633945720838
1.2255037144777865,1.6420894761012317,-0.4165857616234452
0.3230777842183965,0.3679442636234018,-0.04486647940500532
0.0756604369817718,0.19902299139347657,-0.12336255441170477
0.9619243111487092,0.9746498299152335,-0.01272551876652428
1.782884436153263,1.644609675362563,0.1382747607907
1.0838834138658446,1.1515961638389436,-0.06771274997309895
2.031997103073824,2.0347683120975146,-0.002771209023690435
1.180914522583121,1.1613607090166485,0.019553813566472567
0.2489719305987284,0.5207520703686768,-0.27178013976994836
2.125990198056716,2.483187779707663,-0.3571975816509467
0.987336036550708,0.9008609029370713,0.08647513361363668
0.7775141189291126,0.7548339204746337,0.022680198454478884
1.6124617689992748,1.8233008279722807,-0.2108390589730058
0.4488796134934076,0.4917776948205856,-0.042898081327177984
0.7277756732291694,1.782066115857881,-1.0542904426287116
0.703155097434954,0.928296227449245,-0.22514113001429104
2.043520762941387,1.917675420447559,0.12584534249382795
0.1606525092045378,0.24233482123847783,-0.08168231203394002
0.5446087160351845,0.5851784238701199,-0.04056970783493541
1.0350581808921953,0.9761844897961991,0.05887369109599616
1.1268134518669488,1.347532963505382,-0.22071951163843329
1.605540340072563,1.4767273348128884,0.12881300525967454
1.6826254370362308,1.4927358449498933,0.1898895920863375
1.429710730420072,1.0672893369789627,0.36242139344110935
0.5289394329823408,0.5316276837536755,-0.0026882507713347215
0.7382369315800158,0.7771653146492109,-0.038928383069195105
1.145150039492582,1.0805082513118838,0.06464178818069821
0.6215265414398263,0.7985669417216775,-0.1770404002818512
0.0925141841635069,0.20157896845965823,-0.10906478429615132
1.7626942981626337,1.8121541744091634,-0.0494598762465297
0.684262444801089,0.6869390131003621,-0.0026765682992730966
2.2472259639534253,2.3426297465788384,-0.09540378262541305
0.8970093556886992,0.8489642566094686,0.0480450990792306
1.5788627752981108,0.790444345850239,0.7884184294478718
0.7778757872127415,0.7155296227545702,0.062346164458171316
0.5345769390084926,0.49405418651300737,0.040522752495485204
1.1251497774078203,1.09228578319562,0.03286399421220021
1.0502120865585882,1.0723083144012535,-0.022096227842665295
1.6813234308607317,1.815456492737294,-0.13413306187656238
0.6778699559702002,0.5843881106286868,0.09348184534151338
1.1321164147750484,1.1870661644200224,-0.05494974964497401
2.5577544457974826,2.500345796978239,0.057408648819243346
1.6330768672421558,1.599196554691484,0.03388031255067192
0.5207657273925478,0.49405418651300737,0.02671154087954042
0.6326794903736191,0.7083252064948886,-0.07564571612126947
2.1398511391850787,1.8660479658564746,0.27380317332860415
0.1375464198385313,0.26729173172958665,-0.12974531189105534
0.691509375208384,0.9009970835302883,-0.20948770832190433
0.1095080777386917,0.1711813874861151,-0.06167330974742341
1.214933955717802,1.226664998338807,-0.011731042621004883
1.7441497513561937,1.2475539409251075,0.49659581043108614
0.6964145027766403,0.8564733624670366,-0.16005885969039635
1.5010769458608586,1.3079181364456511,0.19315880941520747
1.0543622313221073,1.2528818056942217,-0.19851957437211443
1.5062985332722283,1.4927358449498933,0.013562688322334981
0.2745102399379727,0.2700678427675567,0.0044423971704160015
2.530267647633972,2.5950480494313917,-0.06478040179741962
0.3474542337755911,0.4112414326690122,-0.0637871988934211
2.0455777519216234,1.9937977896709662,0.051779962250657174
1.5804541161511467,1.562142895177813,0.01831122097333382
1.248985034836794,1.3546459304216696,-0.10566089558487568
2.144060055098486,2.1354557598933104,0.008604295205175472
1.4770576437685583,1.42734789604569,0.04970974772286829
0.8962136852621811,0.9888775326753533,-0.09266384741317213
1.3726258955411654,1.7560863404932154,-0.38346044495205
2.061337452108666,1.9937977896709662,0.06753966243769982
1.9083788477289665,1.8388479702000777,0.06953087752888876
1.1390468853392297,1.0916908146366497,0.04735607070257997
1.7167443289425808,1.8943724070279433,-0.17762807808536252
2.015939026824942,1.8935185179814344,0.12242050884350775
0.9403733958326924,0.9429192426380375,-0.0025458468053450867
0.7923063560587087,0.793721526270539,-0.0014151702118303522
2.313112903289617,2.5780324995119415,-0.2649195962223243
0.3141084079489175,0.40159104221511166,-0.08748263426619418
2.08187569592672,1.8935185179814344,0.1883571779452855
0.9843613140254428,0.940749831963029,0.04361148206241383
1.4511712286018894,1.385053654460771,0.06611757414111841
1.2189303913784992,1.2605563367237904,-0.04162594534529118
0.3244476031812534,0.4356028010223941,-0.11115519784114075
0.8127406202863591,0.7330675785108064,0.07967304177555268
2.249215139386801,2.16766808937442,0.08154705001238138
1.0975544790883398,1.3156979191169889,-0.21814344002864905
1.3007397816420252,1.2550328672172164,0.04570691442480879
1.067210500952508,0.9900412539933301,0.07716924695917782
0.6253692679977018,0.5843881106286868,0.040981157369014976
0.4839117181260513,0.5578769235337505,-0.07396520540769919
1.3949905648118068,1.6491501925196723,-0.2541596277078655
1.949536711114972,1.7797112567473758,0.1698254543675961
1.1323831451057431,1.3859309777128939,-0.25354783260715075
1.4656334434321676,1.3825703364005697,0.08306310703159792
1.889879509109874,2.061886649705281,-0.17200714059540712
1.262751038012223,1.46164557521987,-0.19889453720764694
2.247804632295828,2.171231957860541,0.07657267443528726
1.3283215175053018,1.3511181996624384,-0.022796682157136594
0.6034431216886841,0.7219106995154222,-0.11846757782673811
0.6720877824786962,0.7607218363224659,-0.08863405384376977
1.3004504469644886,1.315290393770178,-0.014839946805689452
2.007729154685271,1.8944094803105604,0.11331967437471069
1.494811040967215,1.4745881808098495,0.02022286015736552
1.4006325916566935,1.476613514018042,-0.07598092236134857
1.465854965322347,1.359924737126524,0.10593022819582298
1.8562398277869288,1.6951917787088064,0.1610480490781223
0.1680004054918582,0.2526650373184599,-0.0846646318266017
1.2323121219234576,1.0446461371613351,0.18766598476212248
1.671395633424443,1.2475539409251075,0.42384169249933557
1.207781963263441,1.1409964550057072,0.06678550825773377
0.1017367280543087,0.1753857110662074,-0.0736489830118987
1.3353152800381058,1.65880857342103,-0.3234932933829242
2.0788376814328324,2.121473266416209,-0.042635584983376607
1.9564084087570903,1.821968877915509,0.13443953084158133
0.3791951560398564,0.5162081100427497,-0.13701295400289332
2.261837368080463,2.0307407415889136,0.23109662649154927
0.9491709794712424,0.9746498299152335,-0.02547885044399112
1.660093496206563,1.5401285182228392,0.11996497798372374
0.8381885124914041,0.49518651906741096,0.3430019934239932
0.5643467686079856,0.7219106995154222,-0.1575639309074366
0.8751645846232432,0.8366975778458785,0.0384670067773647
0.7299592461466514,0.7607218363224659,-0.030762590175814508
0.3770115831223745,0.4356028010223941,-0.05859121790001964
2.4816594157317677,2.37042031504072,0.11123910069104781
2.1663704740379743,1.9311829234656235,0.23518755057235086
1.882302556656429,1.726363164826243,0.15593939183018612
0.829847535089417,0.7208126522689319,0.10903488282048512
1.219762228861231,1.1611826587003102,0.05857957016092086
2.5087845458648164,1.7790281391571057,0.7297564067077107
1.8556702000693248,2.0482346509527805,-0.19256445088345564
1.1710816630997665,1.1409964550057072,0.030085208094059235
1.7883908374234343,1.7427485234531648,0.04564231397026952
1.1104705615060977,1.0982956248603648,0.012174936645732881
1.6543068018963245,1.6367700293686593,0.017536772527665168
1.0004163768171142,0.928296227449245,0.07212014936786915
1.5861323100522473,1.457488743431764,0.12864356662048326
1.8006016665488735,1.5878311752728962,0.21277049127597736
1.2481622392446998,1.2580063800424213,-0.009844140797721446
0.732522570875869,1.3279053621317085,-0.5953827912558395
1.70816826719421,1.658702466326771,0.0494658008674389
1.051830552577201,0.9025927935829555,0.1492377589942454
0.3653206524552889,0.39983799145963794,-0.03451733900434906
1.8555752621163908,1.7395268323543254,0.11604842976206542
2.061979412419691,1.9543119750350348,0.107667437384656
1.3670335979555293,1.3254532698037784,0.041580328151750834
1.95374110545014,1.847948165970054,0.10579293948008583
2.208961447342788,1.9600102688979193,0.2489511784448688
2.704410977720989,2.770540763347255,-0.06612978562626637
1.1073918593904288,1.1734165277946251,-0.0660246684041963
1.2420862102569243,1.0352696889005266,0.20681652135639772
0.438214916780489,0.5692234825828737,-0.13100856580238468
0.5140748619934847,0.5648573386559513,-0.0507824766624666
2.360455295819369,2.1373779545122638,0.22307734130710521
2.368421043241026,2.572282190956745,-0.20386114771571906
0.4937490984281404,0.6289923984665902,-0.13524330003844975
0.7979122161005491,0.7646834869436643,0.033228729156884795
0.3700178205895703,0.3065988845543966,0.06341893603517368
0.4258729828990699,0.38863925675886357,0.037233726140206314
1.0284758161554386,0.9251843699494554,0.10329144620598318
0.7633005511545901,0.6754023757979021,0.08789817535668798
0.1565973023939526,0.34934905168871155,-0.19275174929475897
1.3814867711483385,0.9911569008814625,0.39032987026687604
1.5654448779501062,1.9027196211001793,-0.3372747431500731
1.475601928490237,1.3386967075902385,0.13690522089999857
1.0501216694243891,0.8715605776758804,0.17856109174850876
1.912284866002296,1.6214097191671497,0.29087514683514626
0.4686131452474739,0.3873342910953513,0.0812788541521226
1.8009542931950333,1.644609675362563,0.15634461783247033
0.5398256515854386,0.5035548036474642,0.036270847937974415
1.6473446853478315,1.6243642569984236,0.022980428349407944
0.5140748619934847,0.49035633942492246,0.023718522568562272
2.43488665091962,2.373126500374801,0.06176015054481887
1.7892091121967943,1.2085349867388129,0.5806741254579815
0.4229344271768508,0.3999265188317668,0.023007908345084038
1.5977418654757711,1.4767273348128884,0.1210145306628827
2.1401781485335225,2.0061366046249636,0.13404154390855894
1.3659847596545205,1.8768653460771432,-0.5108805864226227
1.6994023295399712,1.5176751724284163,0.18172715711155485
0.6472682891411429,0.5851784238701199,0.062089865271023004
0.0878305784854299,0.18763376718880975,-0.09980318870337986
0.514165279127684,0.5851784238701199,-0.07101314474243592
0.8385999102874515,0.8529989088486026,-0.014398998561151122
1.2312632836224489,1.3586797089554006,-0.12741642533295172
2.506433699869301,2.353157275540406,0.1532764243288951
1.0185389770816804,0.9275230803496175,0.0910158967320629
0.3057900348937722,0.18187776427714136,0.12391227061663085
0.4642595618687145,0.597872230167277,-0.1336126682985625
0.5908118531297282,0.46862634413064014,0.12218550899908803
0.2560967978875126,0.4384390198524132,-0.18234222196490057
2.080316002070667,1.860390430890763,0.21992557117990397
1.0397417865702725,1.0849214231071111,-0.04517963653683865
0.8056564406193556,0.867665777356187,-0.0620093367368314
1.255852213432353,1.097230644630641,0.15862156880171208
0.3986257904070137,0.4749985463120322,-0.07637275590501852
1.2337000244144214,1.218072172965074,0.015627851449347308
1.6055086940882517,1.5315893532830336,0.07391934080521811
0.1583016647280297,0.14910125840134622,0.00920040632668348
1.5285773062274053,1.5163728395109433,0.012204466716462026
0.4618861130453647,0.5648573386559513,-0.10297122561058664
0.913609934742776,0.8221892403328991,0.09142069440987688
1.9738363054878356,1.9600102688979193,0.013826036589916324
0.9955639924716542,1.0866743921081254,-0.09111039963647127
0.7072781170328963,0.7191171127026087,-0.01183899566971236
0.7898018024793785,1.216958478130569,-0.4271566756511904
1.2912279030736868,1.3735225801739055,-0.08229467710021865
0.2639721271622994,0.25240860709921603,0.011563520063083366
1.3607586514244163,1.1855732685340237,0.17518538289039265
0.2912193196543556,0.4194529453911634,-0.1282336257368078
0.1298383621227707,0.18307631928394413,-0.05323795716117344
2.2931940169547538,2.1685010917745693,0.12469292518018449
1.131325265167265,1.4638973298398483,-0.3325720646725834
1.6161733908011702,1.347532963505382,0.2686404272957881
1.8543094227439372,1.5472545596534903,0.30705486309044683
0.7698648323632399,0.7083252064948886,0.061539625868351266
2.1685630875802544,2.340549430552379,-0.17198634297212445
2.202234414887511,2.632557141628749,-0.43032272674123817
2.3198534979479306,2.2001781318430975,0.11967536610483309
2.038457405451574,1.6705948331889224,0.3678625722626514
0.8919233938520446,0.8883731460077632,0.0035502478442813734
0.2977248299662854,0.42011375806648266,-0.12238892810019725
0.7793269816723281,0.8638418761009988,-0.08451489442867077
1.5962590250318731,1.1811586099677551,0.415100415064118
1.6766579084575937,1.59532039051349,0.0813375179441036
1.918975730895024,1.9196019448935087,-0.0006262139984847259
1.25506106382457,1.12448327568066,0.13057778814391008
2.0721784625244166,1.9465852853877752,0.12559317713664142
1.5295312065754805,1.5054368264234295,0.02409438015205101
0.2888458708310057,0.33535163859982314,-0.04650576776881743
0.1657113458756161,0.3482807669436208,-0.18256942106800472
2.4758365546184824,2.363514949896423,0.11232160472205921
1.0009438098045804,0.9277466968743072,0.0731971129302732
0.998412131059674,1.0840613584696357,-0.08564922740996173
0.5173660443618632,0.4031310152357443,0.11423502912611888
0.1419135656734949,0.24031660901700372,-0.09840304334350883
0.4829939845810226,0.597872230167277,-0.11487824558625437
1.0018931893339205,0.9909172340220805,0.010975955311839924
1.4466729780109455,1.2475539409251075,0.199119037085838
0.4877454030464571,0.5496208706487973,-0.061875467602340195
1.9514173863923767,2.6221060968461227,-0.670688710453746
1.299907944412461,1.3046537655733061,-0.004745821160845098
0.1015965816608589,0.24031660901700372,-0.1387200273561448
2.3521459641485247,2.3785884872911494,-0.02644252314262463
0.5467922889526664,0.6295301376525902,-0.08273784869992384
1.373543629086194,1.3845671535396822,-0.011023524453488198
1.0935399598995357,1.2126313531919195,-0.11909139329238383
1.42732371888735,1.3568939150292858,0.07042980385806419
1.3823683378903209,1.2409756395613625,0.1413926983289584
0.9640626756256752,0.9288123555607968,0.03525032006487838
2.5081787505846624,2.3592232027518865,0.14895554783277598
1.823359650087456,1.7564015886056583,0.06695806148179773
1.489349848137559,1.4363863475408127,0.05296350059674637
0.3013460346339816,0.6765959928600802,-0.37524995822609863
1.849404295175681,1.7772696481057342,0.07213464706994688
1.826280121268896,1.4638973298398483,0.3623827914290476
0.3460934564502039,0.40159104221511166,-0.055497585764907764
0.8611318511171192,0.8588639071175588,0.002267943999560429
1.8358598138904316,1.7427485234531648,0.09311129043726685
0.7388517677381353,0.8054637568493082,-0.06661198911117283
1.819227588345708,1.8517700854200607,-0.03254249707435264
1.438752440295643,1.3731069952807071,0.06564544501493597
1.88029077586354,1.8877455534835765,-0.007454777620036435
0.954677380741414,0.9573735763768442,-0.0026961956354302208
1.9767341738414417,2.0988090235678207,-0.12207484972637905
0.5638494744964739,0.6189067313929665,-0.055057256896492546
1.807441719978856,1.3735225801739055,0.43391913980495045
2.14378880344272,2.1354557598933104,0.00833304354940978
0.1675151669813619,0.23835401027387126,-0.07083884329250936
0.8936820065172746,0.7128823512250427,0.18079965529223185
0.8538984831660288,0.9188105706292264,-0.06491208746319765
0.9827157228412536,0.9266552759528539,0.05606044688839973
1.2320951208520132,0.9481750489449023,0.2839200719071109
1.791668457335609,2.1520971747147373,-0.3604287173791283
1.9525385580463095,1.5080971258181106,0.4444414322281989
1.8691197434016404,1.6980311803740968,0.1710885630275436
1.9439670178761768,2.1187891558454277,-0.17482213796925095
1.5224696312553188,1.6243642569984236,-0.10189462574310482
1.9017783992109345,2.0989101586579793,-0.19713175944704475
2.482893609119909,2.1876850446948097,0.29520856442509924
2.027064851099494,1.8641234955080739,0.1629413555914203
1.3730734601402588,1.0672893369789627,0.3057841231612961
0.1500194584759305,0.26729173172958665,-0.11727227325365613
1.1235403530266774,1.0708892978506328,0.052651055176044625
1.7286432190436414,1.4362742358863771,0.29236898315726423
1.8058820251101315,2.091580486836328,-0.2856984617261966
1.034949680483057,1.1515961638389436,-0.11664648335588668
0.5532164237678666,0.5809479084390741,-0.02773148467120745
0.9262683284673084,0.9277466968743072,-0.0014783684069987757
0.5535645295952912,0.5102145820512172,0.04334994754407406
0.2505271046487184,0.31971234650448266,-0.06918524185576425
1.4743044431334724,1.7387450231623807,-0.26444058002890825
2.055293069105202,2.4364206376524473,-0.3811275685472455
2.4898240796840905,2.8648496983101337,-0.3750256186260432
2.4515640846516917,2.374316468148784,0.07724761650290768
0.8748662083082368,0.7959102460338179,0.07895596227441892
1.123920104838413,1.1308218319540557,-0.006901727115642631
2.488567280936435,1.9600102688979193,0.5285570120385159
0.4499028337371966,0.5102145820512172,-0.060311748314020586
0.7388834137224467,0.7083252064948886,0.030558207227558087
0.6088319806590797,0.6043579611387739,0.004474019520305794
0.1149828330245521,0.3032630869366185,-0.18828025391206643
2.4718491605952546,2.4941817035958156,-0.022332543000560978
2.4961849225306683,2.5470122666629953,-0.050827344132327035
1.0276078121228285,0.9251843699494554,0.10242344217337307
0.0703439116174681,0.18187776427714136,-0.11153385265967326
0.5432615011660016,0.4687269806322612,0.07453452053374038
1.965007075864974,1.6172421525811984,0.3477649232837756
1.216507213295899,0.9843819066346746,0.23212530666122433
0.5249610805965826,0.5378360526216596,-0.012874972025076925
1.494304705218234,1.9142310797739035,-0.4199263745556694
1.5234551775877043,1.3330312545073628,0.1904239230803415
0.5920776925021815,0.5220179556120887,0.0700597368900927
0.6303693335188921,0.6412195943854323,-0.010850260866540173
0.5856852036712923,0.5035548036474642,0.0821304000238281
0.1163842979717203,0.18763376718880975,-0.07124946921708945
0.2497314342222004,0.34902217325594476,-0.09929073903374436
0.8991070322907166,0.9603812684716189,-0.06127423618090222
0.857777376780118,0.9025927935829555,-0.044815416802837515
1.934889139425385,1.8388479702000777,0.09604116922530737
0.8330935090172796,0.7907012690773288,0.04239223993995078
1.001682216189567,0.928296227449245,0.0733859887403221
0.3399315311469639,0.5378360526216596,-0.19790452147469567
0.3391629858860224,0.41484329770723827,-0.07568031182121587
1.282041525985931,1.1660600455910761,0.1159814803948549
1.5916477529598885,1.6805811909161896,-0.08893343795630115
1.0868626572098448,1.0434217445111384,0.04344091269870631
1.6722817209851604,1.8660479658564746,-0.19376624487131422
1.5843691765682824,1.457488743431764,0.1268804331365183
0.9578781459755936,1.097230644630641,-0.1393524986550474
1.9974442097840883,1.930988424294414,0.06645578548967435
0.8530304791334183,0.8064557556997317,0.04657472343368663
0.6971152352502245,0.6359394959671032,0.061175739283121255
0.1745767423015235,0.25240860709921603,-0.07783186479769252
0.7551178036741597,0.71991681457678,0.035200989097379676
0.24568074823035,0.40705893397826154,-0.16137818574791155
0.4942599549958565,0.6043579611387739,-0.11009800614291743
1.5509419754980471,1.3731069952807071,0.17783498021734
0.6796828187134156,0.6039699443878663,0.0757128743255493
0.9011323752866416,0.8457994982152557,0.0553328770713859
1.4263607769018056,1.8390994120848354,-0.4127386351830298
0.3691633790131642,0.3807412742187981,-0.011577895205633904
1.6259158331503254,1.5967459771076593,0.029169856042666087
0.114358954975795,0.20830500625910486,-0.09394605128330986
0.120977486515598,0.32865491044820455,-0.20767742393260655
2.396269509434997,2.318937645161017,0.07733186427397998
1.5149378869892218,1.4340595772171383,0.08087830977208355
2.448856092203953,2.423622651859376,0.025233440344576863
0.7627444858931903,0.649907096424685,0.1128373894685053
0.1118055761996945,0.4206267624700093,-0.3088211862703148
0.5096625077180053,0.5449357714350803,-0.035273263717075065
0.3168209209622226,0.34934905168871155,-0.03252813072648897
0.8359235640771926,1.2051128011109673,-0.3691892370337747
0.8178763113822641,0.8588639071175588,-0.040987595735294646
1.6113044300359602,1.5315893532830336,0.07971507675292666
2.542889873795955,2.811785173585366,-0.2688952997894112
2.379849762623976,2.3944767039764603,-0.014626941352484213
0.3625810142764075,0.3065988845543966,0.05598212972201089
1.0486976001303792,1.150987242441903,-0.10228964231152382
0.2206532954588217,0.19767481415721205,0.02297848130160965
0.4036891478968267,0.32677585658372627,0.07691329131310043
0.7621432121912751,0.8684408248294406,-0.1062976126381655
1.157157430002781,1.0325150545321193,0.12464237547066159
0.6208032046194005,0.6200633157808249,0.0007398888385756752
0.255047959586504,0.4356028010223941,-0.18055484143589012
2.336784099554493,2.362748802633143,-0.025964703078650064
1.1539747482967089,1.036371677490478,0.11760307080623078
0.1682113786362111,0.20830500625910486,-0.04009362762289376
0.3587744545215782,0.6765959928600802,-0.317821538338502
1.3611022364331058,1.5546510910588842,-0.19354885462577842
1.748159749726263,1.3737444649433852,0.3744152847828779
2.0543120435915507,1.6243571976572524,0.42995484593429834
0.2033067752374774,0.2893697075758382,-0.08606293233836079
1.9074023437935528,1.815456492737294,0.09194585105625874
1.1037390084852536,1.4638973298398483,-0.3601583213545947
0.2670915171529169,0.3830980450784024,-0.11600652792548549
1.4283002235822666,1.5020568068732019,-0.07375658329093526
1.85550292952297,1.764018184498623,0.091484745024347
1.4749057168353878,1.7369228497510314,-0.26201713291564355
2.406794057475956,2.344189143749995,0.062604913725961
2.1396612632792107,2.0159133296032827,0.12374793367592796
1.5872806071249248,1.4674178378705052,0.11986276925441963
1.1199010648308745,0.9408831357254206,0.1790179291054539
0.8043906012469023,1.216958478130569,-0.4125678768836666
1.2632257277768932,1.1613607090166485,0.10186501876024479
0.4085309834964603,0.30569712263208737,0.1028338608643729
0.8209098050574172,0.7846720997208759,0.03623770533654125
1.4237070350383887,1.3737444649433852,0.04996257009500349
1.17328784036409,0.9778877743526019,0.19540006601148818
1.7892769249841518,1.3979889137790975,0.3912880112050543
0.7298823917218242,0.9131128767800908,-0.18323048505826656
2.0990911113920845,2.0488881783563953,0.050202933035689234
0.5030575386344067,0.43413837104434655,0.06891916759006017
2.212541965148207,2.0482346509527805,0.16430731419542655
1.3432358177534085,1.3980190264855286,-0.05478320873212006
1.509463131703361,1.4245817932784717,0.08488133842488943
0.3964603010176387,0.4412857594133688,-0.0448254583957301
2.187573283526566,1.917675420447559,0.2698978630790072
0.6093383164080611,0.7894434043343873,-0.18010508792632618
1.3320964312758197,1.0918203192123939,0.2402761120634258
0.548071690781324,0.7029757489690023,-0.15490405818767827
1.710220735355712,1.6848272877710866,0.02539344758462536
1.3550623742483767,1.5515982310876482,-0.19653585683927144
1.116722903943537,1.060362454389656,0.056360449553880976
1.2024744795366071,1.3980190264855286,-0.19554454694892143
1.6723902213942987,1.8855058211561504,-0.21311559976185168
1.451917169769157,1.8003964388739824,-0.3484792691048253
1.6399485666564495,1.562142895177813,0.0778056714786366
0.343055441956316,0.41484329770723827,-0.07178785575092228
1.481709603462324,1.422376090180147,0.059333513282177064
1.2242695210896448,1.2346991348007437,-0.01042961371109885
0.1438439707164861,0.2205457213142274,-0.07670175059774129
0.6539681961776757,0.6462407079050569,0.00772748827261871
1.6480499386401504,1.454097721370135,0.19395221727001544
1.4248643740017035,1.3079181364456511,0.11694623755605238
2.34646777075376,2.291338712375394,0.055129058378366125
2.418403614671654,2.3370180701007968,0.08138554457085734
0.9353100383428794,0.9454514990533759,-0.010141460710496486
2.423747264442031,2.363514949896423,0.060232314545607846
2.3598223761331423,2.3878388675539455,-0.028016491420803202
1.949392043396452,2.1520971747147373,-0.20270513131828527
1.0846429174893166,0.9698506550728098,0.11479226241650686
1.5217553360723624,1.599196554691484,-0.07744121861912157
0.1481387829453577,0.32865491044820455,-0.18051612750284685
1.2158923768846113,0.982931655357878,0.2329607215267333
2.0899725463321825,1.890350476448224,0.19962206988395859
2.26447754698134,2.4790493786179555,-0.21457183163661542
2.560268040761114,2.249270956458555,0.3109970843025587
1.1853449603867074,1.1858643635215587,-0.0005194031348512151
2.0336246104767386,1.877198630932478,0.15642597954426063
1.094647569350432,1.0982956248603648,-0.003648055509932746
1.0818580708699197,1.2984221796144815,-0.21656410874456178
1.2978102678104435,1.1660600455910761,0.13175022221936739
2.124077876795,2.1012137715993866,0.022864105195613327
1.7029572285286667,1.6243571976572524,0.07860003087141432
1.4279385552986377,1.5240801726631663,-0.09614161736452864
0.947932265264366,0.8642106580960962,0.08372160716826982
0.1298745291789848,0.18307631928394413,-0.053201790104959346
1.6785024174382883,2.138460433035246,-0.4599580155969578
1.426998217406767,1.2916540584807317,0.13534415892603535
1.222836410158165,1.035424048781554,0.187412361376611
0.1325508751360758,0.3842816240420833,-0.25173074890600755
0.7421429501065139,0.7217688518979662,0.02037409820854763
0.3253562950888125,0.4255056046376028,-0.10014930954879031
1.0642990703958657,1.1660600455910761,-0.10176097519521043
0.9070185283685496,0.8642106580960962,0.04280787027245336
1.7335121798088515,1.877198630932478,-0.14368645112362644
1.217773052668352,1.2528818056942217,-0.0351087530258698
1.3777028154871829,1.2407190164405983,0.13698379904658453
1.414954660093522,1.3079181364456511,0.10703652364787097
0.0585896889817599,0.26924067700769005,-0.21065098802593016
1.809340479037536,1.7203324061785699,0.08900807285896617
0.906607130572502,0.9132517264995862,-0.006644595927084218
0.6386334562428843,0.578685654057417,0.05994780218546725
2.7265089179267745,2.3811699314613772,0.3453389864653973
0.1146347271971275,0.2205457213142274,-0.1059109941170999
1.1555660891497446,1.1219836450619547,0.033582444087789876
0.8632295277191366,1.0000897951512984,-0.13686026743216173
0.3347009020981247,0.5793777538235668,-0.24467685172544212
2.076807816858669,1.9053967351784147,0.17141108168025454
0.9610246611317876,1.2528818056942217,-0.29185714456243406
0.0779823481677436,0.4206267624700093,-0.34264441430226567
1.7579790465002454,1.68370278902544,0.07427625747480548
1.9258112635062712,1.9096788272411676,0.016132436265103633
1.299397087844745,1.1477932963853459,0.15160379145939906
0.8278402756215989,0.7771653146492109,0.050674960972387995
1.954166065449224,1.9056899829744196,0.048476082474804505
1.0755966867950106,1.20707160304724,-0.1314749162522293
1.9859928850416249,1.9623018622937571,0.023691022747867718
0.6663734220277174,0.6295301376525902,0.03684328437512718
1.4973427197121216,1.6319920497696845,-0.13464933005756285
0.6812244303072014,0.649907096424685,0.03131733388251634
0.3999549217480896,0.38863925675886357,0.011315664989226037
1.9738408270660737,1.8935185179814344,0.08032230908463922
1.570571527408542,1.422376090180147,0.1481954372283949
1.0916231173127486,0.934651355865292,0.15697176144745661
2.0545019194974183,2.010267299845051,0.044234619652367524
2.5390561906477243,2.528218663038568,0.01083752760915635
0.9492704382429116,0.8968925559405174,0.05237788230239415
0.7610582070872203,0.7607218363224659,0.0003363707647543457
1.0278745424535232,1.0708850344252123,-0.04301049197168916
1.7211431207618555,2.0988090235678207,-0.37766590280596524
0.5180532143792429,0.7894434043343873,-0.2713901899551444
1.5116647881489504,1.0230210790179186,0.48864370913103183
1.9048797056734448,1.9027196211001793,0.0021600845732654417
1.7819034106396117,1.7118436048786303,0.07005980576098136
1.3181631565413643,1.755066769416599,-0.4369036128752346
1.5726918083574013,1.4483796071295953,0.12431220122780595
0.031469080426949,0.13868620400975046,-0.10721712358280146
0.930753016602048,0.8760487188974355,0.05470429770461249
1.4916147965517708,1.4870610950724619,0.0045537014793088915
1.5491698003766123,1.605314602804948,-0.05614480242833575
2.3702655509558817,2.41742614593588,-0.04716059497999847
0.5755223218886203,0.5053365113880669,0.07018581050055339
1.9487093939446385,1.8033502805049684,0.14535911343967012
2.390044291150464,2.3616636602167977,0.02838063093366605
1.687761128132136,1.5891380576960694,0.09862307043606666
2.593668116412605,2.500345796978239,0.09332231943436575
1.2404406190727348,1.1611826587003102,0.07925796037242461
0.9726342163021432,0.5793777538235668,0.3932564624785764
0.8701735609926904,1.0577649327753598,-0.18759137178266938
1.6219736475676136,1.3979889137790975,0.22398473378851613
2.1208228619891707,1.912330559954565,0.20849230203460567
1.8021206737958173,1.5456654292434955,0.2564552445523218
2.488083550546967,2.3731014371098054,0.1149821134371618
0.9353100383428794,0.9277466968743072,0.007563341468572182
1.1089832002434652,1.1597479158155786,-0.05076471557211337
0.5279629282874243,0.5793777538235668,-0.05141482553614252
1.2093100121478546,1.1219836450619547,0.08732636708589991
1.4659182572909697,1.4317396666680164,0.03417859062295325
1.4235623678262042,1.65880857342103,-0.2352462055948259
1.1211352582190162,1.0762782845146683,0.044856973704347824
1.8491511273011905,1.9217931133343664,-0.07264198603317595
1.4050087791291268,1.8003964388739824,-0.39538765974485557
1.864327637567593,1.8521233069187995,0.01220433064879356
0.2771458982732828,0.3679442636234018,-0.09079836535011904
1.5918059828814453,1.315290393770178,0.27651558911126717
1.9324750039929257,1.9619273181351846,-0.029452314142258906
1.118983331285846,1.014742604427348,0.10424072685849795
1.3609575689677538,1.4474179350968421,-0.08646036612908836
0.6250528081545884,0.7548339204746337,-0.1297811123200453
0.9724624239243824,0.9756102509103476,-0.003147826985965163
1.3074668138441343,1.2051128011109673,0.10235401273316702
0.4690697514840369,0.6657495754120701,-0.19667982392803324
0.3164095231661752,0.4275098197158614,-0.11110029654968617
1.181178239203438,1.3539598359160614,-0.1727815967126234
2.4575451756865325,2.3731014371098054,0.08444373857672716
0.9236326701319983,0.9888775326753533,-0.06524486254335493
1.5095309444907188,1.4572897576370778,0.052241186853640986
0.3112828737077396,0.466084329114253,-0.1548014554065134
1.1153123971057313,1.0108522125134867,0.1044601845922446
0.3809989771456021,0.4384390198524132,-0.05744004270681108
1.4046109440424517,1.2407190164405983,0.16389192760185334
1.5803501365607433,1.4362742358863771,0.14407590067436615
0.4645624592556235,0.43413837104434655,0.030424088211276956
1.7311613353323434,1.6880555850502204,0.043105750282123045
2.04646383948234,2.091580486836328,-0.04511664735398835
1.686554059909571,1.5163728395109433,0.1701812203986277
1.3565497355110092,1.3825703364005697,-0.026020600889560486
0.3913246096685657,0.4577628210223376,-0.06643821135377193
0.2978694971784699,0.32372031797649725,-0.025850820798027363
1.01267090752788,0.9008609029370713,0.11181000459080859
0.5007292982515724,0.5184533949896114,-0.017724096738038986
0.5762818255120923,0.5272376048753873,0.049044220636704994
1.9432798468461256,1.8388479702000777,0.10443187664604792
1.0325581481316002,0.9094639489674701,0.12309419916413011
1.663999514733061,1.8235666236011945,-0.1595671088681334
0.3339097524903414,0.28530718141063444,0.04860257107970695
1.889942801078496,1.8033502805049684,0.08659252057352762
2.279088948576698,2.3048119439083568,-0.025722995331658893
2.1503711681794777,2.1685010917745693,-0.01812992359509158
0.9405903969041371,0.950096875818481,-0.009506478914343863
0.5233335729405004,0.5863397433270587,-0.06300617038655831
1.3156405194339276,1.3246781150135818,-0.009037595579654223
1.6897819503093268,1.6156988735280504,0.07408307678127635
1.7401307113486544,1.6243571976572524,0.11577351369140199
0.2010508687139034,0.15281386930524138,0.048236999408662024
0.2991624617164997,0.5175078948705308,-0.21834543315403115
0.3678658936563997,0.42011375806648266,-0.052247864410082945
1.8984691330612813,1.7955670717022525,0.1029020613590288
1.801523920912637,1.8131592279717565,-0.011635307059119526
1.4531106752823502,1.3254532698037784,0.12765740547857174
1.6931997166149504,1.59532039051349,0.09787932610146033
1.1036305080761153,1.0859651257170033,0.01766538235911197
2.111925818819448,1.917675420447559,0.19425039837188907
1.1443634107035334,1.3264444217284161,-0.18208101102488272
2.0680464007826687,1.9056899829744196,0.16235641780824905
2.124566128762706,2.3616636602167977,-0.23709753145409174
1.7583271523276698,1.5983605466163007,0.15996660571136911
1.0643412651260031,0.928296227449245,0.13604503767675813
1.297123097793064,1.0886799797059645,0.20844311808709937
0.1057738515899547,0.16235628331793106,-0.05658243172797636
0.5034056444618313,0.6233256160294033,-0.11991997156757195
1.090067943262759,1.0325150545321193,0.05755288873063957
1.6027554934531658,1.4870610950724619,0.11569439838070394
1.532438116313388,1.3279053621317085,0.2045327541816795
1.018132100104368,0.9603812684716189,0.05775083163274908
1.6454820930921978,1.3827908009471812,0.26269129214501663
0.370022341408305,0.5496208706487973,-0.1795985292404923
0.0643492581264222,0.14094555779829887,-0.07659629967187667
0.1370717300738613,0.2119986759914615,-0.07492694591760019
1.3985710818577222,1.2407190164405983,0.15785206541712382
1.554811827221499,1.1435180006844525,0.4112938265370465
0.9303416188060004,0.8684408248294406,0.06190079397655979
0.5595004121896172,0.6295301376525902,-0.07002972546297304
1.5943060156420406,1.5805398692059616,0.013766146436078985
1.100845661456718,0.9907297496603638,0.11011591179635416
2.27918840810787,2.588411628904523,-0.30922322079665276
1.7754295463119931,1.599196554691484,0.1762329916205092
0.4378984569373757,0.46862634413064014,-0.030727887193264414
1.6257711656849734,1.3282403060191004,0.297530859665873
2.23691841369273,2.3811699314613772,-0.1442515177686472
1.9195544017691044,1.815456492737294,0.10409790903181038
1.0916412008408556,1.0708892978506328,0.02075190299022278
0.3709265124971294,0.5440899919814094,-0.17316347948428001
0.3839465745052907,0.5102145820512172,-0.1262680075459265
1.8219988727620684,1.7564015886056583,0.06559728415641009
1.0009121638202692,1.6420894761012317,-0.6411773122809625
0.3295154814898011,0.48244368190997344,-0.15292820042017236
0.7086886238707021,0.7083252064948886,0.00036341737581346845
1.7368078829959646,1.668628273324586,0.06817960967137848
0.2047308445314873,0.49518651906741096,-0.2904556745359237
0.3371466845275667,0.3482807669436208,-0.011134082416054125
0.742974787336078,0.6754023757979021,0.06757241153817595
0.6418523050051705,0.824392157775187,-0.1825398527700165
0.9145502726346464,1.0000897951512984,-0.08553952251665198
1.8823748892498495,1.6417320618209639,0.24064282742888565
0.5265885885058327,0.6769455441417789,-0.1503569556359462
1.2628776219494688,1.4340595772171383,-0.17118195526766944
1.3890230362331697,1.385053654460771,0.003969381772398695
0.4840699480476079,0.5851784238701199,-0.10110847582251198
1.4071787895904042,1.9056899829744196,-0.4985111933840154
0.0797472900298361,0.19559092051072308,-0.11584363048088697
1.100013824227154,1.0786805041296499,0.021333320097504105
1.951706721829417,1.7099472560525049,0.2417594657769122
0.3243074567878036,0.29387009049054436,0.03043736629725924
0.7878081054677649,0.737585049822868,0.05022305564489693
1.1024324814910196,1.235950780469083,-0.13351829897806344
1.887790874145326,1.9135378272804702,-0.02574695313514419
1.7565866231905467,1.6243642569984236,0.13222236619212313
0.7906065145433664,0.7607218363224659,0.029884678220900462
0.1212306543900887,0.24233482123847783,-0.12110416684838912
0.3136382390029824,0.41484329770723827,-0.10120505870425589
1.6874717934545995,1.3979889137790975,0.289482879675502
2.4534492815073348,2.811785173585366,-0.3583358920780313
2.1282687089271315,2.138460433035246,-0.010191724108114641
1.7525359371986966,1.4340595772171383,0.3184763599815583
2.250987314508236,2.4895798523586423,-0.23859253785040613
2.15175002928614,1.9805692293054284,0.17118079998071156
2.139471387373342,2.4909992946348796,-0.3515279072615374
1.9724303199751003,1.8521233069187995,0.12030701305630087
0.1794592655229381,0.26139917869563384,-0.08193991317269575
1.5701104001000763,1.3845671535396822,0.18554324656039412
0.8911638902285725,0.7488729606413852,0.14229092958718725
1.5515839368217434,1.457488743431764,0.0940951933899794
1.964943783896351,1.9217931133343664,0.04315067056198463
0.9229409792958836,0.8968925559405174,0.026048423355366168
0.919581984140148,0.7714842467942895,0.14809773734585852
2.27243425124652,1.9619273181351846,0.3105069331113355
0.8315745017703357,0.8292524149089051,0.002322086861430539
0.7738251012208911,0.7607218363224659,0.013103264898425171
1.1193630830975818,0.8513064042548664,0.26805667884271545
1.0677484826858006,0.9131128767800908,0.1546356059057098
1.453870178905822,1.6890809881219366,-0.2352108092161147
2.2899751671797954,1.6572755509527586,0.6326996162270369
1.170692869650561,1.1308218319540557,0.03987103769650524
1.1561809253078643,1.1445462261619659,0.01163469914589843
0.9326201296764164,0.7663395556469673,0.16628057402944907
0.1877776385780834,0.35452035474325383,-0.16674271616517042
1.1235222694985705,1.0840613584696357,0.039460911028934786
1.198966296096784,1.1343965498461712,0.06456974625061274
1.0088553058824132,0.9275230803496175,0.08133222553279573
1.5376325785591811,1.5878311752728962,-0.05019859671371507
0.4915790879668629,0.6349032357143796,-0.14332414774751667
1.65205993701022,1.4342581612589302,0.21780177575128978
1.5199063065261007,1.9520635903540955,-0.4321572838279948
0.7620347117821369,0.867665777356187,-0.10563106557405011
2.2629947047652665,2.1452475671594815,0.11774713760578503
2.181076816117945,2.0307407415889136,0.1503360745290312
1.299492025797679,1.1932141684221307,0.10627785737554829
0.0703619951455751,0.3032630869366185,-0.2329010917910434
1.692028815195431,1.667988315304842,0.024040499890588984
1.2754094317367557,1.1515961638389436,0.12381326789781211
1.3741946323005274,1.2475539409251075,0.1266406913754199
0.134250716651418,0.18769965219558576,-0.05344893554416777
0.0946480275685705,0.1753857110662074,-0.0807376834976369
1.151479236354848,1.092387268597133,0.05909196775771508
0.4798248653311547,0.5378360526216596,-0.05801118729050486
1.3620425743249764,1.3827908009471812,-0.02074822662220477
1.3461065606882698,1.523932125947499,-0.1778255652592291
0.9449937095421468,0.9436452371876389,0.001348472354507857
1.1725283367406183,1.46164557521987,-0.28911723847925175
1.552628254304017,1.5315893532830336,0.02103890102098349
0.8104982762189893,0.7330675785108064,0.0774306977081829
0.464707126467808,0.543338095855949,-0.07863096938814107
1.4130378175067353,1.4638973298398483,-0.05085951233311303
2.219124329884964,2.1614069778079594,0.05771735207700468
1.1761676249364212,1.3386967075902385,-0.16252908265381727
1.297195431399156,1.3141373394155555,-0.0169419080163995
1.8374195077464848,1.9135378272804702,-0.0761183195339854
2.127635789240905,2.3137751562518556,-0.1861393670109508
1.9885968963799523,1.9864065781851106,0.0021903181948417227
0.407455020029875,0.4917776948205856,-0.0843226747907106
1.6003503986455043,1.4870610950724619,0.11328930357304245
0.6592937631794488,0.9403254884620447,-0.2810317252825959
1.1715789572112782,1.09228578319562,0.07929317401565816
1.8912086404509492,1.7203324061785699,0.1708762342723793
1.0238102940054683,0.9094639489674701,0.11434634503799823
1.2616434285613267,1.1409964550057072,0.12064697355561949
0.8131022885699881,1.1811191088818462,-0.3680168203118581
0.3679608316093338,0.4687269806322612,-0.10076614902292741
0.1478630107240252,0.24031660901700372,-0.09245359829297853
1.2287677716805885,1.1235221954493702,0.10524557623121833
1.3785753405916954,1.6572755509527586,-0.2787002103610632
1.137338002186418,1.2204162066479782,-0.08307820446156033
0.3070317630641948,0.5569737854508197,-0.24994202238662488
1.202944648482542,1.3046537655733061,-0.10170911709076425
0.0931154578654223,0.19341325182495545,-0.10029779395953314
1.911620300331758,1.7564015886056583,0.1552187117260997
2.4915329628369025,2.2468456173810205,0.244687345455882
1.8009271680294567,1.8855058211561504,-0.08457865312669366
0.0036522602172889,0.18187776427714136,-0.17822550405985246
2.510231217986661,2.572873211957438,-0.06264199397077697
1.8362395657021675,1.6072003195510607,0.22903924615110682
0.8349922680759595,0.7646834869436643,0.07030878113229522
2.1774239631874277,2.0627064789981153,0.11471748418931238
1.204933824675421,1.3423643153778058,-0.13743049070238467
1.6098215895920622,1.3979889137790975,0.21183267581296472
0.9714768775919962,1.09111688490765,-0.11964000731565383
1.1231967680179875,0.8715605776758804,0.25163619034210716
1.7657006666722102,1.46164557521987,0.3040550914523401
1.8991517825130937,1.6705948331889224,0.22855694932417125
0.6579827153664798,0.665496529775002,-0.007513814408522168
1.995251596241809,2.010267299845051,-0.015015703603241892
1.0309351612942528,1.0805082513118838,-0.049573090017630994
1.1378805047384457,1.2528818056942217,-0.11500130095577599
1.5055525921049608,1.3661619870665325,0.13939060503842837
0.3320742854002841,0.3554335031625301,-0.023359217762245976
0.3989196459032851,0.4412857594133688,-0.04236611351008368
0.181412274912771,0.24233482123847783,-0.06092254632570682
2.4915646088212138,2.4420102181253585,0.04955439069585532
0.6716537805889748,0.8054637568493082,-0.1338099762603333
1.121750094377136,1.1644193665090072,-0.04266927213187133
0.92297714609893,0.9436452371876389,-0.02066809108870893
0.5860830390111353,0.545778197809412,0.040304841201723396
0.0880837463599206,0.15736452333531376,-0.06928077697539316
2.283682137880079,2.2280199905971125,0.05566214728296659
0.971291522504863,1.0708850344252123,-0.09959351192034938
0.9740447231399488,0.8968925559405174,0.07715216719943141
1.7808184055355567,1.3737444649433852,0.4070739405921715
1.0531280379339656,1.1218547050557948,-0.06872666712182918
0.9209879699060508,0.9188105706292264,0.0021773992768243655
0.3296375446083117,0.32677585658372627,0.002861688024585418
1.6261418758592394,1.4745881808098495,0.15155369504938987
2.292416429550007,2.572282190956745,-0.27986576140673813
0.4196432448084723,0.5053365113880669,-0.08569326657959458
2.0502613575997004,1.8943724070279433,0.1558889505717571
1.7560441206385191,1.9135378272804702,-0.15749370664195106
0.1154439603330177,0.24233482123847783,-0.12689086090546015
0.8020487984078639,0.9403254884620447,-0.13827669005418075
1.113648722393435,0.9884616834903228,0.12518703890311222
2.437101869821413,2.3785884872911494,0.0585133825302635
0.8334642191915461,0.7208126522689319,0.11265156692261424
0.623334883364307,0.48542898479566,0.137905898568647
1.8438210397338504,1.7395268323543254,0.104294207379525
0.8732206171240476,0.7771653146492109,0.09605530247483673
1.152672742121209,1.1734165277946251,-0.02074378567341606
0.740054315141966,0.8110066928978881,-0.07095237775592211
1.3518073586830444,1.3141373394155555,0.03767001926748881
0.4679259752300942,0.5317374662176585,-0.06381149098756428
0.2024206876767603,0.4860712680240725,-0.2836505803473122
1.0680332965446029,1.0434217445111384,0.024611552033464434
1.027897146800365,0.8715605776758804,0.15633656912448468
0.6790092114054082,0.6357121388303236,0.04329707257508453
2.2683112301295703,2.121473266416209,0.14683796371336122
1.0395835566487155,0.9911569008814625,0.048426655767253024
0.9197582975898114,0.8638418761009988,0.055916421488812595
0.8779855982988543,0.9756102509103476,-0.09762465261149333
2.1859231707641387,1.84603688409994,0.33988628666419873
1.9251602600387696,1.5546510910588842,0.3705091689798854
1.1698881575865734,0.9760314723452039,0.19385668524136945
2.0210521140803417,1.6172421525811984,0.4038099614991433
0.3050486147984073,0.3842816240420833,-0.07923300924367604
0.7406239428595699,1.0916908146366497,-0.35106687177707985
1.5387537507194498,1.3969619251381853,0.14179182558126446
0.9419285698826824,0.9573735763768442,-0.015445006494161806
0.648687837616418,0.6295301376525902,0.019157699963827768
1.502627599092114,1.422376090180147,0.08025150891196708
1.0006635167645133,1.0886799797059645,-0.08801646294145127
1.126166969724518,0.9295199114779568,0.19664705824656126
0.3535664295664127,0.3679442636234018,-0.014377834056989114
1.769100349449727,1.6315964903889153,0.13750385906081175
2.2384012559088027,2.1156953577215205,0.12270589818728217
1.916841887743128,1.9351225529267027,-0.01828066518357474
1.836298336092552,1.7164904734550566,0.11980786263749543
1.3107263502282016,1.3024350862667071,0.008291263961494488
0.7526494168978758,0.7128823512250427,0.03976706567283306
1.184363934873056,1.5176751724284163,-0.3333112375553604
0.3837205317963766,0.3926573866850849,-0.008936854888708268
1.7194794460495595,1.6025438100681588,0.11693563598140067
0.1358782243075003,0.2695129411882645,-0.13363471688076423
0.447392252230775,0.6657495754120701,-0.21835732318129514
1.576982099767538,1.7395268323543254,-0.16254473258678748
2.2140971399577007,2.205624301413038,0.008472838544662853
0.8504626335854658,1.20707160304724,-0.3566089694617741
2.4356778005274027,2.3628807257088287,0.072797074818574
0.7339149941855678,0.7391992943682224,-0.005284300182654578
0.1231791429611869,0.19559092051072308,-0.07241177754953618
0.8463531764437277,0.7795460355670482,0.0668071408766795
0.2411237264895182,0.4275098197158614,-0.1863860932263432
0.7604026830541519,0.8684408248294406,-0.1080381417752887
1.8461131128073027,1.796095783934604,0.05001732887269883
1.905051497798038,1.7444641067772444,0.16058739102079356
1.3293658349875754,1.2051128011109673,0.12425303387660813
1.193034934574361,1.1644193665090072,0.028615568065353703
1.1689839864977492,1.014742604427348,0.15424138207040117
1.9733344913170925,1.7955670717022525,0.17776741961484
1.3272772000230275,1.0924443644955202,0.23483283552750733
2.480465908952735,2.374316468148784,0.10614944080395095
2.0864281960893134,2.1156953577215205,-0.029267161632207106
2.16299339434146,2.153505642590024,0.009487751751436235
0.4239470986748134,0.5632972505896476,-0.13935015191483424
0.7013512763292078,0.649907096424685,0.05144417990452277
2.420329498136407,2.579772516228333,-0.15944301809192618
0.2224978041863485,0.20830500625910486,0.01419279792724365
0.3495112227558276,0.37693961943373755,-0.027428396677909972
2.584626408056041,2.5353636119367504,0.04926279611929063
2.3080947539871524,2.249270956458555,0.05882379752859723
0.2027055015355621,0.39732410048473,-0.1946185989491679
1.4010123434684294,1.6890632957729768,-0.28805095230454736
2.147541113372732,1.877198630932478,0.27034248244025405
1.68996730539646,1.8877455534835765,-0.19777824808711664
1.5252544778747157,1.5386911892448427,-0.01343671137012703
2.185995505889238,2.5780324995119415,-0.3920369936227033
0.7822700582132819,0.9665154899508489,-0.18424543173756702
1.7775362648046482,1.9600102688979193,-0.18247400409327108
1.4350317766031104,1.3151209992468806,0.11991077735622979
1.7274406716398107,1.8660479658564746,-0.13860729421666385
2.0405143944318103,1.890350476448224,0.1501639179835863
1.3785225973688997,1.3423643153778058,0.036158281991093943
0.6010561104091297,0.4851516997892739,0.11590441061985574
0.3635484773338543,0.5175078948705308,-0.15395941753667652
0.2050292208464938,0.2663895604007346,-0.06136033955424078
0.2254996518771901,0.2205457213142274,0.0049539305629626995
0.7219618537533542,0.8110066928978881,-0.08904483914453387
2.2658518865097634,2.362748802633143,-0.09689691612337947
0.4521075038931634,0.529537889259901,-0.07743038536673758
0.2142155981874172,0.29770372903802667,-0.08348813085060947
1.7223140221813753,1.6572755509527586,0.06503847122861672
0.4086485257962361,0.4412857594133688,-0.032637233617132666
0.7648918920076261,0.6754023757979021,0.08948951620972401
2.195927823384758,1.6572755509527586,0.5386522724319993
2.264983882730321,2.1876850446948097,0.07729883803551107
1.2186998278508503,1.226664998338807,-0.007965170487956641
1.180231873384476,1.104875106406748,0.0753567669777282
2.1224142018295358,1.8660479658564746,0.2563662359730612
1.0367580224075377,0.9008609029370713,0.13589711947046634
1.277624650638549,1.1863131877437743,0.09131146289477465
1.8351003102669596,2.1502777918386267,-0.31517748157166703
1.3041439854914445,1.1747018954180688,0.1294420900733757
2.292687681205772,2.153505642590024,0.1391820386157483
0.9313226443196518,0.7591668249971437,0.17215581932250812
0.8120172834659333,0.7646834869436643,0.04733379652226899
2.3597590841645197,2.41742614593588,-0.057667061771360384
0.4063338481227742,0.4514139626546628,-0.04508011453188865
1.946354028902564,2.249270956458555,-0.3029169275559911
2.349917183043696,2.4335811095875837,-0.08366392654388788
1.8869680785532312,1.7797112567473758,0.10725682180585538
0.7805521334230004,0.7155296227545702,0.06502251066843023
1.1729080885523542,1.0434217445111384,0.12948634404121573
0.7445163989298638,0.7894434043343873,-0.044927005404523546
1.5096530076092296,1.667988315304842,-0.15833530769561244
0.3108895594397993,0.4384390198524132,-0.1275494604126139
0.0482730980962659,0.15736452333531376,-0.10909142523904786
2.1331195851515634,1.8641234955080739,0.26899608964348953
1.140520684145658,1.1079534304896335,0.03256725365602464
0.639166917157442,0.6657495754120701,-0.026582658254628133
1.2548802295561716,0.9778877743526019,0.27699245520356974
1.4641460821695351,1.6057501243038184,-0.14160404213428324
0.7107817796539846,0.867665777356187,-0.1568839977022024
1.0490547475952734,0.9665154899508489,0.08253925764442449
0.6934262177951708,0.7083252064948886,-0.014898988699717841
2.217478738700774,2.013099730373834,0.20437900832694034
1.5001592123158305,1.4342581612589302,0.06590105105690025
1.9401694997588173,1.4898258996709626,0.4503436000878547
1.8215241829973985,1.3979889137790975,0.423535269218301
1.545444615865345,1.5401285182228392,0.005316097642505735
1.984057958420396,1.9805692293054284,0.003488729114967448
1.4437977142573493,1.7369228497510314,-0.29312513549368213
1.5612133576898577,1.8478160758853925,-0.28660271819553484
1.01686173991318,1.0859651257170033,-0.06910338580382325
2.304283673666756,2.3465721376521156,-0.04228846398535957
1.9546362336356555,1.9734645645443938,-0.018828330908738256
2.49037562362042,2.572873211957438,-0.08249758833701781
1.9644374481473703,1.766654291878441,0.1977831562689294
0.976431734419503,0.9251843699494554,0.05124736447004763
1.171696499511054,1.0762617128900287,0.09543478662102522
2.160167861112954,2.1502777918386267,0.009890069274327118
1.2087946347614036,1.1308218319540557,0.07797280280734786
2.0861795497930613,2.2909862063238196,-0.20480665653075825
1.0346965126085663,1.3864406795280868,-0.3517441669195205
0.6132805019907733,0.887004266673891,-0.27372376468311765
1.54152051381074,1.4870610950724619,0.05445941873827809
0.0976788088031162,0.4206267624700093,-0.3229479536668931
0.616318516484661,0.6200633157808249,-0.003744799296163892
1.8851959034317964,2.0307407415889136,-0.14554483815711716
0.3161247093073732,0.31793543570479993,-0.001810726397426743
0.4192815765248434,0.38863925675886357,0.03064231976597981
0.616318516484661,0.5220179556120887,0.09430056087257221
0.328624873110349,0.4243100411814036,-0.0956851680710546
1.408987131514885,1.2550328672172164,0.15395426429766856
0.9003005380570775,0.820653620293484,0.07964691776359356
1.2278771633011365,1.1644193665090072,0.06345779679212926
1.3598092718950765,1.4745675089703463,-0.11475823707526978
0.6741492922776675,0.824392157775187,-0.15024286549751953
0.4409364714312634,0.41484329770723827,0.026093173724025143
1.8674018196240303,1.8877455534835765,-0.020343733859546242
1.1535407461538194,1.3315413027002445,-0.1780005565464251
0.9595418206878896,0.9295199114779568,0.030021909209932862
0.4057913453175788,0.5516949815541554,-0.1459036362365766
2.108046924952191,2.0159133296032827,0.09213359534890841
1.7791908976263069,1.5472545596534903,0.23193633797281654
1.229744276375505,1.46164557521987,-0.23190129884436494
1.011038878799895,0.8715723870471388,0.13946649175275616
0.9082527217566913,0.8684408248294406,0.03981189692725062
1.8385406819320964,1.6158407549441292,0.22269992698796726
0.7048639805877657,0.8045108303564338,-0.09964684976866811
0.2227509720608392,0.2957587901280847,-0.07300781806724552
1.1975919563151924,1.1124479950007975,0.08514396131439494
2.126528179790008,2.1187891558454277,0.007739023944580481
0.288936287965205,0.28530718141063444,0.003629106554570549
1.2407028285846953,1.0886799797059645,0.15202284887873074
1.2712954537762826,1.235950780469083,0.03534467330719959
0.418056424774171,0.43722799835705106,-0.019171573582880075
1.4254113973724656,1.2368746405877198,0.1885367567847458
2.358429952823444,2.6055011964303914,-0.24707124360694754
1.5328223889438588,1.4029522209575034,0.12987016798635542
1.4688432503038165,1.4029522209575034,0.06589102934631308
0.1857432539446886,0.34902217325594476,-0.16327891931125615
0.7922068972870399,0.8684408248294406,-0.07623392754240077
0.387599425410466,0.7488729606413852,-0.3612735352309192
0.3690096699103424,0.5056858463966359,-0.13667617648629354
2.501515010098008,1.9600102688979193,0.5415047412000888
2.017476117853161,1.8914204918400548,0.12605562601310605
1.521697469238122,1.4490721055696307,0.07262536366849126
1.4842503238447,1.3315413027002445,0.1527090211444555
2.413267922056742,2.343244271196313,0.07002365086042905
1.1898386901589164,1.6593433882159054,-0.469504698056989
2.06194324738882,1.9634533692651803,0.09848987812363963
0.1780125921352542,0.26139917869563384,-0.08338658656037964
0.2656493643307999,0.32677585658372627,-0.06112649225292638
0.7422378880594479,0.6754023757979021,0.06683551226154583
0.9730636976262976,0.790444345850239,0.1826193517760586
1.169960491192665,1.0762782845146683,0.09368220667799676
0.1422300255166082,0.19902299139347657,-0.056792965876868357
1.5794052778501382,1.3859309777128939,0.19347430013724431
0.3825722347236991,0.5714586754969501,-0.18888644077325095
0.1643632269439533,0.4206267624700093,-0.25626353552605596
1.283637387657702,1.1613607090166485,0.12227667864105363
0.8165019716006725,0.7391992943682224,0.0773026772324501
2.3960570281696163,2.3616636602167977,0.034393367952818554
1.1755347052501948,1.12448327568066,0.05105142956953479
1.6446502558626337,1.6025438100681588,0.04210644579447487
0.562140591343662,0.5945895303482558,-0.03244893900459378
0.748074311628937,0.9911569008814625,-0.24308258925252546
0.7928126918076899,0.71991681457678,0.07289587723090984
1.5988946833671835,1.4362742358863771,0.1626204474808064
1.600097230771014,1.3770436915815252,0.22305353918948878
2.196022761337692,2.160749414575995,0.035273346761697244
0.6756230910840958,0.4851516997892739,0.19047139129482188
2.431676844301139,2.374316468148784,0.05736037615235512
1.2640168773846765,0.9408831357254206,0.3231337416592559
1.600065584786703,1.4081306286292437,0.19193495615745926
0.445249366935074,0.32677585658372627,0.11847351035134773
0.5759924908345555,0.7076295149587525,-0.13163702412419698
1.3495288478126282,1.2346991348007437,0.1148297130118845
0.4000182137167122,0.5632972505896476,-0.16327903687293543
0.7664470660576164,0.6670700182537066,0.09937704780390977
0.7557507233603863,0.4514139626546628,0.30433676070572346
1.686929290902572,1.8517700854200607,-0.1648407945174888
1.0458720658892011,0.982931655357878,0.06294041053132315
1.5081204379060813,1.555403364142634,-0.047282926236552614
2.530742337398642,2.572873211957438,-0.04213087455879583
0.5355217977190976,0.49035633942492246,0.04516545829417512
1.4200948720081623,1.37005455471064,0.05004031729752234
0.5188805307900722,0.49405418651300737,0.02482634427706487
0.8254713476169836,1.3859309777128939,-0.5604596300959103
0.9483798298634591,0.9058649537197746,0.042514876143684543
0.1742874076239868,0.26729173172958665,-0.09300432410559983
1.1738665097191638,1.1611826587003102,0.012683851018853609
1.7911123920742091,1.6214097191671497,0.16970267290705943
1.0707232052110658,1.097230644630641,-0.02650743941957523
2.041255814274008,2.3376889554434,-0.2964331411693921
1.881760053344898,1.382954162948958,0.49880589039594003
0.5152728885785806,0.49960464324244935,0.015668245336131204
0.9818205936430668,0.9266552759528539,0.055165317690212934
2.2203901692574166,2.207119709913443,0.013270459343973418
0.2024613752985411,0.19764153505103937,0.004819840247501733
1.9519960547347783,1.7560863404932154,0.1959097142415629
1.832464652944321,1.7560863404932154,0.07637831245110549
0.0897293375441097,0.17650216398030671,-0.08677282643619702
0.8948348244086869,0.7959102460338179,0.09892457837486901
0.803124761874449,0.864205228831373,-0.06108046695692393
2.437829727460574,2.363514949896423,0.07431477756415061
1.4828488588975317,1.3568939150292858,0.1259549438682459
1.8710185024603203,1.8072218730567406,0.06379662940357966
1.1775193606243388,1.1079534304896335,0.06956593013470536
2.047381573027369,1.9805692293054284,0.06681234372194034
1.6887737996300989,1.815456492737294,-0.12668269310719515
0.0729479242216347,0.2205457213142274,-0.1475977970925927
2.699419955356276,2.811785173585366,-0.11236521822908996
1.2043009049891946,1.1858643635215587,0.01843654146763596
1.1308822213869063,1.060767863980543,0.0701143574063634
1.9288673617814336,1.764018184498623,0.16484917728281068
1.0444977258544417,0.950096875818481,0.09440085003596066
1.5038889176458323,1.6520471378587707,-0.14815822021293834
1.913993749155108,1.9937977896709662,-0.07980404051585821
1.2095993468253914,1.1343965498461712,0.07520279697922017
2.4671926793232504,2.4895798523586423,-0.02238717303539195
0.4171115660635658,0.38863925675886357,0.028472309304702237
1.2944919602764886,1.0108522125134867,0.28363974776300194
1.7698462906169945,1.5515982310876482,0.21824805952934634
1.9890308995355128,2.010267299845051,-0.021236400309537995
1.8743096848286984,2.058142939870624,-0.1838332550419257
1.366527262206548,1.2734998043635068,0.09302745784304123
2.5235767827412445,2.579772516228333,-0.05619573348708862
1.8861452829611365,1.7636568081919575,0.12248847476917901
0.8955626820478476,0.8666582137402524,0.028904468307595188
1.4056643031621952,1.9719005889440018,-0.5662362857818066
2.384442951927358,2.3376889554434,0.04675399648395784
2.369854153159834,2.37249853579441,-0.0026443826345761146
0.4243087672116102,0.5362590232265577,-0.11195025601494751
1.2316249519060778,1.0108522125134867,0.22077273939259112
1.865448809221526,1.6825621100786312,0.1828866991428948
1.9655767035825775,1.796095783934604,0.16948091964797363
0.5983797641988711,0.6462407079050569,-0.04786094370618588
1.987349140788774,1.981427337314037,0.005921803474737031
1.195060277570286,1.092387268597133,0.10267300897315312
0.1700784917105797,0.23835401027387126,-0.06827551856329156
0.6767623465193036,0.7661539466025356,-0.08939160008323199
1.0312606627748355,0.9094639489674701,0.12179671380736545
0.8576381344491483,1.4560912976130438,-0.5984531631638955
2.184801999110206,1.860390430890763,0.32441156821944284
1.1714840192583442,0.8715605776758804,0.29992344158246387
1.341644476900372,1.25896695206262,0.08267752483775181
1.4251537086792403,1.9719005889440018,-0.5467468802647615
0.647458165047011,0.6765959928600802,-0.029137827813069173
1.483852488758025,1.40435400333526,0.07949848542276494
1.717535478550364,1.668628273324586,0.04890720522577796
1.0913247409977422,0.9516899657628944,0.1396347752348478
0.4453985552191611,0.3973085475367318,0.048090007682429325
2.4227436335688664,2.121473266416209,0.3012703671526573
1.1963261169427393,1.0918203192123939,0.1045057977303454
2.361278091411464,2.3878388675539455,-0.026560776142481313
0.2831495936549661,0.32677585658372627,-0.04362626292876015
2.273591590463003,2.16766808937442,0.10592350108858328
1.371739807980448,1.1917779761320426,0.1799618318484053
1.4838298844111832,1.3079181364456511,0.1759117479655321
0.6988874103716588,0.9760314723452039,-0.27714406197354513
0.7554659095015842,0.7391992943682224,0.016266615133361806
0.3517897336262435,0.39983799145963794,-0.04804825783339445
2.0678746086580757,2.1156953577215205,-0.0478207490634448
2.453413113944785,2.411837922511288,0.04157519143349697
1.4409586173067992,1.2051128011109673,0.2358458161958319
1.3312645940462553,1.3246781150135818,0.006586479032673509
2.5355480054357256,2.4895798523586423,0.04596815307708324
1.1853449603867074,1.8390994120848354,-0.653754451698128
2.575616343152109,2.4909992946348796,0.08461704851722951
0.7312567315034157,0.7313669934128676,-0.00011026190945184755
0.0361662485612304,0.19559092051072308,-0.15942467194949267
0.9340080321673802,0.9277466968743072,0.006261335293072934
0.7150901543390605,0.7076295149587525,0.007460639380308054
2.0263189096790595,2.091580486836328,-0.06526157715726866
2.448241256299001,2.353157275540406,0.09508398075859503
2.349157679420224,2.452862101017611,-0.1037044215973868
0.7210938497207438,0.9058649537197746,-0.18477110399903085
1.8379484488549795,1.5080971258181106,0.3298513230368689
1.1002669921016448,1.0866743921081254,0.013592599993519361
0.2330223545058175,0.2700678427675567,-0.03704548826173917
1.7548144480691124,1.5983605466163007,0.15645390145281168
1.3817173346759868,1.1110821890367402,0.2706351456392466
0.771040254601494,1.1219836450619547,-0.35094339046046075
1.445732640119075,1.4797910333999005,-0.03405839328082538
2.462454824833028,2.223433572893155,0.23902125193987267
2.214314140269641,2.204253345558019,0.010060794711622023
0.0957691997288393,0.14094555779829887,-0.04517635806945958
0.9310061844765386,1.1611826587003102,-0.23017647422377163
2.383620156335263,2.160749414575995,0.22287074175926813
2.0035518847561757,1.6593433882159054,0.3442084965402703
2.076432586625171,1.9634533692651803,0.11297921735999084
2.4150039321473056,2.171981103933935,0.24302282821337062
0.1329893980976996,0.2119986759914615,-0.07900927789376189
1.5202860583378366,1.3736243100621723,0.14666174827566425
0.0823558231995697,0.18763376718880975,-0.10527794398924005
0.9415126512679004,0.9009970835302883,0.04051556773761211
2.549580738688682,2.4335811095875837,0.11599962910109829
2.204377301195883,1.9217931133343664,0.2825841878615165
0.8475692863037625,0.9188105706292264,-0.07124128432546395
0.5637861825278512,0.5578769235337505,0.0059092589941006635
1.3937021210925118,1.31002954189201,0.08367257920050175
0.8813219891077486,0.9756102509103476,-0.09428826180259897
0.2334201898456604,0.42011375806648266,-0.18669356822082225
0.6197995747589073,0.608294709605499,0.011504865153408317
0.7222150216278447,0.5516949815541554,0.17052004007368926
1.1833829093594048,1.6491501925196723,-0.4657672831602675
0.8819549087939752,0.9453074045108335,-0.0633524957168583
1.366359990647522,1.5054368264234295,-0.13907683577590757
1.5570586921076035,1.4745675089703463,0.08249118313725723
1.9030261548021128,1.8856422886925768,0.017383866109536017
0.2140347639190188,0.4384390198524132,-0.2244042559333944
1.2186365358822278,1.262379874479525,-0.04374333859729718
1.115963400320065,1.014742604427348,0.10122079589271693
0.3307451540592083,0.48244368190997344,-0.15169852785076515
2.746219844574496,2.588411628904523,0.15780821566997316
0.7970080452648927,0.7876086540061812,0.009399391258711476
0.693896386487938,0.8638418761009988,-0.16994548961306077
1.6951391632954111,1.555403364142634,0.13973579915277723
2.56397062092554,2.6106719333442028,-0.0467013124186626
1.7140182534730717,1.454097721370135,0.25992053210293675
1.237556313681669,0.982931655357878,0.254624658323791
0.141249000002957,0.39131409704244186,-0.2500650970394849
1.903360698426501,2.016798785512642,-0.11343808708614112
2.2441879494595383,1.8943724070279433,0.34981554243159496
0.4187752407758621,0.5362590232265577,-0.11748378245069563
1.6143424445298478,1.40435400333526,0.20998844119458782
0.8320491915350057,1.0672893369789627,-0.235240145443957
0.3588467881276703,0.37693961943373755,-0.01809283130606726
0.8752776061042842,0.9453074045108335,-0.07002979840654933
0.562900094967134,0.7166468389100794,-0.1537467439429454
0.8484734573925867,1.20707160304724,-0.3585981456546532
1.0059438753257706,0.9429192426380375,0.06302463268773306
1.4968725507661864,1.5259525564463063,-0.029080005680119925
1.4251898754822865,1.6166925291562844,-0.19150265367399788
0.6130906260849052,0.5220179556120887,0.09107267047281642
1.459367538538524,1.0108522125134867,0.4485153260250374
1.6694652283814522,1.6805811909161896,-0.011115962534737456
1.2223391160466537,0.982931655357878,0.23940746068877572
2.5816290801712625,2.5470122666629953,0.034616813508267175
0.3011245127438022,0.4356028010223941,-0.13447828827859193
1.89792662974975,2.0565059824320073,-0.15857935268225742
0.8311495415180841,0.5793777538235668,0.25177178769451725
1.6527245026807578,1.4905433426406907,0.1621811600400671
1.6178189819853594,1.3736243100621723,0.2441946719231871
1.6273760692473815,1.5456654292434955,0.08171064000388606
1.8357558353126997,1.9135378272804702,-0.07778199196777047
1.0543622313221073,0.9756102509103476,0.07875198041175968
2.4896884551220477,2.3332735903087523,0.15641486481329547
0.9204997176851764,0.7488729606413852,0.17162675704379116
1.0576262885249093,1.0708892978506328,-0.013263009325723552
0.8381297413415161,0.5809479084390741,0.257181832902442
1.1684460047644565,1.1079534304896335,0.06049257427482302
2.5241283266775736,2.452862101017611,0.07126622565996277
1.83600900318719,1.68370278902544,0.15230621416175016
0.9074977389519544,0.9266552759528539,-0.019157537000899505
0.8237895896297484,0.7646834869436643,0.05910610268608407
0.2838729304753919,0.3740198881934197,-0.09014695771802778
1.1361444964200569,1.0859651257170033,0.05017937070305356
2.056554386899417,1.9056899829744196,0.15086440392499756
2.478223565644869,2.2827564214934206,0.1954671441514484
0.7092311264227295,0.6804169999106329,0.028814126512096583
0.8777459928805681,0.9288123555607968,-0.05106636268022868
0.8357517716994316,0.8064557556997317,0.029296015999699887
0.771835925028012,0.7166468389100794,0.055189086117932606
0.9594242783881136,1.6300101550607895,-0.6705858766726759
1.433955813136525,1.454097721370135,-0.02014190823360984
1.719624113514912,1.6327139529395078,0.08691016057540413
0.7089056249421465,0.7661539466025356,-0.05724832166038907
0.9828694319440754,1.0446461371613351,-0.06177670521725975
0.4724558718053493,0.49960464324244935,-0.02714877143710004
2.077422652763621,2.572873211957438,-0.495450559193817
2.389284787526992,2.340549430552379,0.048735356974613175
0.2242564168515788,0.3468577726501359,-0.1226013557985571
1.464539396437475,1.562142895177813,-0.0976034987403378
0.9544422963950304,0.887004266673891,0.06743802972113944
2.268745233285131,2.3811699314613772,-0.11242469817624645
0.8126321196240527,0.71991681457678,0.09271530504727266
2.3728288756850997,2.1876850446948097,0.18514383099028997
1.3857318538647914,1.3079181364456511,0.07781371741914023
0.2271994933925325,0.31793543570479993,-0.09073594231226742
2.16708024789586,2.1354557598933104,0.0316244880025498
0.716446410845713,0.7700978158502884,-0.053651405004575325
1.348606593448865,1.3423643153778058,0.0062422780710591486
0.1336358802401305,0.23656161752960808,-0.10292573728947757
2.423973307910449,2.249270956458555,0.17470235145189372
2.2154217497205377,2.218127215294249,-0.0027054655737113187
0.1649518422521441,0.2893697075758382,-0.12441786532369409
0.7826181640407064,0.7569767969947112,0.025641367045995178
0.2295729422158823,0.19767481415721205,0.03189812805867023
0.3766634772949498,0.5378360526216596,-0.16117257532670975
0.9469919273724954,0.8999694865494354,0.04702244082305995
1.6001650435583714,1.59532039051349,0.004844653044881353
2.37760741931611,2.2401690013117106,0.1374384180043995
1.5008147363488986,1.1435180006844525,0.3572967356644461
2.348312278468616,1.912330559954565,0.4359817185140511
1.0027792768946375,1.1644193665090072,-0.1616400896143697
2.3682402079599565,2.3426297465788384,0.02561046138111811
0.86225302302422,0.7795460355670482,0.08270698745717187
0.1246303374207733,0.2526650373184599,-0.12803469989768662
1.950947218205945,1.8235666236011945,0.1273805946047506
1.9101962310377485,1.605314602804948,0.3048816282328004
2.425890150750404,2.3754627178806427,0.05042743286976137
0.6269877340163144,0.6608804321916172,-0.03389269817530283
0.0955160318543486,0.26729173172958665,-0.17177569987523805
0.7589966972882489,1.0352696889005266,-0.2762729916122777
0.9139806449170425,0.9094639489674701,0.00451669594957238
1.0694890118229237,0.9756102509103476,0.09387876091257608
1.8363661496394128,1.8914204918400548,-0.05505434220064198
1.1272745791754146,1.46164557521987,-0.3343709960444554
1.1207012560761274,1.2580063800424213,-0.1373051239662939
1.9400067482590224,2.3878388675539455,-0.44783211929492306
1.481045037791786,1.4578319775684532,0.023213060223332915
1.5800020307333185,1.4483796071295953,0.13162242360372312
0.5500518253367335,0.49035633942492246,0.05969548591181101
0.194685505048591,0.34902217325594476,-0.15433666820735376
2.5845088647435936,2.41742614593588,0.16708271880771353
0.0675771485261779,0.34205039432849277,-0.27447324580231486
0.948727935690884,1.20707160304724,-0.25834366735635594
0.7770168248176008,0.8274307604768473,-0.050413935659246456
2.463973832079972,2.3465721376521156,0.1174016944278562
1.822568500479672,2.068596411264288,-0.24602791078461594
0.2176876145710262,0.31971234650448266,-0.10202473193345646
0.0759316883843694,0.18307631928394413,-0.10714463089957474
0.3208294122239352,0.5516949815541554,-0.23086556933022023
1.7329154269256712,2.0061366046249636,-0.27322117769929233
0.5596089125987554,0.8679200195639803,-0.3083111069652249
2.5233055310854797,2.160749414575995,0.3625561165094848
1.556041499790906,1.4946567682855563,0.06138473150534973
1.1271027867976535,0.8062390788748838,0.32086370792276975
1.423322762407918,1.5259525564463063,-0.10262979403838823
0.4798926781185121,0.5440899919814094,-0.06419731386289729
2.0556502155574243,1.6848272877710866,0.37082292778633774
1.1569268664751318,0.9909172340220805,0.16600963245305123
2.418557323014973,2.6293060092688076,-0.2107486862538348
1.2165433800989451,1.1445462261619659,0.07199715393697925
1.7804793413456017,1.668628273324586,0.11185106802101563
1.1387304254961164,1.0859651257170033,0.05276529977911304
0.1625693517913247,0.3468577726501359,-0.1842884208588112
2.1715287694807217,2.3616636602167977,-0.19013489073607603
1.7466497841167887,1.7048426026525976,0.04180718146419116
1.668194868190264,1.59532039051349,0.07287447767677402
0.3932459730740874,0.3973085475367318,-0.004062574462644408
0.6655280220887809,0.824392157775187,-0.15886413568640612
0.8412898189539146,0.9665154899508489,-0.12522567099693427
0.7507506578391959,0.7391992943682224,0.011551363470973519
0.1736544879377602,0.31793543570479993,-0.14428094776703973
1.4902540192263836,1.7636568081919575,-0.2734027889655739
0.1927686624618042,0.3894746544460598,-0.19670599198425556
0.3273273877535845,0.25240860709921603,0.07491878065436847
1.0015450835064956,0.8758710617157289,0.1256740217907667
1.4894945156029114,1.7427485234531648,-0.2532540078502534
1.6326066982962206,1.3661619870665325,0.26644471122968816
0.8013842327373258,0.8207140016863907,-0.019329768949064907
0.2126242570812133,0.2957587901280847,-0.0831345330468714
1.2344595280378934,1.161168988327955,0.07329053970993837
2.0711793532294904,2.13774004670008,-0.0665606934705898
0.3759989116244119,0.5632972505896476,-0.18729833896523573
1.7193709456404214,1.3825703364005697,0.33680060923985167
1.9579500213635477,1.7099472560525049,0.24800276531104282
0.3596424585541884,0.4112414326690122,-0.05159897411482378
0.7461514413682264,0.928296227449245,-0.18214478608101858
0.3931510351211534,0.3926573866850849,0.0004936484360685278
1.2953147558685834,1.1863131877437743,0.1090015681248091
1.6547814916609942,1.7203324061785699,-0.06555091451757566
1.240268826694974,1.8233008279722807,-0.5830320012773067
1.0284034825493464,0.9900412539933301,0.03836222855601634
1.1947121717428613,0.5793777538235668,0.6153344179192944
0.7042943528701616,0.8684408248294406,-0.164146471959279
1.3662966986788991,1.4745881808098495,-0.10829148213095041
0.8392328299736781,0.9403254884620447,-0.10109265848836657
2.0488372883056902,2.1685010917745693,-0.11966380346887906
0.2836197626009012,0.39732410048473,-0.11370433788382878
0.8121257838750715,0.7771653146492109,0.0349604692258606
0.5967612981802582,0.8062390788748838,-0.20947778069462553
2.340201865860117,2.6106719333442028,-0.27047006748408586
1.738394703030266,1.6568830873395644,0.08151161569070164
0.9323986077862372,0.9009970835302883,0.03140152425594889
1.550978142301093,1.4317396666680164,0.11923847563307666
0.5599886644104914,0.5809479084390741,-0.020959244028582624
1.1194715835067202,1.1343965498461712,-0.014924966339451062
1.3666357628688544,1.2580063800424213,0.10862938282643309
2.126645723102456,2.1354557598933104,-0.008810036790854348
1.3462331446255151,1.5054368264234295,-0.15920368179791433
2.4618173835685626,2.5647973944436258,-0.10298001087506314
0.4777633555321834,0.5056858463966359,-0.02792249086445253
0.274107883779395,0.3894746544460598,-0.11536677066666479
0.5819509775225554,0.5809479084390741,0.001003069083481356
1.5645904363737004,1.3636245468205754,0.200965889553125
1.1033411733985787,1.6491501925196723,-0.5458090191210936
1.455787021492609,1.46164557521987,-0.005858553727261073
0.354434433852191,0.37960008417316526,-0.025165650320974287
2.170190597514848,2.2909862063238196,-0.12079560880897144
1.0515502595371338,1.6300101550607895,-0.5784598955236557
2.413842071352584,2.2358689070421107,0.1779731643104734
1.7698779366013058,2.483187779707663,-0.7133098431063571
0.3118298970785017,0.466084329114253,-0.1542544320357513
0.3766951232792611,0.377670611877022,-0.0009754885977609207
2.3770694375828176,2.291338712375394,0.08573072520742375
2.252510843333418,2.0402417963657387,0.21226904696767912
1.5943060156420406,1.8390994120848354,-0.24479339644279485
0.8350193932415361,0.7098101724997419,0.1252092207417942
1.8223017704021451,1.764018184498623,0.05828358590352223
1.4191454924788225,1.5874684678890372,-0.16832297541021468
0.5061543242781824,0.5632972505896476,-0.057142926311465225
2.49479249922097,2.1685010917745693,0.3262914074464005
1.1190014148139529,1.0708850344252123,0.048116380388740554
2.468368102321008,2.362748802633143,0.1056192996878651
1.6830956059821662,1.3731069952807071,0.3099886107014591
2.1556741313407444,2.061886649705281,0.09378748163546335
0.8663760428753307,0.790444345850239,0.07593169702509162
0.0902356732930911,0.4206267624700093,-0.3303910891769182
0.7450724641912632,0.61594208688768,0.12913037730358312
0.9703557054317276,1.2051128011109673,-0.23475709567923975
0.4724468301678798,0.5915808594873888,-0.119134029319509
0.3553386046878474,0.3679442636234018,-0.012605658935554431
1.3059794525815018,1.1917779761320426,0.11420147644945922
1.157496494192736,1.2390442887500734,-0.08154779455733752
1.269776446529339,1.454097721370135,-0.18432127484079586
0.649013339097001,0.8004832291250658,-0.15146989002806477
1.0332136721646683,1.0027770814703256,0.03043659069434268
1.3320240976697275,1.2204162066479782,0.11160789102174928
1.7649411630487382,1.6568830873395644,0.1080580757091738
0.935527039414324,0.8968925559405174,0.0386344834738066
1.4690512097377917,1.6172421525811984,-0.14819094284340673
0.5255397499516561,0.5692234825828737,-0.04368373263121761
2.289336219566477,2.6544512250747756,-0.36511500550829856
0.6835165036338214,0.6462407079050569,0.037275795728764494
1.5027677454855637,1.4946567682855563,0.008110977200007419
1.775357212705901,1.40435400333526,0.371003209370641
0.3182449902562325,0.3554335031625301,-0.0371885129062976
2.3711697222978736,2.3332735903087523,0.03789613198912134
0.5065385969086531,0.49405418651300737,0.01248441039564574
0.300238425183085,0.41110313610888827,-0.11086471092580324
1.6003503986455043,1.59532039051349,0.005030008132014263
0.6245283888775002,0.7876086540061812,-0.163080265128681
0.3370743509214745,0.37451264321676847,-0.037438292295293996
0.060615031977685,0.1265115579681492,-0.0658965259904642
0.5755223218886203,0.5272376048753873,0.048284717013233
1.0841094565747589,1.186566151834473,-0.10245669525971413
0.5420453913059666,0.5449357714350803,-0.00289038012911369
2.075008517331161,1.981427337314037,0.09358118001712401
2.149937167555596,2.1113590016052903,0.03857816595030572
0.4126630449850404,0.39983799145963794,0.012825053525402474
0.6737514571909922,0.6233256160294033,0.05042584116158888
2.0566990546179373,1.917675420447559,0.13902363417037833
1.9408566682571904,1.877198630932478,0.06365803732471242
0.6738961244031768,0.5851784238701199,0.08871770053305694
1.4225496963282416,1.385783114487805,0.036766581840436574
2.317100297312845,2.4335811095875837,-0.11648081227473872
2.4435033992771,2.4941817035958156,-0.05067830431871556
1.757056792136482,2.091580486836328,-0.3345236946998462
0.3468032305612575,0.37451264321676847,-0.027709412655510968
1.1188929141516466,0.9295199114779568,0.18937300267368984
1.85109057296898,1.6951917787088064,0.1558987942601735
1.90548097937536,2.0482346509527805,-0.14275367157742047
0.3001841748519318,0.377670611877022,-0.07748643702509023
2.1166275082788006,2.342568088414173,-0.22594058013537222
1.5524067324138378,1.9600102688979193,-0.40760353648408154
2.5112800570471734,2.3628807257088287,0.1483993313383447
1.721459580604969,2.2560295563855943,-0.5345699757806253
0.8444227714007363,0.9911569008814625,-0.14673412948072617
1.4268038206821645,1.4870610950724619,-0.06025727439029738
0.5858750795771603,0.6796780174459144,-0.09380293786875404
0.6597910572909604,0.649907096424685,0.00988396086627541
0.3083217136386787,0.3830980450784024,-0.07477633143972368
0.7977675488883645,0.7607218363224659,0.037045712565898614
2.394791188797164,2.353157275540406,0.041633913256757804
2.417006669783717,2.363514949896423,0.053491719887293954
1.291842739231806,1.7560863404932154,-0.4642436012614095
1.7907326402624733,1.877198630932478,-0.08646599067000471
1.370433280986214,1.3046537655733061,0.06577951541290794
0.5872991488711703,0.7128823512250427,-0.12558320235387244
1.305369137242117,1.4870610950724619,-0.18169195783034486
1.1313704736077803,1.2475539409251075,-0.1161834673173272
2.085921860340332,1.9623018622937571,0.12361999804657464
2.389578642010592,2.3944767039764603,-0.004898061965868283
2.5606839601354,2.3731014371098054,0.18758252302559475
1.475601928490237,1.2475539409251075,0.22804798756512956
1.900892311650217,1.796095783934604,0.1047965277156131
1.432753265732695,1.3529860599385757,0.07976720579411922
0.865024307187413,0.9288123555607968,-0.06378804837338381
1.6006352125043066,1.6166925291562844,-0.016057316651977738
1.2310417617322695,1.226664998338807,0.004376763393462602
0.732522570875869,0.7907012690773288,-0.05817869820145982
2.1093579725119924,1.5080971258181106,0.6012608466938818
0.2397855535109728,0.1875002170899741,0.052285336420998696
1.3274670759288956,1.2390442887500734,0.08842278717882213
0.2286552086708537,0.31161609344106755,-0.08296088477021385
0.2051422423275347,0.2526650373184599,-0.04752279499092521
2.595946627283021,2.95696054986428,-0.36101392258125875
0.3940009558788245,0.5496208706487973,-0.15561991476997278
1.735004061890219,1.668628273324586,0.06637578856563287
0.7912258717733884,0.867665777356187,-0.07643990558279856
0.209477742178187,0.2915752326739139,-0.0820974904957269
0.0736215315296423,0.19341325182495545,-0.11979172029531314
1.4434541292486591,1.5515982310876482,-0.10814410183898904
2.3461422702858488,2.3878388675539455,-0.04169659726809671
1.267086537862876,1.1855732685340237,0.08151326932885228
1.0854024211127886,0.9025927935829555,0.1828096275298331
0.3393528617918903,0.5175078948705308,-0.17815503307864056
1.871344002928232,1.3737444649433852,0.4975995379848468
2.0962655781635777,2.4141952166710183,-0.3179296385074406
0.5944194953412199,0.6640504985013849,-0.06963100316016502
2.3588308011141605,2.183621662715945,0.17520913839821572
1.4859501653600422,1.3731069952807071,0.11284317007933509
1.4971528438062538,1.5020568068732019,-0.004903963066948069
0.7026487616859725,0.6769455441417789,0.02570321754419358
0.3682139994838243,0.43722799835705106,-0.06901399887322679
0.1531659736321245,0.18769965219558576,-0.03453367856346126
0.566444445210003,0.7098101724997419,-0.14336572728973884
2.441297223531784,2.37042031504072,0.07087690849106387
0.805326418320038,0.8883731460077632,-0.08304672768772514
1.7636391568732388,1.6246702712116252,0.13896888566161358
0.422740030452248,0.3482807669436208,0.0744592635086272
0.643949981607188,0.6765959928600802,-0.03264601125289224
1.4242857043934622,0.8513064042548664,0.5729793001385959
1.1861361099944907,1.161168988327955,0.024967121666535697
0.2181577835169614,0.24826307606926568,-0.030105292552304264
2.3091571552507006,2.6055011964303914,-0.2963440411796907
0.6730597663548779,0.6357121388303236,0.03734762752455423
0.9433797643422688,0.9778877743526019,-0.0345080100103331
2.170041408218089,1.9311829234656235,0.23885848475246552
1.3037054625298208,1.5401285182228392,-0.23642305569301847
1.1330657943043885,1.1597479158155786,-0.026682121511190093
0.5541658032972065,0.49035633942492246,0.06380946387228409
1.6582309039509295,1.7177180365423035,-0.05948713259137395
1.3138683443124928,1.0886799797059645,0.22518836460652825
1.9041834940185955,1.917675420447559,-0.013491926428963463
1.8063160269998524,1.65880857342103,0.14750745357882233
0.2500162480810023,0.33535163859982314,-0.08533539051882083
1.2353772615829215,1.1343965498461712,0.10098071173675027
0.420221914163546,0.3873342910953513,0.032887623068194705
0.8389615785710802,1.0762617128900287,-0.23730013431894847
1.8652589333156584,1.7636568081919575,0.10160212512370093
0.1894774800934258,0.2893697075758382,-0.09989222748241239
0.0350450766541295,0.20157896845965823,-0.16653389180552872
1.8010175851636558,1.9465852853877752,-0.14556770022411936
0.1810280022823003,0.2915752326739139,-0.1105472303916136
1.3013591388720471,1.8390994120848354,-0.5377402732127883
0.348878303069601,0.37451264321676847,-0.025634340147167478
1.8970631475485455,1.6057501243038184,0.2913130232447272
0.0307412227877885,0.3482807669436208,-0.3175395441558323
0.3370427049371631,0.3973085475367318,-0.060265842599568686
1.941240941647164,1.6705948331889224,0.27064610845824166
0.6954515607910962,0.9760314723452039,-0.2805799115541078
0.7239871967492794,0.7453610571042032,-0.021373860354923835
0.4247066022982854,0.4412857594133688,-0.0165791571150834
1.2980996024879805,1.385053654460771,-0.08695405197279049
2.018805249194237,1.8935185179814344,0.12528673121280276
1.4350001306187992,1.385053654460771,0.049946476158028164
1.9404497920393808,2.130554881877515,-0.19010508983813423
1.4805974731926923,1.3864406795280868,0.0941567936646055
1.5856983079093585,1.6805811909161896,-0.09488288300683112
1.2173752173285093,0.8064557556997317,0.41091946162877757
0.2409428922211198,0.25285123933729603,-0.011908347116176221
2.378240339002337,2.373126500374801,0.005113838627535561
2.3461422702858488,2.3332735903087523,0.012868679977096509
0.2593879802558911,0.4384390198524132,-0.17905103959652208
1.276675271109209,1.216958478130569,0.05971679297864019
1.6665311934779676,1.7048426026525976,-0.03831140917462994
0.1905986520005266,0.25240860709921603,-0.06180995509868942
1.302561686275878,1.4419942183961934,-0.13943253212031537
0.3470563984357481,0.3807412742187981,-0.03368487578305002
0.0651720537185168,0.25623015032209234,-0.19105809660357553
0.8886186490274617,0.7622824274993022,0.1263362215281595
1.5128944604651895,1.37005455471064,0.14283990575454952
1.4450454701016957,1.2390442887500734,0.20600118135162226
1.3037325876953971,1.226664998338807,0.0770675893565902
2.445488055663916,2.6106719333442028,-0.16518387768028697
2.200136739298165,1.9209697853593073,0.2791669539388577
0.5802963447008965,0.5843881106286868,-0.0040917659277902585
2.7594569066414305,2.770540763347255,-0.01108385670582468
0.7972069628082302,0.793721526270539,0.0034854365376911778
0.2656448435120652,0.4194529453911634,-0.1538081018790982
1.5354625683510714,1.4419942183961934,0.09346834995487807
1.679465359423833,1.7636568081919575,-0.08419144876812457
1.0939197117112711,0.9831400348445632,0.11077967686670787
0.5769509120013651,0.5851784238701199,-0.008227511868754811
0.7306418953452963,0.8205144201740837,-0.08987252482878738
1.6425344957325092,1.5983605466163007,0.04417394911620853
1.0157812556278598,1.1343733653163373,-0.11859210968847744
0.9265938302010592,0.9665154899508489,-0.03992165974978967
1.7263647081732254,2.3370180701007968,-0.6106533619275714
0.2122625887975842,0.3482807669436208,-0.13601817814603662
0.0406509366959699,0.25623015032209234,-0.21557921362612245
1.776491947322374,1.7387450231623807,0.037746924159993256
0.2732444005655194,0.40705893397826154,-0.13381453341274213
1.7442130433248164,1.6192916622351958,0.12492138108962059
1.8094037710061583,1.9805692293054284,-0.1711654582992701
1.4330019127884506,1.2962138004317276,0.13678811235672295
0.1395672420157217,0.14910125840134622,-0.00953401638562451
1.8246571354442205,1.6315964903889153,0.19306064505530518
1.2475293195584731,1.2409756395613625,0.006553679997110651
2.2792517000764927,2.2468456173810205,0.03240608269547218
2.1741689483815985,1.9937977896709662,0.18037115871063225
1.1717055411485235,1.1515961638389436,0.020109377309579957
2.2849118096899823,2.3137751562518556,-0.028863346561873282
1.2448258484358057,1.1644193665090072,0.08040648192679845
0.5214167303537135,0.4426174730419752,0.07879925731173831
0.2479592591007657,0.41110313610888827,-0.16314387700812258
0.2601429630606283,0.25285123933729603,0.007291723723332255
1.1251136106047743,1.0090850037658452,0.11602860683892913
1.337024163190918,1.6166925291562844,-0.27966836596536626
0.2891171222336033,0.4384390198524132,-0.14932189761880987
2.5965026927975883,2.811785173585366,-0.21528248078777779
1.6973769865440462,1.6156988735280504,0.08167811301599581
1.8030112821752695,1.6705948331889224,0.13241644898634708
1.4513746669639618,1.6319920497696845,-0.1806173828057227
1.4734500015570664,1.1582990167868703,0.3151509847701961
1.185729233017178,1.1124479950007975,0.07328123801638053
1.0443892254453035,0.9453074045108335,0.09908182093447004
0.6887245285889868,0.7083252064948886,-0.01960067790590181
2.2252320048570504,2.4335811095875837,-0.20834910473053325
2.2857798134694254,2.2468456173810205,0.03893419608840487
0.794801868000569,1.216958478130569,-0.42215661012999994
1.7002567711163772,1.8718412892429988,-0.17158451812662157
2.6009014846168625,2.5470122666629953,0.05388921795386725
1.11528075112142,1.104875106406748,0.010405644714672091
0.3705874483071741,0.37451264321676847,-0.003925194909594365
0.5735964376643639,0.5843881106286868,-0.01079167296432293
1.9827921190479425,1.9135378272804702,0.06925429176747233
2.112287486849909,2.1113590016052903,0.0009284852446187486
0.7855069902505071,0.7661539466025356,0.019353043647971524
0.299194107700811,0.4577628210223376,-0.1585687133215266
0.5840938628182563,0.7213692458702816,-0.13727538305202536
2.137712774454945,2.3944767039764603,-0.25676392952151517
0.8435050378557077,0.820653620293484,0.022851417562223753
2.2082697572661774,1.036371677490478,1.1718980797756993
0.3839104077022447,0.4255056046376028,-0.04159519693535807
0.6929650904867051,0.6796780174459144,0.013287073040790687
0.3756508057969872,0.48244368190997344,-0.10679287611298627
0.5162087056517161,0.7591668249971437,-0.24295811934542766
1.8134047272324227,1.6825621100786312,0.13084261715379153
1.9039664937066547,1.8641234955080739,0.03984299819858084
1.9429905114090853,1.8517700854200607,0.09122042598902458
0.056311178111344,0.24031660901700372,-0.1840054309056597
2.0476663868861715,2.1373779545122638,-0.08971156762609223
0.4163158956370477,0.4085860379171646,0.007729857719883104
1.063666150709639,1.035424048781554,0.02824210192808496
2.411436976544924,2.588411628904523,-0.17697465235959875
1.058159749439467,1.0218353246543939,0.03632442478507314
1.5002360667406571,1.4342581612589302,0.06597790548172688
0.9073033422273512,0.7313669934128676,0.1759363488144836
1.742282638281825,1.6172421525811984,0.12504048570062665
1.4552852065623625,1.3770436915815252,0.07824151498083731
0.9431944092551356,1.0708850344252123,-0.12769062517007668
1.806171359787668,1.42734789604569,0.37882346374197806
1.2954413398058284,1.2039168786095984,0.09152446119623003
0.6224307122754827,0.4514139626546628,0.17101674962081992
0.4843457202689403,0.5207520703686768,-0.03640635009973647
1.0233762918625793,0.48792723923274567,0.5354490526298337
1.7408902149721266,1.2138069862702592,0.5270832287018674
2.5530527563381304,2.528218663038568,0.024834093299562543
1.2057294951019393,1.092387268597133,0.1133422265048063
2.190407859911549,2.6055011964303914,-0.4150933365188423
1.6770557437974367,1.6825621100786312,-0.005506366281194497
1.600065584786703,1.42734789604569,0.1727176887410129
0.9735745541940136,0.9454514990533759,0.02812305514063773
1.15569267308699,1.1733222712656113,-0.017629598178621197
0.9170819513795528,0.9696855044339723,-0.05260355305441944
0.5663359448008647,0.5578769235337505,0.008459021267114175
1.630002685945222,1.6025438100681588,0.027458875877063083
1.0852939204504823,0.9746498299152335,0.11064409053524882
0.4188792203662657,0.4917776948205856,-0.0728984744543199
2.240105617483376,1.036371677490478,1.2037339399928981
2.2438081976478017,2.0347683120975146,0.20903988555028707
0.0436211384025002,0.2957587901280847,-0.2521376517255845
0.989234795609388,0.9436452371876389,0.045589558421749055
0.8261630384530982,0.8274307604768473,-0.0012677220237490294
0.4069486842808937,0.433349449522272,-0.0264007652413783
0.1373248979483519,0.3824000701792152,-0.24507517223086328
0.8127406202863591,0.9603812684716189,-0.1476406481852598
2.5704580477093626,2.160749414575995,0.4097086331333677
1.5062759289253866,1.4317396666680164,0.0745362622573702
0.4679983088361865,0.6412195943854323,-0.17322128554924582
2.102667107619265,1.7955670717022525,0.3071000359170124
1.9875842248819893,1.9619273181351846,0.025656906746804653
0.3419478325054194,0.37451264321676847,-0.03256481071134909
1.6223714829074565,1.7451889620688077,-0.12281747916135122
0.9198984439832611,1.09111688490765,-0.17121844092438887
1.515539160691137,1.5386911892448427,-0.023152028553705684
0.1254621746503375,0.16794344990697233,-0.04248127525663484
1.214626537512158,1.3864406795280868,-0.1718141420159287
2.290865776318752,2.362748802633143,-0.07188302631439081
0.1285906062784245,0.24031660901700372,-0.11172600273857922
0.2591935835312883,0.25240860709921603,0.006784976432072265
0.798671719724021,0.6200633157808249,0.1786084039431961
0.9290531750867056,0.8999694865494354,0.02908368853727017
1.4837982384268718,1.9719005889440018,-0.48810235051713
0.7942955322515878,0.7661539466025356,0.028141585649052225
0.7929980468948231,0.793721526270539,-0.0007234793757159297
1.677091910600483,1.382954162948958,0.294137747651525
1.6042157295502215,1.6188115362395925,-0.014595806689370994
0.3653929860613811,0.37960008417316526,-0.014207098111784167
0.9888731273257588,0.9429192426380375,0.045953884687721325
1.3455052869863544,1.2676434704866968,0.07786181649965762
2.122920537578517,1.981427337314037,0.14149320026447998
0.2458389781519066,0.25285123933729603,-0.007012261185389418
2.1785089698104896,2.0292970807581288,0.14921188905236082
0.3415047887250609,0.39983799145963794,-0.05833320273457704
0.0061839389621954,0.22848776911812468,-0.22230383015592928
0.9266299970041052,0.8968925559405174,0.029737441063587777
0.4619177590296761,0.4384390198524132,0.023478739177262897
1.8114607599863952,2.1502777918386267,-0.33881703185223144
0.1865841330648903,0.19764153505103937,-0.011057401986149074
0.9887284598604066,0.9603812684716189,0.028347191388787718
1.2451513499163884,1.1863131877437743,0.05883816217261417
0.3024265189193016,0.40705893397826154,-0.10463241505895993
0.4390693583568949,0.48244368190997344,-0.04337432355307852
0.2593834594371564,0.4031310152357443,-0.1437475557985879
0.3405237632114095,0.4112414326690122,-0.07071766945760272
0.9097400830193236,0.8642106580960962,0.045529424923227424
0.2932039750284998,0.4243100411814036,-0.13110606615290377
1.5438306706654672,1.3736243100621723,0.17020636060329486
0.1552998170371881,0.15736452333531376,-0.0020647062981256625
1.191136175515681,0.8872618360253028,0.30387433949037823
1.0482590771687552,1.1597479158155786,-0.11148883864682335
1.59310346823821,1.6568830873395644,-0.06377961910135443
1.2526740525450155,1.2931536391632736,-0.04047958661825812
1.413480861287094,1.9719005889440018,-0.5584197276569078
0.8778770976365482,0.8207140016863907,0.05716309595015745
0.3327343302520874,0.3554335031625301,-0.02269917291044271
1.6764047405831033,1.6243642569984236,0.05204048358467972
1.2823399023009374,1.1644193665090072,0.11792053579193018
0.4360629898473184,0.49518651906741096,-0.05912352922009256
1.593474178412476,1.6246702712116252,-0.031196092799149255
0.9106442541081484,0.6920163542621621,0.2186278998459863
0.791447393663568,0.737585049822868,0.05386234384069999
0.9753467293154482,0.9761844897961991,-0.0008377604807509043
1.3633536221379454,1.3511181996624384,0.012235422475507018
1.2182070545580734,1.2605563367237904,-0.042349282165716984
1.7989922421677305,1.7790281391571057,0.01996410301062479
0.5597987885046234,0.5102145820512172,0.04958420645340622
0.1622619335856809,0.18769965219558576,-0.025437718609904875
1.045076395462683,0.8968925559405174,0.14818383952216552
1.767834510077274,1.8048927220816646,-0.03705821200439052
2.372670645763543,2.3055920182802696,0.06707862748327331
1.9122125334088755,1.9688986324878535,-0.056686099078977925
0.6780281858917567,0.6359394959671032,0.04208868992465353
0.3424225222700894,0.4384390198524132,-0.09601649758232378
0.2006530333740604,0.26139917869563384,-0.060746145321573436
2.0151433556389207,1.6417320618209639,0.3734112938179568
0.2511871495005216,0.44186840135925465,-0.19068125185873303
1.759624637684435,1.42734789604569,0.3322767416387449
1.4081959819071015,1.2676434704866968,0.1405525114204047
0.9108974219826388,0.9665154899508489,-0.055618067968210116
2.168056751831273,2.1156953577215205,0.05236139410975271
2.2025960854496507,2.1614069778079594,0.04118910764169126
0.9017020030042456,0.9131128767800908,-0.011410873775845154
0.6119830166340087,0.7219106995154222,-0.10992768288141352
1.823097441588167,1.6367700293686593,0.18632741221950755
1.8966201037681871,1.796095783934604,0.10052431983358323
1.8919952684804948,1.8521233069187995,0.03987196156169537
1.2906944421591289,1.3246781150135818,-0.03398367285445292
2.5423247676565888,2.3465721376521156,0.19575263000447318
0.2496591006161081,0.32372031797649725,-0.07406121736038915
0.5647807704977068,0.597872230167277,-0.03309145966957017
1.480235804655896,1.2734998043635068,0.20673600029238925
0.158012330050493,0.19205926735856887,-0.03404693730807587
0.6457583235316686,0.7083252064948886,-0.06256688296322
1.2717339767379068,1.1435180006844525,0.12821597605345425
1.375568972082119,1.2346991348007437,0.14086983728137525
1.254396498154032,1.1613607090166485,0.09303578913738364
0.7711849220668463,0.6672925499644964,0.10389237210234992
1.1199055856496092,0.982931655357878,0.13697393029173122
1.1964210548956733,1.912330559954565,-0.7159095050588917
0.4421028520320479,0.5272376048753873,-0.08513475284333938
1.5441787764928918,1.3718086716084563,0.1723701048844355
1.9049746436263784,1.6156988735280504,0.28927577009832794
1.4125631277420654,1.4946567682855563,-0.08209364054349089
1.323597224205444,1.0788096959094817,0.24478752829596218
1.601503216536917,1.0924443644955202,0.5090588520413968
0.8868826407090733,0.9454514990533759,-0.05856885834430259
2.1372245224872386,2.0061366046249636,0.13108791786227503
2.2837544704735,2.16766808937442,0.11608638109908043
1.5129758359619194,1.3279053621317085,0.1850704738302109
0.1932749982107855,0.19902299139347657,-0.0057479931826910635
1.389904602975152,1.40435400333526,-0.014449400360107889
0.3579607005669531,0.5378360526216596,-0.17987535205470645
2.217026654295618,2.2468456173810205,-0.02981896308540266
2.4308676109120806,2.353157275540406,0.0777103353716746
0.3348320068541047,0.29387009049054436,0.040961916363560336
1.5792606106379536,1.527565132274678,0.051695478363275704
1.541104595195958,1.5515982310876482,-0.010493635891690056
1.6518067691357292,1.6491501925196723,0.0026565766160568938
0.7992142222760483,0.665496529775002,0.13371769250104637
2.067350189127819,1.68370278902544,0.3836474001023791
1.7481235829232171,2.1520971747147373,-0.40397359179152015
0.8470493880985769,0.7217688518979662,0.12528053620061064
2.224440855249267,1.981427337314037,0.24301351793522996
1.230124028187241,1.1811191088818462,0.049004919305394745
0.9233388146357268,0.8463085419375121,0.07703027269821461
2.393208889581597,2.423622651859376,-0.030413762277779366
0.9627154607564924,0.9761844897961991,-0.013469029039706704
1.834309160659176,1.84603688409994,-0.011727723440764004
1.610942761752331,1.3661619870665325,0.24478077468579862
1.7384429254343277,1.7369228497510314,0.0015200756832962625
0.6024575753562978,0.6569623479100082,-0.054504772553710334
2.1767729622516043,2.005471890786307,0.17130107146529738
2.0498273544441394,1.9805692293054284,0.06925812513871099
2.4227074685379955,2.39852675735271,0.02418071118528564
0.8997715979612544,0.7663395556469673,0.13343204231428707
0.1640974006757381,0.2857448918195993,-0.12164749114386117
1.4210126055531906,1.3529860599385757,0.06802654561461496
1.0624319573214969,1.1343965498461712,-0.07196459252467435
1.8853405711503168,1.8478160758853925,0.037524495264924296
0.1335273798309922,0.25623015032209234,-0.12270277049110015
0.6510658072585026,1.0446461371613351,-0.39358032990283254
1.2916980720196218,1.3141373394155555,-0.022439267395933715
0.663877910085857,0.6200633157808249,0.043814594305032095
0.1670721232010032,0.18763376718880975,-0.02056164398780655
2.230516884237043,2.1614069778079594,0.06910990642908343
1.585915308980803,1.706724862043128,-0.12080955306232499
1.2230669736858142,1.1244909929013314,0.09857598078448282
1.7151394253801724,1.6491501925196723,0.06598923286050007
1.5681980785851923,1.6172421525811984,-0.04904407399600608
1.8974745453445931,2.3370180701007968,-0.4395435247562036
1.5957300849360505,1.7177180365423035,-0.12198795160625298
1.748390313253912,1.7772696481057342,-0.028879334851822147
1.7610351445222403,1.815456492737294,-0.05442134821505373
1.1137300978901647,1.014742604427348,0.09898749346281677
2.320536147399744,1.382954162948958,0.9375819844507862
1.95282789348335,1.8877455534835765,0.06508233999977353
0.5547354310148105,0.5692234825828737,-0.01448805156806321
2.273880923368365,2.171231957860541,0.10264896550782421
1.7600948066303697,1.9078892795202147,-0.14779447288984504
1.5050824234121931,1.5874684678890372,-0.08238604447684406
2.162509663951992,2.572282190956745,-0.409772527004753
0.8656572268736397,0.8457994982152557,0.019857728658383977
1.26290926793378,1.0762617128900287,0.1866475550437514
1.3581365555453109,1.2734998043635068,0.08463675118180403
1.223351787544616,1.226664998338807,-0.0033132107941908906
2.1568812003228133,1.860390430890763,0.2964907694320502
2.292827827346054,2.307408647761279,-0.014580820415225126
0.98324315582872,1.6243571976572524,-0.6411140418285324
0.5585013031478588,0.8045108303564338,-0.24600952720857494
0.4145437205156132,0.49518651906741096,-0.08064279855179773
0.5622490917528002,0.6200633157808249,-0.05781422402802461
0.8723074043977538,0.9277466968743072,-0.05543929247655344
0.7115096372931452,0.7166468389100794,-0.005137201616934206
1.3665498665533895,1.359924737126524,0.00662512942686555
0.1554580469587447,0.23656161752960808,-0.08110357057086337
2.406938725194476,2.318937645161017,0.08800108003345875
1.623854323351354,1.6188115362395925,0.0050427871117615375
1.540634426250023,1.5878311752728962,-0.0471967490228733
0.6004412739978424,0.5056858463966359,0.09475542760120648
0.3933137858614449,0.4275098197158614,-0.0341960338544165
1.3422593130584917,1.2580063800424213,0.0842529330160704
0.956576139800094,0.8489642566094686,0.10761188319062542
0.1241285224905268,0.32865491044820455,-0.20452638795767775
0.2107074147475941,0.24233482123847783,-0.03162740649088372
2.0657678899122525,2.218127215294249,-0.1523593253819966
1.439801278596652,1.5295434976461941,-0.08974221904954205
2.6350475016887898,2.5096914163238324,0.12535608536495735
1.6585744889596192,1.6057501243038184,0.05282436465580087
0.1186854131889778,0.14910125840134622,-0.030415845212368425
2.114407767798769,1.796095783934604,0.31831198386416504
0.2700210309844984,0.3482807669436208,-0.07825973595912239
0.5383066443384948,0.5272376048753873,0.011069039463107555
2.019519544630361,1.860390430890763,0.15912911373959804
0.865399538180414,0.8274307604768473,0.03796877770356677
0.1257876761309204,0.48792723923274567,-0.36213956310182527
0.0201081720591811,0.15836357639409168,-0.13825540433491057
1.1207871523915918,1.3586797089554006,-0.2378925565638088
1.3919932379397,1.382954162948958,0.00903907499074208
2.440501552345762,2.7359735070624875,-0.2954719547167257
1.2050784921407736,1.1409964550057072,0.06408203713506633
1.95469048497948,1.7387450231623807,0.21594546181709928
0.8325600481027219,0.8221892403328991,0.010370807769822799
0.2682126890600178,0.3894746544460598,-0.121261965386042
0.1745767423015235,0.2957587901280847,-0.1211820478265612
1.2831943438773434,1.6890809881219366,-0.4058866442445932
1.6066795955077708,1.5054368264234295,0.10124276908434138
1.0095831635215735,1.09228578319562,-0.08270261967404657
1.2486369290093695,1.0982956248603648,0.1503413041490047
1.007526174541337,1.1308218319540557,-0.12329565741271864
1.8445805433573224,1.4340595772171383,0.4105209661401841
0.0903441737022295,0.18763376718880975,-0.09728959348658026
2.128454063254761,2.0565059824320073,0.07194808082275372
1.1251859442108667,1.2204162066479782,-0.09523026243711152
1.6812375345452673,1.6243642569984236,0.05687327754684368
0.4420124348978488,0.5513863395434156,-0.10937390464556684
2.1135894937849127,2.0307407415889136,0.08284875219599908
0.9595779874909358,0.9403254884620447,0.019252499028891146
0.2789180733947173,1.5878311752728962,-1.3089131018781788
0.6212733735653356,0.6359394959671032,-0.014666122401767567
0.6448179858929662,0.5368676492443869,0.10795033664857934
1.1118765472720007,1.1343965498461712,-0.022520002574170528
0.7987259700551741,0.9131128767800908,-0.11438690672491669
1.373638567039128,1.5176751724284163,-0.1440366053892883
1.2024744795366071,1.1445462261619659,0.05792825337464125
0.3540049525280367,0.4112414326690122,-0.05723648014097549
1.6753513814633596,1.6172421525811984,0.05810922888216119
2.032159854573619,2.1354557598933104,-0.10329590531969135
0.939324557531684,0.824392157775187,0.11493239975649694
1.8608917874806945,2.013099730373834,-0.15220794289313933
1.1604486123711593,1.1079534304896335,0.0524951818815258
1.0047729739062514,1.0535183988401866,-0.04874542493393519
0.4928810941423623,0.4085860379171646,0.08429505622519773
1.662697508557562,2.062040049654577,-0.39934254109701506
1.5590071806787016,1.3568939150292858,0.20211326564941579
1.4275949702899478,1.1870661644200224,0.2405288058699253
0.9133567668682852,1.0116373010350266,-0.09828053416674143
0.2491165980640807,0.44186840135925465,-0.19275180329517394
1.679307129502276,1.8131592279717565,-0.13385209846948065
2.054963047059052,2.0482346509527805,0.006728396106271628
0.7544532380036216,0.7391992943682224,0.015253943635399225
1.7241811352557437,2.4141952166710183,-0.6900140814152746
0.2962510311598573,0.39131409704244186,-0.09506306588258456
0.6917263762798284,0.8054637568493082,-0.1137373805694798
1.6493519448156495,1.7048426026525976,-0.055490657836948065
0.5325561168313021,0.5648573386559513,-0.03230122182464923
0.2646683388171487,0.466084329114253,-0.20141599029710433
0.6554510366215733,0.7166468389100794,-0.061195802288506074
1.9952606368666068,1.6367700293686593,0.3584906074979475
0.7477488101483544,0.6920163542621621,0.055732455886192245
0.0697290754593485,0.23656161752960808,-0.16683254207025958
0.2275973287323755,0.2782974933458358,-0.0507001646134603
0.766035668261569,0.8054635142095502,-0.03942784594798121
1.37107524230991,1.262379874479525,0.10869536783038503
1.8452270252465852,1.9142310797739035,-0.06900405452731828
2.113331804332184,2.632557141628749,-0.519225337296565
0.6553696611248438,0.5843881106286868,0.07098155049615706
1.0688741756648044,0.9958105380107706,0.07306363765403379
0.3488150111009784,0.4194529453911634,-0.070637934290185
1.5626600313307093,1.4946567682855563,0.06800326304515303
1.162844665541351,1.0762782845146683,0.08656638102668257
2.245743124269032,2.068596411264288,0.17714671300474416
0.3273590337378957,0.4031310152357443,-0.07577198149784858
0.2308161772414939,0.34902217325594476,-0.11820599601445086
1.6144871119952002,1.6147556682669741,-0.00026855627177391206
1.8420126970498665,1.6673340609830494,0.1746786360668171
1.881208509408569,1.9096788272411676,-0.028470317832598457
0.2952654848274712,0.3482807669436208,-0.05301528211614959
1.890069385015742,1.8877455534835765,0.0023238315321654213
0.5614534213262823,0.543338095855949,0.018115325470333232
0.1102042893935411,0.1711813874861151,-0.06097709809257401
0.7857194705032169,0.8221892403328991,-0.0364697698296822
0.1412806459872683,0.2915752326739139,-0.15029458668664558
0.2170727784129065,0.24826307606926568,-0.031190297656359167
1.573831063792609,1.3979889137790975,0.17584215001351144
2.092920144451375,2.160749414575995,-0.0678292701246197
1.0350581808921953,1.3737444649433852,-0.33868628405118995
1.50943148571905,1.3539598359160614,0.15547164980298867
2.5446982164799388,2.3628807257088287,0.1818174907711101
0.7574596065131981,0.7284127007826455,0.029046905730552575
1.7092080638577491,1.68370278902544,0.025505274832309244
2.161329721907675,2.1373779545122638,0.02395176739541105
0.4631203064335066,0.49960464324244935,-0.03648433680894275
1.2500338731378031,1.1515961638389436,0.09843770929885953
1.2338899003202892,1.0786805041296499,0.15520939619063934
0.8597710737917319,0.8457994982152557,0.013971575576476214
2.247587631983887,2.2001781318430975,0.04740950014078926
2.206574436316401,2.1573336367237816,0.0492407995926194
1.6965225449676402,1.4560912976130438,0.24043124735459642
0.2189534539434795,0.2782974933458358,-0.0593440394023563
0.1220082415416676,0.26924067700769005,-0.14723243546602244
0.1013388929676335,0.26924067700769005,-0.16790178404005657
1.7941278022212552,1.5319526542171973,0.26217514800405795
1.9387951602303932,1.7797112567473758,0.15908390348301737
1.4307234019180346,1.3079181364456511,0.12280526547238346
0.1329261061290768,0.14694518620646993,-0.014019080077393137
1.7348458319686622,1.6192916622351958,0.11555416973346633
1.808594537870268,1.6980311803740968,0.11056335749617108
0.5813180578363288,1.036371677490478,-0.45505361965414926
0.6943891597807149,0.7591668249971437,-0.0647776652164288
2.278908115827307,2.2499347097237594,0.028973406103547372
1.0697421796974145,0.9760314723452039,0.09371070735221054
1.2980996024879805,1.6420894761012317,-0.3439898736132512
1.2833073653583844,1.3046537655733061,-0.021346400214921735
0.2195682903547669,0.3468577726501359,-0.127289482295369
1.182582718114152,1.0788096959094817,0.10377302220467022
0.5885016962750009,0.7548339204746337,-0.16633222419963278
1.1764705223233305,1.1734165277946251,0.0030539945287053616
1.8032780125059649,2.068596411264288,-0.26531839875832297
1.8728268451443049,2.010267299845051,-0.13744045470074595
0.119024477378933,0.14094555779829887,-0.02192108041936587
2.36194717866024,2.121473266416209,0.24047391224403114
1.0400582464133856,0.9131128767800908,0.12694536963329484
0.928759319590434,0.9573735763768442,-0.028614256786410164
1.6207078081951602,1.573972613373242,0.04673519482191835
0.5388175009062109,0.5232586722888,0.01555882861741098
0.2620281596631039,0.3894746544460598,-0.1274464947829559
1.4463926849708784,0.8564733624670366,0.5899193225038417
0.7243850320891221,0.6754023757979021,0.048982656291220006
2.312543275572013,2.2401690013117106,0.07237427426030241
2.022195891093788,2.0627064789981153,-0.040510587904327267
0.8787270183942192,0.6670700182537066,0.21165700014051259
0.0849553147318336,0.19902299139347657,-0.11406767666164297
1.9825932025172763,1.4898258996709626,0.49276730284631376
1.0536027276986355,1.0708850344252123,-0.017282306726576824
1.1141188913393705,1.2085349867388129,-0.0944160953994424
0.8348973301230255,0.864205228831373,-0.02930789870834749
2.2290702095835195,2.373126500374801,-0.14405629079128168
1.3356407815186888,0.8064557556997317,0.5291850258189571
0.7092672932257754,0.5578769235337505,0.1513903696920249
0.6106041557805144,0.7219106995154222,-0.11130654373490778
2.5313436111005574,2.107446802497849,0.4238968086027084
1.15868849285074,1.6890632957729768,-0.5303748029222368
1.200087468257053,1.2475539409251075,-0.04746647266805448
1.0122097802194143,1.0027770814703256,0.009432698749088697
2.3078280239096247,2.2280199905971125,0.07980803331251218
0.912524929638721,0.7795460355670482,0.13297889407167285
0.996323496095126,0.9266552759528539,0.06966822014227214
0.5422985591804573,0.578685654057417,-0.03638709487695968
1.1290196291312726,1.1515961638389436,-0.02257653470767096
0.4516147306003864,0.29387009049054436,0.15774464010984207
2.205019261506908,2.068596411264288,0.13642285024262035
0.5658657758549296,0.5368676492443869,0.028998126610542685
0.8826872872518704,0.7714842467942895,0.11120304045758089
0.3754112003787008,0.48244368190997344,-0.10703248153127265
2.2601736931149983,2.205624301413038,0.05454939170196038
1.7534039412313067,1.7395646372263653,0.013839304004941377
1.5799839472052115,1.7797112567473758,-0.19972730954216433
1.314112470549514,1.235950780469083,0.07816169008043095
1.579369111047092,1.6158407549441292,-0.036471643897037165
0.6698951679237447,0.5809479084390741,0.08894725948467064
1.3286379773484152,1.3827908009471812,-0.05415282359876605
1.9213672634996484,1.9196019448935087,0.0017653186061397097
1.6283254487767216,1.6243571976572524,0.0039682511194691905
0.2530226165905788,0.26010632989779436,-0.007083713307215578
2.172035105229703,1.84603688409994,0.32599822112976296
0.4458732449838311,0.545778197809412,-0.09990495282558087
2.4840328645551173,2.4790493786179555,0.004983485937161802
1.8735863487677769,1.6880555850502204,0.1855307637175565
1.733579992596209,1.7636568081919575,-0.030076815595748485
1.6964773365271246,1.726363164826243,-0.029885828299118344
1.6634570121810337,1.7048426026525976,-0.04138559047156387
0.0181461210318786,0.13868620400975046,-0.12054008297787186
0.3015359105398495,0.35541994085801876,-0.05388403031816924
1.935757145736506,1.5080971258181106,0.4276600199183953
2.496198484733705,2.770540763347255,-0.2743422786135503
1.6463003678655574,1.6243642569984236,0.021936110867133873
0.7205287428218746,0.6569623479100082,0.06356639491186644
0.1435908028419955,0.20830500625910486,-0.06471420341710937
2.173662612632617,2.0482346509527805,0.12542796167983639
0.9385379287426352,0.9713499154271105,-0.03281198668447527
2.043642825300393,2.006576302898922,0.037066522401471236
1.84652451060335,1.5321055928536365,0.31441891774971364
2.02277455943619,2.1520971747147373,-0.12932261527854738
1.640165567727894,1.457488743431764,0.18267682429612986
1.4837665924425605,1.3825703364005697,0.10119625604199078
0.827532857415955,0.864205228831373,-0.036672371415418015
0.1710595172242309,0.31793543570479993,-0.14687591848056902
1.3005046972956416,1.2580063800424213,0.042498317253220286
1.0269568089084946,1.5707055666003384,-0.5437487576918438
1.6567118967039856,1.9029213806995444,-0.24620948399555886
2.3350390488391315,2.344189143749995,-0.009150094910863604
1.1249960683049989,1.124165124985432,0.0008309433195667904
1.429367145411382,1.782066115857881,-0.3526989704464989
2.6129586046394806,2.6106719333442028,0.00228667129527782
0.2114081472211782,0.19767481415721205,0.013733333063966152
2.1959052180252447,2.005471890786307,0.1904333272389378
0.7528845012442593,0.7607218363224659,-0.007837335078206609
1.3602206696911234,1.6158407549441292,-0.2556200852530057
2.06950211606099,2.3465721376521156,-0.2770700215911255
2.2174244873569497,2.1573336367237816,0.0600908506331681
1.6564768123576017,1.59532039051349,0.06115642184411163
1.3762651837369686,0.8564733624670366,0.519791821269932
2.518020651705487,2.5950480494313917,-0.07702739772590483
0.8486904584640311,0.8221892403328991,0.026501218131132043
2.434317023202016,2.340549430552379,0.09376759264963708
0.6833356696185908,0.5316276837536755,0.1517079858649153
0.6791403161613883,0.5785435466131446,0.1005967695482437
1.0967949754648678,1.2085349867388129,-0.11174001127394506
2.258934978148618,2.3811699314613772,-0.12223495331275913
2.2244046876867176,2.1452475671594815,0.07915712052723611
1.1441735347976654,1.573972613373242,-0.42979907857557653
1.0355645166411769,1.0840613584696357,-0.048496841828458814
1.2234512463162848,1.3156979191169889,-0.09224667280070409
1.2783841542620211,1.2605563367237904,0.017827817538230706
2.5058550315268997,2.572282190956745,-0.06642715942984534
1.232054433230232,1.161168988327955,0.07088544490227688
1.954491568448814,2.1876850446948097,-0.23319347624599573
0.8392509135017849,0.8205144201740837,0.01873649332770122
1.7751763784375023,1.7395646372263653,0.03561174121113697
1.0397960369014256,1.1343733653163373,-0.09457732841491162
2.019216646990284,1.8914204918400548,0.12779615515022935
0.105751247243113,0.24233482123847783,-0.13658357399536483
0.962209125007511,0.9698506550728098,-0.007641530065298774
2.0770248197022885,1.7790281391571057,0.2979966805451828
1.5204759342437046,1.4340595772171383,0.08641635702656636
1.3328785392461333,1.0788096959094817,0.2540688433366516
1.0735080518304627,1.0218353246543939,0.051672727176068856
0.2384835473354734,0.26010632989779436,-0.021622782562320975
1.145755834013232,1.5874684678890372,-0.44171263387580506
0.9540806278582338,0.824392157775187,0.12968847008304674
0.5187765511996687,0.48792723923274567,0.030849311966923032
2.347227274377232,2.2827564214934206,0.0644708528838116
1.859806783389311,1.828599935088919,0.031206848300392
1.1093087017240482,1.0918203192123939,0.0174883825116543
1.894879574631064,1.9805692293054284,-0.0856896546743644
0.1230389965677371,0.14910125840134622,-0.026062261833609116
0.9061957327764548,0.9736058652964424,-0.06741013251998762
0.1226049944248482,0.25194234394974907,-0.1293373495249009
1.4084446289628574,1.2368746405877198,0.1715699883751376
2.4417538295151786,2.452862101017611,-0.01110827150243221
1.4378799151911303,1.4745881808098495,-0.036708265618719205
1.112997719432269,1.8478160758853925,-0.7348183564531234
0.9511872808296982,0.9736058652964424,-0.022418584466744274
1.6107619274839329,1.8072218730567406,-0.19645994557280777
0.9376608828193876,0.8638418761009988,0.07381900671838881
1.5174876492622351,1.9196019448935087,-0.40211429563127354
0.7889473609029727,0.7714842467942895,0.017463114108683175
2.3453465990998272,2.171981103933935,0.17336549516589228
1.4357912802265824,1.5874684678890372,-0.15167718766245475
1.821365953075842,1.7203324061785699,0.10103354689727206
0.9761785665450124,0.9907297496603638,-0.014551183115351307
0.2573897624255425,0.25285123933729603,0.004538523088246482
0.3318211175257934,0.40159104221511166,-0.06976992468931825
0.280269809082635,0.20830500625910486,0.07196480282353013
2.2475152993904657,2.110228279852623,0.13728701953784261
0.4164108335899818,0.5043432362618847,-0.08793240267190289
0.2921370531993842,0.40705893397826154,-0.11492188077887733
1.4172783794044537,1.3046537655733061,0.11262461383114752
0.8104349842503666,1.3330312545073628,-0.5225962702569962
0.3711435135685738,0.4754608165461295,-0.1043173029775557
2.279631451888229,2.5780324995119415,-0.29840104762371267
1.9645459483033405,1.6214097191671497,0.3431362291361908
1.3990819384254385,1.2550328672172164,0.14404907120822208
2.612800374717924,2.3031620891998505,0.30963828551807326
2.234422902510373,2.2909862063238196,-0.05656330381344654
1.8297521389183449,1.7395646372263653,0.09018750169197953
1.0760352097566346,0.9958105380107706,0.080224671745864
1.1667054756273332,1.2962138004317276,-0.12950832480439445
1.5421896003000126,1.7451889620688077,-0.20299936176879507
1.1443001187349109,1.20707160304724,-0.06277148431232904
0.5776154776719028,0.5843881106286868,-0.006772632956783986
1.829593908996788,1.6673340609830494,0.16225984801373872
1.2035594848938296,1.1409964550057072,0.06256302988812235
1.9440031829070483,1.815456492737294,0.12854669016975429
1.8882972098943076,1.668628273324586,0.21966893656972153
2.036517959783785,1.8935185179814344,0.14299944180235036
0.8759964221059752,0.9132517264995862,-0.03725530439361102
0.5269186108051503,0.5232586722888,0.0036599385163503806
0.4248874365666837,0.5945895303482558,-0.16970209378157208
0.5086588778575123,0.8207140016863907,-0.31205512382887846
1.2873399678221278,1.6491501925196723,-0.36181022469754454
1.1535769129568656,1.5315893532830336,-0.378012440326168
1.439114108579272,1.2368746405877198,0.20223946799155224
2.3018785788590947,1.9209697853593073,0.38090879349978746
0.3030413553305891,0.37960008417316526,-0.07655872884257614
0.8354669578406295,0.9665154899508489,-0.13104853211021938
0.674135729821463,0.649907096424685,0.024228633396777943
1.4383229589714888,1.5472545596534903,-0.10893160068200158
0.2387728820130101,0.3725879024608907,-0.13381502044788057
1.3876577380890478,1.3736243100621723,0.01403342802687546
0.3950181481955219,0.48244368190997344,-0.08742553371445155
1.4946211650613472,1.5176751724284163,-0.023054007367069085
0.377436543374626,0.377670611877022,-0.00023406850239598986
2.510629053579672,2.0989101586579793,0.4117188949216928
1.367657476004286,1.3299308946903325,0.03772658131395357
2.4465775813335378,2.5353636119367504,-0.08878603060321266
0.6548949713601738,0.7219106995154222,-0.06701572815524837
0.8141149600679506,0.7216033759423446,0.092511584125606
2.255042522078325,2.204253345558019,0.0507891765203059
0.6398314828279801,0.71991681457678,-0.08008533174879995
1.9461731936214932,1.8935185179814344,0.05265467564005877
0.1822938416547535,0.49518651906741096,-0.31289267741265747
0.4946713527919039,0.45843564181411467,0.036235710977789215
1.642819309591311,1.6166925291562844,0.026126780435026697
0.3441630514072126,0.3065988845543966,0.037564166852815994
0.9196136301244592,0.864205228831373,0.05540840129308622
1.8531701673087295,1.726363164826243,0.12680700248248655
1.660192954978232,1.59532039051349,0.06487256446474188
0.3599227515942556,0.4384390198524132,-0.0785162682581576
1.013127513764443,0.9454514990533759,0.06767601471106721
1.599260872722715,1.6246702712116252,-0.025409398488910107
1.4251898754822865,1.4340595772171383,-0.008869701734851798
0.9242791522744292,1.0708892978506328,-0.14661014557620355
0.5926789662040965,0.5945895303482558,-0.0019105641441592436
2.353339470927558,2.2909862063238196,0.062353264603738356
0.8212036605536887,0.7208126522689319,0.10039100828475678
2.499200331665042,2.4909992946348796,0.008201037030162617
2.4166314395502204,2.2827564214934206,0.1338750180567998
0.2336733577201512,0.3740198881934197,-0.1403465304732685
0.8143590863049717,0.8054635142095502,0.008895572095421467
1.1859824008916688,2.5647973944436258,-1.378814993551957
0.5129175232833376,0.5513863395434156,-0.03846881626007803
0.615161177521346,0.61594208688768,-0.000780909366334015
1.9298800332793964,1.8131592279717565,0.11672080530763984
1.4910496896529015,1.262379874479525,0.2286698151733766
0.9459430890714868,0.9094639489674701,0.03647914010401676
2.1885633496650154,2.2560295563855943,-0.0674662067205789
0.7735719333464004,1.5707055666003384,-0.797133633253938
1.0125262400625274,1.385053654460771,-0.37252741439824355
1.4298915646884705,1.9734645645443938,-0.5435729998559233
1.8820313050006636,1.8121541744091634,0.06987713059150025
0.9119100934806016,1.0352696889005266,-0.12335959541992503
0.943339076720488,1.1300229465791738,-0.1866838698586858
1.1555660891497446,1.1733222712656113,-0.017756182115866714
0.4093718626166619,0.4275098197158614,-0.018137957099199464
1.6682626809776215,1.706724862043128,-0.03846218106550636
1.1300594257948118,1.3845671535396822,-0.2545077277448704
1.0665775812662812,1.0027770814703256,0.06380049979595559
0.98667147088017,1.0027770814703256,-0.016105610590155583
1.6852294493872295,1.42734789604569,0.2578815533415395
0.8676057154447379,0.6920163542621621,0.17558936118257573
2.489444327872355,2.3616636602167977,0.12778066765555707
2.2433561132426454,2.1452475671594815,0.09810854608316388
1.4599823746966438,1.5109875407229456,-0.051005166026301785
0.2539629544824491,0.26010632989779436,-0.006143375415345265
0.3504606022851675,0.4275098197158614,-0.07704921743069387
1.2187495573632687,1.131262436561717,0.08748712080155174
0.3365318483694471,0.3679442636234018,-0.03141241525395472
1.5361135713122371,1.4474179350968421,0.088695636215395
2.1941556482633238,2.173529454172262,0.020626194091061922
1.0672828345586003,1.0535183988401866,0.013764435718413681
0.9724533822869128,0.8513064042548664,0.12114697803204644
0.5605899381124068,1.060362454389656,-0.49977251627724917
2.475425156822435,2.528218663038568,-0.05279350621613288
0.9171181181825988,1.1300229465791738,-0.21290482839657499
0.5558113944813957,0.5851784238701199,-0.029367029388724153
2.306467246584237,2.160749414575995,0.14571783200824218
0.7198641771513365,0.8205144201740837,-0.10065024302274717
1.7417446565485324,1.65880857342103,0.08293608312750234
2.138870113671428,2.0402417963657387,0.09862831730568944
2.43999521659678,2.528218663038568,-0.0882234464417877
1.9655586198013035,1.8235666236011945,0.14199199620010905
0.187632971365899,0.15281386930524138,0.03481910206065761
1.720455950744476,1.658702466326771,0.06175348441770501
1.214952039245909,1.0805082513118838,0.13444378793402523
1.8087075593513091,1.7395646372263653,0.06914292212494377
1.1089832002434652,1.0434217445111384,0.06556145573232675
2.292904681517713,2.1452475671594815,0.14765711435823148
0.589577659741586,0.608294709605499,-0.018717049863912982
2.4006095283322093,2.3592232027518865,0.04138632558032285
0.3440364674699674,0.37693961943373755,-0.03290315196377014
0.8874251432611007,0.7550478925233104,0.13237725073779028
1.8926010637606483,2.342568088414173,-0.44996702465352456
0.9854689234763394,0.8546073604145697,0.13086156306176966
2.3294105852099527,2.1373779545122638,0.19203263069768894
1.37669014398922,1.3254532698037784,0.05123687418544165
1.354122036356506,1.2390442887500734,0.11507774760643263
1.8993009718098524,1.9623018622937571,-0.06300089048390478
2.2000282391421946,2.2280199905971125,-0.027991751454917946
0.2197129575669513,0.25240860709921603,-0.032695649532264726
2.491352127555833,2.6293060092688076,-0.13795388171297462
1.6608529998300352,1.912330559954565,-0.2514775601245298
0.8770497812257189,0.7771653146492109,0.09988446657650796
0.9128142643162576,0.7591668249971437,0.15364743931911384
0.3672736615919539,0.5863397433270587,-0.21906608173510483
2.2440794493035674,2.1876850446948097,0.056394404608757664
2.313555947069976,2.4642359831802283,-0.1506800361102525
1.7305103321180098,1.8943724070279433,-0.16386207490993354
2.4194117645913784,2.3628807257088287,0.05653103888254973
1.483129151937599,1.0672893369789627,0.4158398149586364
2.222813347846353,1.9520635903540955,0.2707497574922575
2.0504060253182206,1.7210055903529595,0.32940043496526106
1.5723437025299765,1.4745675089703463,0.09777619355963019
1.7283764887129465,1.1235221954493702,0.6048542932635763
0.3590276223960687,0.5317374662176585,-0.17270984382158977
1.0407228120839238,1.0982956248603648,-0.057572812776440996
0.7408454647497492,1.20707160304724,-0.4662261382974907
0.2854597505096932,0.4031310152357443,-0.1176712647260511
2.358208430933264,2.37249853579441,-0.014290104861145903
2.1865289660442926,1.981427337314037,0.20510162873025561
1.4269304046194096,1.385783114487805,0.041147290131604564
1.5428179991675044,2.218127215294249,-0.6753092161267447
1.8714525056158808,1.8768653460771432,-0.005412840461262336
2.3855822073625657,2.3048119439083568,0.0807702634542089
1.626566836111491,1.6243642569984236,0.0022025791130675376
0.956576139800094,0.9403254884620447,0.01625065133804937
1.4754436985686803,1.097230644630641,0.3782130539380393
0.2760970599722741,0.466084329114253,-0.18998726914197894
0.7683141791319847,0.8054635142095502,-0.03714933507756546
0.2608075287311663,0.34205039432849277,-0.08124286559732646
1.9540575652932533,1.8768653460771432,0.07719221921611008
1.9681083823274843,1.8944094803105604,0.07369890201692386
1.726604313591512,1.5259525564463063,0.20065175714520556
2.435582862574469,2.205350666191313,0.23023219638315595
0.5652418978061725,0.5915808594873888,-0.0263389616812163
1.3110111640870037,1.347532963505382,-0.03652179941837841
1.5680714946479468,1.706724862043128,-0.13865336739518108
1.1532875782793288,1.2962138004317276,-0.1429262221523988
0.4996442931475177,0.545778197809412,-0.046133904661894265
0.0290413812724461,0.11323063541466322,-0.08418925414221712
0.756211850668852,0.6814855901111319,0.07472626055772014
2.0769524845771894,1.9623018622937571,0.11465062228343226
0.3125487130801929,0.28530718141063444,0.02724153166955845
1.1369898963589933,1.1219836450619547,0.015006251297038586
1.2261275925265438,1.0723083144012535,0.15381927812529028
1.9936240863072152,1.84603688409994,0.14758720220727528
1.801966964692996,1.68370278902544,0.1182641756675562
0.2577062222686558,0.4194529453911634,-0.1617467231225076
2.2129217169599427,1.9311829234656235,0.2817387934943192
1.6061687389400547,1.573972613373242,0.03219612556681284
0.5091652136064935,0.5378360526216596,-0.028670839015166094
1.477120935737181,1.4419942183961934,0.03512671734098771
1.114082724536324,1.0918203192123939,0.0222624053239302
2.1692864261728557,2.0989101586579793,0.07037626751487647
0.5128994397552307,0.5401593306103658,-0.027259890855135138
1.9711283130400967,1.773006799633141,0.19812151340695583
1.4381737706874018,1.4946567682855563,-0.05648299759815445
1.2642836077153714,1.7636568081919575,-0.49937320047658607
1.1216415939679976,1.0672893369789627,0.0543522569890349
1.6528510866180033,1.6158407549441292,0.03701033167387413
1.4358862181795164,1.2904397246244252,0.1454464935550912
0.23403502600378,0.2857448918195993,-0.05170986581581927
2.146275274000279,1.981427337314037,0.1648479366862421
0.1771988381806292,0.30569712263208737,-0.12849828445145817
1.226516385975749,0.9909172340220805,0.23559915195366854
0.2882445971290904,0.4356028010223941,-0.14735820389330373
2.0062734394069497,1.8856422886925768,0.12063115071437291
2.5179709219399005,2.4798842805533594,0.038086641386541054
0.299004231794943,0.33535163859982314,-0.036347406804880134
1.542248371449901,1.5020568068732019,0.040191564576699035
1.0287651508329754,1.131262436561717,-0.10249728572874162
1.580698242388168,1.4638973298398483,0.11680091254831959
2.4484220915800714,2.4420102181253585,0.006411873454712946
0.8966115203488562,0.8045108303564338,0.09210068999242238
1.2187947658037843,1.097230644630641,0.1215641211731433
0.3468529600736758,0.4356028010223941,-0.08874984094871835
1.4263472144456013,1.4870610950724619,-0.06071388062686056
1.2166880473111297,1.2962138004317276,-0.07952575312059795
0.1883563081863248,0.3032630869366185,-0.11490677875029373
0.3615999887627562,0.4275098197158614,-0.06590983095310521
0.1430211751243915,0.15736452333531376,-0.014343348210922258
1.256724738536866,1.1613607090166485,0.09536402952021761
1.5101276973738995,1.5386911892448427,-0.028563491870943203
1.7837072317453575,2.010267299845051,-0.2265600680996933
1.9795642286481865,1.9135378272804702,0.06602640136771631
2.3439360920088537,2.6544512250747756,-0.31051513306592193
1.5822624580756277,1.3636245468205754,0.21863791125505228
2.235358719836676,1.9520635903540955,0.2832951294825803
0.805760420209759,0.7208126522689319,0.08494776794082715
0.1635096894300272,0.23835401027387126,-0.07484432084384407
1.3830555079077005,1.1435180006844525,0.23953750722324796
2.0556863831199745,1.9101584792303419,0.14552790388963266
1.3360386168585316,1.3156979191169889,0.02034069774154279
0.4905257288471194,0.6043579611387739,-0.11383223229165451
1.3913377139066316,1.3770436915815252,0.014294022325106459
0.6134613362591718,0.8004832291250658,-0.187021892865894
0.6653381461829131,0.7219106995154222,-0.0565725533325091
0.7266997097625842,0.7076295149587525,0.019070194803831764
0.0277665002625233,0.15836357639409168,-0.13059707613156837
0.1745405754984774,0.15281386930524138,0.021726706193236023
1.309238988965569,1.2580063800424213,0.05123260892314763
1.0111971087214515,0.9251843699494554,0.08601273877199611
1.3972690756822226,1.4029522209575034,-0.005683145275280799
0.1457879382156817,0.19205926735856887,-0.046271329142887174
1.9542474411991213,1.8235666236011945,0.13068081759792682
0.466791240613621,0.5648573386559513,-0.09806609804233035
1.0183852679788588,0.8564733624670366,0.1619119055118221
0.852619081337371,0.9009970835302883,-0.048378002192917324
0.095109154877036,0.16235628331793106,-0.06724712844089506
0.5920776925021815,0.48542898479566,0.10664870770652146
0.6894478654094126,0.824392157775187,-0.13494429236577443
1.2921818034217614,1.3529860599385757,-0.060804256516814315
0.4499555769599929,0.6289923984665902,-0.17903682150659728
0.7280921330722827,0.71991681457678,0.008175318495502681
1.7966956477692078,2.068596411264288,-0.2719007634950801
0.5297667493931701,0.4749985463120322,0.054768203081137945
0.6393929598663561,0.5368676492443869,0.10252531062196923
1.80150583738453,1.9027196211001793,-0.10121378371564926
0.3378700213479925,0.3482807669436208,-0.010410745595628323
1.0475899906794826,1.0535183988401866,-0.005928408160704057
0.5491928629415928,0.6295301376525902,-0.0803372747109975
1.3127110056023457,1.4946567682855563,-0.1819457626832106
0.2568517806922499,0.32372031797649725,-0.06686853728424735
1.1888395811171582,1.8478160758853925,-0.6589764947682344
2.287262655685498,2.013099730373834,0.2741629253116642
1.822790022369852,1.7203324061785699,0.10245761619128224
0.4458099530152085,0.4917776948205856,-0.045967741805377105
1.057553954918817,1.2528818056942217,-0.1953278507754046
1.902696132755963,1.7369228497510314,0.16577328300493166
1.0708271848014692,0.8110066928978881,0.25982049190358114
1.2564715706623757,0.8564733624670366,0.39999820819533904
1.1952817994604652,1.8390994120848354,-0.6438176126243702
0.8025234881725339,1.4560912976130438,-0.6535678094405099
2.3706769487519286,2.363514949896423,0.0071619988555053915
0.965848413203314,1.1515961638389436,-0.18574775063562954
1.0303926587422254,1.035424048781554,-0.00503139003932862
0.5710014669508348,0.8588639071175588,-0.287862440166724
1.76807411549556,1.7636568081919575,0.004417307303602458
1.912393366158267,1.8718412892429988,0.0405520769152683
1.441582495355556,1.3661619870665325,0.07542050828902358
0.310419390493864,0.3065988845543966,0.0038205059394674223
0.6865183513246633,1.0026950810433797,-0.31617672971871635
1.6256626652758346,1.555403364142634,0.07025930113320067
1.6466755988585589,1.555403364142634,0.09127223471592494
2.3134836144765547,2.6055011964303914,-0.29201758195383665
1.108187529816947,1.0723083144012535,0.0358792154156935
0.3934584533267971,0.5496208706487973,-0.1561624173220002
2.019216646990284,2.0488881783563953,-0.029671531366111115
1.0835217453290478,0.9900412539933301,0.09348049133571767
1.7213962886363463,1.555403364142634,0.1659929244937124
1.0303112832454957,0.9831400348445632,0.04717124840093245
1.901000811806188,1.8768653460771432,0.024135465729044903
0.2358433679282607,0.34934905168871155,-0.11350568376045087
2.1880796192755474,2.1614069778079594,0.026672641467587965
0.2622089936783344,0.34934905168871155,-0.08714005801037716
0.9543925668826122,0.9516899657628944,0.0027026011197177624
1.4651903996518092,1.4271494710931347,0.03804092855867447
0.6781864158133134,0.6796780174459144,-0.0014916016326009807
0.8218184969649762,1.0026950810433797,-0.18087658407840346
0.0868179069874673,0.18763376718880975,-0.10081586020134245
1.906172669451971,1.764018184498623,0.14215448495334804
0.4299146272534506,0.4754608165461295,-0.045546189292678896
1.884752859651438,1.7048426026525976,0.17991025699884045
2.417418067579765,2.3731014371098054,0.044316630469959595
1.5139252154912592,1.910091032396917,-0.39616581690565766
0.982082803155027,0.9277466968743072,0.05433610628071983
2.199051735206781,2.205624301413038,-0.006572566206256791
2.438019603366442,2.153505642590024,0.284513960776418
1.673262746498812,1.6156988735280504,0.05756387297076149
1.3616763849694449,1.2550328672172164,0.10664351775222847
1.2245000846172938,1.0840613584696357,0.14043872614765807
1.2317063274028075,1.124165124985432,0.10754120241737541
2.3011145536573845,2.344189143749995,-0.04307459009261061
1.300156591468217,1.1734165277946251,0.1267400636735918
1.6575979842647028,1.2528818056942217,0.40471617857048114
0.2784479044487822,0.4243100411814036,-0.14586213673262138
0.1083914266503256,0.20830500625910486,-0.09991357960877927
1.1436671990486842,1.3586797089554006,-0.2150125099067164
1.1805212083151806,1.2605563367237904,-0.08003512840860982
1.1612940123100957,1.1858643635215587,-0.024570351211463004
0.9662598109993614,0.9778877743526019,-0.011627963353240456
1.6369105521625618,1.7210055903529595,-0.08409503819039776
2.12794772750578,2.2818418927561064,-0.1538941652503265
2.593527970272323,2.4790493786179555,0.11447859165436736
1.5679765566950128,1.7048426026525976,-0.13686604595758478
2.464633876172271,2.6293060092688076,-0.16467213309653683
0.8511859704058916,1.20707160304724,-0.3558856326413483
0.9033385525509656,1.4674178378705052,-0.5640792853195395
2.1551994415760745,2.249270956458555,-0.09407151488248067
0.5826471891774047,0.5207520703686768,0.06189511880872789
1.146307378202729,1.0886799797059645,0.05762739849676457
2.367449058352173,2.6055011964303914,-0.23805213807821834
2.454697037098513,2.37042031504072,0.08427672205779313
1.5784513775020634,1.4905433426406907,0.08790803486137277
2.282343965914205,2.171231957860541,0.11111200805366428
0.2384021718387438,0.34934905168871155,-0.11094687984996776
1.5162353723459865,1.4342581612589302,0.08197721108705625
1.092925123741416,0.8207140016863907,0.2722111220550252
2.2447259311928303,2.1452475671594815,0.09947836403334875
1.7269659818751408,1.5967459771076593,0.13022000476748152
1.2184466599763597,1.060767863980543,0.1576787959958168
1.5592603485531924,1.40435400333526,0.15490634521793245
1.2082250070438,1.1660600455910761,0.04216496145272397
1.7021238841907458,1.9600102688979193,-0.2578863847071735
0.5860649554830285,0.6349032357143796,-0.04883828023135106
1.146777547148664,1.2051128011109673,-0.05833525396230321
1.6556359332374002,1.6805811909161896,-0.024945257678789412
2.19022702463048,2.006576302898922,0.18365072173155816
0.1946990675047954,0.41110313610888827,-0.21640406860409286
0.9511963224671676,1.3845671535396822,-0.4333708310725146
1.6130404383543484,1.65880857342103,-0.04576813506668165
2.4341271472961474,2.4420102181253585,-0.007883070829211025
0.0860584033639954,0.19341325182495545,-0.10735484846096005
1.8697526630878671,1.9311829234656235,-0.06143026037775634
0.4378668109530644,0.5043432362618847,-0.06647642530882031
1.1284409597761988,1.1477932963853459,-0.019352336609147036
0.7847836534300813,0.7607218363224659,0.024061817107615346
0.8861005327387594,0.8366975778458785,0.049402954892880935
2.0993035926574657,2.4909992946348796,-0.3916957019774139
1.3927210955788607,1.3024350862667071,0.09028600931215358
0.4558462508606353,0.3873342910953513,0.06851195976528401
0.7070475535052474,0.7098101724997419,-0.0027626189944944812
0.953253311447404,0.8004832291250658,0.15277008232233824
1.1268948273636787,1.1435180006844525,-0.016623173320773788
0.2924851590268089,0.4194529453911634,-0.12696778636435452
1.1560091329301034,1.12448327568066,0.031525857249443456
0.960785055713501,0.9429192426380375,0.017865813075463532
0.9387458881766102,0.9454514990533759,-0.0067056108767656886
0.8930310033029412,0.7550478925233104,0.13798311077963077
0.1430392586524985,0.1753857110662074,-0.0323464524137089
0.7612571246305578,1.216958478130569,-0.45570135350001106
0.5425743314017897,0.5401593306103658,0.0024150007914238714
1.7433902477327217,1.6520471378587707,0.091343109873951
0.7018169244564084,0.7191171127026087,-0.017300188246200277
0.9442658519029862,1.0218353246543939,-0.07756947275140769
0.5271401326953297,0.5449357714350803,-0.017795638739750652
2.185995505889238,1.860390430890763,0.32560507499847513
0.1295851942482802,0.2119986759914615,-0.0824134817431813
0.3081499212609178,0.37541700979625203,-0.06726708853533425
0.8369724026313692,0.7208126522689319,0.11615975036243731
2.1773154630314564,2.0482346509527805,0.12908081207867594
0.8436994345803105,0.7622824274993022,0.0814170070810083
2.0376752964685885,2.2001781318430975,-0.16250283537450905
1.0617493081228515,1.0762617128900287,-0.01451240476717719
1.511845622164181,1.4674178378705052,0.044427784293675776
0.5308427128597554,0.5449357714350803,-0.014093058575324946
0.8717649018457263,0.7771653146492109,0.0945995871965154
1.0243934841792768,1.124165124985432,-0.0997716408061553
1.4066362870383768,1.3079181364456511,0.0987181505927257
0.4122652096451975,0.4356028010223941,-0.023337591377196654
0.7515101614626678,0.71991681457678,0.031593346885887774
1.5843239681277663,1.68370278902544,-0.09937882089767358
2.3297270450530663,2.318937645161017,0.01078939989204919
0.8614166649759211,0.9573735763768442,-0.0959569114009231
0.703155097434954,0.5578769235337505,0.14527817390120346
1.0024718586889938,0.8715605776758804,0.13091128101311345
0.9124525960326286,0.7795460355670482,0.13290656046558047
2.009786143665508,1.924179104168991,0.08560703949651693
1.97199631681954,2.340549430552379,-0.36855311373283883
2.44368423455817,2.3616636602167977,0.08202057434137222
1.9054855009535985,1.8235666236011945,0.081918877352404
1.275219555830888,1.3246781150135818,-0.04945855918269371
1.3666719296719003,1.1435180006844525,0.2231539289874478
0.96196499877049,0.9429192426380375,0.019045756132452518
0.876575091461049,0.9132517264995862,-0.03667663503853724
1.0398322037044716,1.0708892978506328,-0.0310570941461612
1.6110467413427343,1.9719005889440018,-0.3608538476012675
1.6349078135134782,1.65880857342103,-0.023900759907551805
0.9621458330388885,0.9008609029370713,0.061284930101817126
0.0220385771021724,0.17650216398030671,-0.15446358687813433
0.6148628012063398,0.6569623479100082,-0.042099546703668334
0.6221097316136346,0.7488729606413852,-0.1267632290277506
1.6139084423869587,1.3859309777128939,0.22797746467406488
1.2222441780937194,1.1822036484342429,0.040040529659476576
2.4459627454285853,2.452862101017611,-0.0068993555890255465
0.0749732672175599,0.2695129411882645,-0.19453967397070462
1.4321700755588864,1.3156979191169889,0.11647215644189757
1.7387563715670629,1.5891380576960694,0.14961831387099345
1.1820854240026402,1.1244909929013314,0.057594431101308796
0.286983278575372,0.40159104221511166,-0.11460776363973968
0.8465566148057997,0.9713499154271105,-0.12479330062131078
2.0697552839354803,2.091580486836328,-0.021825202900847884
1.7733318697099758,1.7444641067772444,0.02886776293273141
1.352245881644668,1.3856980406014872,-0.03345215895681908
0.0296019673525805,0.16235628331793106,-0.13275431596535056
1.7966233141631154,1.6315964903889153,0.16502682377420008
1.1768683574100054,1.060767863980543,0.11610049342946249
2.473919711778528,2.572873211957438,-0.09895350017890969
1.729750828494538,1.7164904734550566,0.01326035503948142
1.9211819091720188,1.7797112567473758,0.14147065242464296
1.844689043513293,1.9053967351784147,-0.06070769166512169
1.7497510905792992,1.5983605466163007,0.15139054396299856
0.98308643301552,1.0866743921081254,-0.10358795909260543
0.9318380217061027,0.7771653146492109,0.15467270705689184
0.3293708142776166,0.42011375806648266,-0.09074294378886605
1.0899956096566663,1.3770436915815252,-0.28704808192485887
1.531457090799737,1.4490721055696307,0.08238498523010618
0.199748862538404,0.44186840135925465,-0.24211953882085066
0.2079903809155545,0.2893697075758382,-0.08137932666028369
2.123521811280432,2.3137751562518556,-0.19025334497142365
0.7101488599677579,0.71991681457678,-0.009767954609022134
1.296761429509435,1.2578017305076976,0.03895969900173735
0.2069098966302344,0.2915752326739139,-0.08466533604367948
0.6816674740875599,0.6672925499644964,0.014374924123063515
1.1523065527656775,1.0918203192123939,0.06048623355328364
1.7251305147850835,1.755066769416599,-0.02993625463151539
0.1211537999652617,0.23835401027387126,-0.11720021030860957
0.7142944839125425,0.9573735763768442,-0.2430790924643017
0.8441696035262456,1.3735225801739055,-0.5293529766476599
0.9006983731437527,0.9888775326753533,-0.0881791595316006
0.2899851262662136,0.43722799835705106,-0.14724287209083747
1.2435735715195568,1.46164557521987,-0.2180720037003132
0.759720033855507,0.7191171127026087,0.04060292115289832
0.5154853688312903,0.5632972505896476,-0.04781188175835738
1.591236355163841,1.5386911892448427,0.05254516591899838
1.899753056215009,1.8944094803105604,0.00534357590444845
1.6375977221799414,1.5437846912463167,0.0938130309336247
1.0651535119722717,1.0090850037658452,0.056068508206426504
0.9647498453898872,0.9573735763768442,0.007376269013043002
0.4018853267910807,0.45843564181411467,-0.05655031502303398
2.358185825573751,2.632557141628749,-0.2743713160549981
1.5775969359256576,1.0230210790179186,0.554575856907739
0.3416946646309289,0.37693961943373755,-0.03524495480280865
1.7322825072394443,1.6417320618209639,0.09055044541848045
2.3700485506439404,2.344189143749995,0.02585940689394528
0.2381173579799418,0.2700678427675567,-0.03195048478761489
0.8297028678772325,0.8529989088486026,-0.02329604097137017
0.5930270720315214,0.6804169999106329,-0.08738992787911148
1.0548776087085583,1.0786805041296499,-0.023802895421091597
1.810909215796898,1.8855058211561504,-0.07459660535925239
0.5606939177028103,0.7219106995154222,-0.1612167818126119
0.1171980519263453,0.24031660901700372,-0.12311855709065841
0.6613191061753738,0.7166468389100794,-0.05532773273470559
0.3219566120581277,0.3554335031625301,-0.033476891104402384
0.6019512396073167,0.7128823512250427,-0.11093111161772606
1.1328126264298977,1.3254532698037784,-0.19264064337388076
2.265381718323332,2.110228279852623,0.15515343847070895
2.5089653786142074,2.39852675735271,0.11043862126149762
1.4298915646884705,1.523932125947499,-0.09404056125902849
2.444733073618682,1.9520635903540955,0.4926694832645866
0.0237791062392956,0.24031660901700372,-0.2165375027777081
2.283977501244211,2.205624301413038,0.07835319983117328
1.2245226889641354,1.1932141684221307,0.031308520542004725
2.1285535227859333,2.0307407415889136,0.09781278119701975
1.1211669042033277,1.1124479950007975,0.008718909202530156
0.2167563185697932,0.33535163859982314,-0.11859532003002995
1.5193683247928085,1.4245817932784717,0.0947865315143368
0.991133554668068,1.6300101550607895,-0.6388766003927215
1.5850337422388203,1.4905433426406907,0.09449039959812966
1.5737632510052515,2.2358689070421107,-0.6621056560368592
1.7563334553160563,1.8072218730567406,-0.05088841774068431
0.7515463282657141,0.8110066928978881,-0.05946036463217397
1.476040451451861,1.766654291878441,-0.2906138404265799
1.6786470846504726,1.562142895177813,0.11650418947265972
1.0149946268388117,0.8760487188974355,0.13894590794137618
1.3980647461087408,1.4638973298398483,-0.06583258373110756
0.2656493643307999,0.33535163859982314,-0.06970227426902326
1.7174902701098484,1.828599935088919,-0.1111096649790706
0.1532111820726402,0.3468577726501359,-0.1936465905774957
0.4799622992839972,0.5569737854508197,-0.07701148616682246
0.946304757355116,0.8642106580960962,0.08209409925901978
1.0180326413326994,0.9266552759528539,0.09137736537984553
1.7674728417936447,1.6192916622351958,0.1481811795584489
1.5131024198991645,1.7060062137041516,-0.19290379380498712
0.7144391513778948,0.6769455441417789,0.037493607236115944
0.8759105257905109,0.9573735763768442,-0.0814630505863333
0.6197181992621779,0.4687269806322612,0.15099121862991666
2.087128929322401,2.13774004670008,-0.05061111737767909
1.5723889109704925,1.3731069952807071,0.19928191568978537
0.5658657758549296,0.545778197809412,0.02008757804551764
0.9568654744776308,0.950096875818481,0.006768598659149805
1.0872469298403156,1.0866743921081254,0.0005725377321901259
1.2850614569517118,1.3264444217284161,-0.041382964776704334
0.4222336947032667,0.5496208706487973,-0.12738717594553056
0.2861876081488539,0.3740198881934197,-0.08783228004456578
0.8014203995403718,0.8221892403328991,-0.020768840792527277
1.5924389025676715,1.68370278902544,-0.0912638864577684
0.2580136404742996,0.26010632989779436,-0.0020926894234947757
0.3541450989214864,0.3747105626160404,-0.02056546369455403
2.342227208856042,2.8648496983101337,-0.5226224894540916
0.6827117915698339,0.529537889259901,0.15317390230993289
2.347701964141902,2.4141952166710183,-0.0664932525291162
2.280042849684276,2.1354557598933104,0.1445870897909658
2.231999723921437,2.1156953577215205,0.11630436619991658
2.1500095001490163,2.0988090235678207,0.05120047658119553
2.533884330470262,2.500345796978239,0.033538533492022626
0.2201107929067943,0.24826307606926568,-0.02815228316247137
1.1846442279131233,1.1343733653163373,0.05027086259678604
1.6368743853595156,2.0988090235678207,-0.46193463820830516
0.1623885175229263,0.15281386930524138,0.009574648217684917
1.3650805888188644,1.2051128011109673,0.1599677877078971
1.2044591349107512,1.092387268597133,0.11207186631361821
1.640237901333986,1.5080971258181106,0.13214077551587544
0.7189464436063081,0.6359394959671032,0.08300694763920491
1.1293451306118554,1.104875106406748,0.024470024205107466
2.3688912114274574,2.4141952166710183,-0.04530400524356093
0.0622787066899812,0.26729173172958665,-0.20501302503960545
0.6393929598663561,0.608294709605499,0.031098250260857108
1.7765145516692158,1.6825621100786312,0.09395244159058458
1.0310436617033911,0.8715605776758804,0.15948308402751077
0.5057790932851811,0.6412195943854323,-0.1354405011002512
1.222257740549924,1.573972613373242,-0.3517148728233179
1.5355394227758985,1.5805398692059616,-0.04500044643006307
1.627027963419957,1.4560912976130438,0.17093666580691314
1.4735449395100004,1.6805811909161896,-0.2070362514061892
0.4064061817288663,0.32677585658372627,0.07963032514514001
0.1427860907780078,0.29387009049054436,-0.15108399971253655
1.0068842132176412,0.8679200195639803,0.13896419365366086
0.9673176909378396,0.9454514990533759,0.021866191884463704
0.2722633750518682,0.3830980450784024,-0.11083467002653419
2.1320662270444912,2.0159133296032827,0.11615289744120849
0.4215962541983053,0.5053365113880669,-0.08374025718976158
0.2321905172762533,0.39131409704244186,-0.15912357976618854
1.1684053171426754,1.1435180006844525,0.02488731645822284
0.0897293375441097,0.1753857110662074,-0.0856563735220977
1.5795861121185366,2.218127215294249,-0.6385411031757124
1.2043551553203478,1.092387268597133,0.11196788672321478
2.047512678542853,1.9053967351784147,0.1421159433644381
0.2170004448068144,0.24826307606926568,-0.03126263126245127
1.1796170372263564,2.223433572893155,-1.0438165356667988
0.6991677034117261,0.6796780174459144,0.019489685965811687
1.1625462892263447,1.1124479950007975,0.050098294225547235
0.5074924972567277,0.5648573386559513,-0.0573648413992236
0.7205513471687164,1.1300229465791738,-0.4094715994104574
2.1093127643246445,1.8033502805049684,0.30596248381967617
1.8014335037784377,1.782066115857881,0.0193673879205567
0.2282121648904952,0.35452035474325383,-0.12630818985275863
1.725067222816461,1.658702466326771,0.06636475648968987
0.4341642307886386,0.4917776948205856,-0.057613464031947004
0.2658256777804636,0.28530718141063444,-0.019481503630170816
0.0531149336958996,0.15836357639409168,-0.10524864269819209
2.1126672386616456,1.8033502805049684,0.30931695815667726
0.1638442328012475,0.1797498752256437,-0.01590564242439621
0.0707779137603572,0.2119986759914615,-0.1412207622311043
2.005667644126796,1.7210055903529595,0.2846620537738367
0.8981260067770652,0.5368676492443869,0.3612583575326783
0.4350503183493559,0.5184533949896114,-0.08340307664025548
1.3795111576648311,0.790444345850239,0.5890668118145921
0.5391023147650128,0.5449357714350803,-0.005833456670067516
1.3594747285238558,1.1858643635215587,0.1736103650022971
1.907094924575238,1.9805692293054284,-0.07347430473019045
2.144787912737647,2.061886649705281,0.08290126303236578
2.296245593651678,2.340549430552379,-0.044303836900700944
0.1279576865921979,0.26729173172958665,-0.13933404513738876
1.8198424242506597,1.5456654292434955,0.2741769950071642
1.6647951851595792,1.3856980406014872,0.2790971445580921
0.1538169765932903,0.19902299139347657,-0.04520601480018627
1.7386840377078028,1.385783114487805,0.3529009232199978
0.9311870187449368,0.6670700182537066,0.2641170004912302
1.8384321792444471,1.5472545596534903,0.2911776195909568
2.266466722414715,2.3878388675539455,-0.12137214513923045
0.6109296575142652,0.6357121388303236,-0.024782481316058425
1.1360405168296532,0.8062390788748838,0.32980143795476946
2.0414004819925275,2.160749414575995,-0.11934893258346735
1.4835269870242742,1.3661619870665325,0.11736499995774174
1.7214324554393927,1.8877455534835765,-0.16631309804418382
0.7591684896660101,0.5945895303482558,0.16457895931775435
2.5395986914275763,2.632557141628749,-0.09295845020117266
0.0879571624226752,0.14694518620646993,-0.058988023783794724
2.6307029612133395,2.342568088414173,0.2881348727991666
1.163604169164823,0.9094639489674701,0.25414022019735283
0.3796065538359036,0.3065988845543966,0.07300766928150698
1.1071748583189844,0.9761844897961991,0.13099036852278534
1.7000289200293357,1.8768653460771432,-0.17683642604780747
0.1048244720606148,0.1711813874861151,-0.0663569154255003
0.3491540752909334,0.37451264321676847,-0.025358567925835074
0.5462271820537972,0.545778197809412,0.0004489842443852199
2.4980068274176888,2.423622651859376,0.07438417555831256
0.5377641417864674,0.5272376048753873,0.010526536911080075
1.9390573687296824,1.9719005889440018,-0.0328432202143194
0.7959727694200881,0.7155296227545702,0.08044314666551788
1.6722093873790682,1.3731069952807071,0.2991023920983611
1.2483701986786748,1.1409964550057072,0.10737374367296759
1.8733331808932856,1.7444641067772444,0.1288690741160412
1.5234551775877043,1.9135378272804702,-0.39008264969276585
0.5240207427047123,0.6869390131003621,-0.16291827039564977
0.5899890575376334,0.6036157359626644,-0.013626678425030958
2.075483207095832,1.9056899829744196,0.16979322412141218
0.8266377282177682,0.7622824274993022,0.06435530071846596
1.441867309214358,1.37005455471064,0.07181275450371793
0.7587570918699628,0.7985669417216775,-0.03980984985171476
0.8561001396116174,0.8457994982152557,0.010300641396361665
1.9228546247622809,1.8233008279722807,0.0995537967900002
0.8231205031404755,0.8274307604768473,-0.004310257336371803
1.636205298870243,1.7177180365423035,-0.08151273767206058
0.7248958886568384,0.8205144201740837,-0.09561853151724531
2.2963686610871465,1.9209697853593073,0.37539887572783925
1.9849123999968008,1.917675420447559,0.0672369795492418
1.2447896813795916,1.1244909929013314,0.1202986884782602
1.374122298441267,1.5401285182228392,-0.16600621978157215
1.647615936750429,1.385053654460771,0.26256228228965806
0.4361353234534108,0.4412857594133688,-0.005150435959958011
1.2293328785794575,1.226664998338807,0.0026678802406505664
1.9853780491366733,1.7797112567473758,0.20566679238929741
0.6879650249655149,1.1400451641911546,-0.4520801392256397
0.1340020695956621,0.1880191348084864,-0.05401706521282429
1.0648234896729538,1.2407190164405983,-0.17589552676764453
2.399548635949193,2.3592232027518865,0.04032543319730664
1.0828119712179942,1.0116373010350266,0.07117467018296764
1.1746621801456816,0.8045108303564338,0.3701513497892478
0.3647419828470474,0.41484329770723827,-0.05010131486019087
0.4519763991371832,0.5945895303482558,-0.1426131312110726
1.5464889333476188,1.3736243100621723,0.1728646232854465
0.9716079823479764,0.9295199114779568,0.042088070870019645
0.1325463543173409,0.32865491044820455,-0.19610855613086364
2.2015834139516883,2.1113590016052903,0.090224412346398
1.6005267120951685,1.5805398692059616,0.019986842889206935
2.0644749261337263,1.6072003195510607,0.4572746065826656
1.386527524291309,1.3529860599385757,0.03354146435273342
1.6972504026068007,1.4745881808098495,0.22266222179695117
0.8319542535820719,0.7894434043343873,0.04251084924768456
1.6964773365271246,1.599196554691484,0.0972807818356407
1.7218393324167052,1.315290393770178,0.4065489386465271
2.1433954894279483,2.218127215294249,-0.07473172586630072
1.7829477281218855,2.0402417963657387,-0.25729406824385315
1.3271777412513588,1.1917779761320426,0.13539976511931617
0.9424936767815516,0.9408831357254206,0.0016105410561310096
1.6321546128783924,1.4317396666680164,0.20041494621037592
1.1387846758272695,1.2368746405877198,-0.09808996476045029
0.781998806810684,0.7609432384929463,0.021055568317737694
0.7341139117289053,0.7952035095970185,-0.06108959786811319
0.7569351872361098,0.8274307604768473,-0.07049557324073752
0.5004942139051888,0.6295301376525902,-0.12903592374740147
1.1843006429044334,1.3024350862667071,-0.11813444336227374
1.4307595687210808,1.3827908009471812,0.04796876777389958
1.4784274627314151,1.457488743431764,0.020938719299651076
1.7289280329024432,1.7177180365423035,0.011209996360139751
1.2506939179896064,1.2931536391632736,-0.04245972117366725
2.2652370506048114,2.205624301413038,0.059612749191773506
0.5012718010567677,0.665496529775002,-0.16422472871823424
2.0253243219623718,1.8855058211561504,0.13981850080622138
0.129151192358559,0.2957587901280847,-0.1666075977695257
2.1032096109307954,2.0307407415889136,0.07246886934188179
0.6410928013816984,0.7216033759423446,-0.08051057456064614
1.2563630700000692,1.3386967075902385,-0.08233363759016932
1.0348999509706387,1.1755426230077204,-0.1406426720370817
2.459538872698147,1.6572755509527586,0.8022633217453883
1.9731400938329864,1.890350476448224,0.08278961738476243
2.0866225935734195,0.9516899657628944,1.134932627810525
1.221516320454559,1.46164557521987,-0.2401292547653111
2.336625869632936,2.37249853579441,-0.03587266616147389
0.225142504412296,0.18769965219558576,0.03744285221671023
0.5927377373539844,0.8064557556997317,-0.21371801834574733
0.1213753218554409,0.14694518620646993,-0.025569864351029023
1.4002347563168505,1.3282403060191004,0.07199445029775009
1.7465232001795437,1.6214097191671497,0.12511348101239395
1.1615336177283817,1.1755426230077204,-0.014009005279338682
2.258112182556524,2.411837922511288,-0.15372573995476424
2.3671552038685726,2.342568088414173,0.024587115454399733
0.7942955322515878,0.7217688518979662,0.07252668035362153
1.418028841390456,1.5163728395109433,-0.09834399812048722
1.4412343895281312,1.37005455471064,0.07117983481749124
0.5986917032232495,0.48542898479566,0.1132627184275895
0.8053399807762422,0.8045108303564338,0.0008291504198084665
0.9606268257919444,1.8390994120848354,-0.878472586292891
0.4153348701233965,0.4243100411814036,-0.008975171058007103
1.9140570411237308,1.7060062137041516,0.20805082741957914
0.3633314762624099,0.4248214602760041,-0.06148998401359418
1.0866682604852418,0.940749831963029,0.14591842852221282
1.7744349583421375,1.796095783934604,-0.021660825592466404
2.466360843106357,2.39852675735271,0.06783408575364724
0.1703633055693817,0.2695129411882645,-0.09914963561888282
2.2886505574169584,2.423622651859376,-0.13497209444241776
1.5023111392490005,1.4870610950724619,0.015250044176538635
0.521633731425158,0.7083252064948886,-0.1866914750697306
1.4145929915567252,1.5874684678890372,-0.17287547633231193
0.9898360693113032,0.9083025891630574,0.0815334801482458
2.484046426758153,2.373126500374801,0.1109199263833518
0.0171650955182274,0.14094555779829887,-0.12378046228007147
1.2731942128349625,1.1863131877437743,0.08688102509118822
1.7745615422793828,1.6805811909161896,0.09398035136319316
1.050465254433079,1.5176751724284163,-0.4672099179953373
2.004835807909904,2.2560295563855943,-0.25119374847569054
1.6211779771410957,1.8121541744091634,-0.1909761972680677
1.4559181262485892,1.4363863475408127,0.019531778707776448
1.9640576963356344,1.9096788272411676,0.054378869094466875
1.3557269399189145,1.1400451641911546,0.21568177572775982
2.031780102761883,2.6055011964303914,-0.5737210936685084
1.47876652692137,1.30604076432896,0.1727257625924099
2.417463275767113,2.452862101017611,-0.03539882525049798
1.2053135764871572,1.226664998338807,-0.021351421851649732
2.340613263656164,2.130554881877515,0.21005838177864877
0.1181203062901086,0.20830500625910486,-0.09018469996899627
1.0042802006134746,1.005161363869042,-0.0008811632555674187
1.6008250884101745,1.4429018412163312,0.1579232471938432
2.4431417312466386,2.3754627178806427,0.06767901336599591
0.7384403699420882,0.7216033759423446,0.016836993999743588
1.1999428007917006,1.2962138004317276,-0.09627099964002706
2.175326287598081,2.0402417963657387,0.13508449123234234
0.98688395113288,0.9436452371876389,0.043238713945241036
0.9040257223151772,1.1400451641911546,-0.23601944187597745
1.77639700936944,1.930988424294414,-0.15459141492497408
2.528495472512537,2.5950480494313917,-0.06655257691885463
2.279414451576288,2.2001781318430975,0.07923631973319045
2.364600919764153,2.205350666191313,0.15925025357284017
1.2365074753806602,1.0723083144012535,0.16419916097940668
0.0884996649747026,0.2205457213142274,-0.1320460563395248
0.3728071880277022,0.6189067313929665,-0.2460995433652643
0.8393594139109233,0.9083025891630574,-0.06894317525213411
0.0096921224020184,0.11323063541466322,-0.10353851301264481
0.5045991502281922,0.49405418651300737,0.010544963715184874
0.30105217913771,0.433349449522272,-0.13229727038456202
0.1273790172371243,0.2526650373184599,-0.1252860200813356
2.2304807166744927,2.0159133296032827,0.21456738707120993
2.018904708725409,2.0292970807581288,-0.010392372032719699
1.0259441374105325,1.25896695206262,-0.23302281465208763
1.3034794198209068,1.1734165277946251,0.13006289202628163
0.9720193801440236,1.0805082513118838,-0.10848887116786021
0.4882155719923923,0.5184533949896114,-0.03023782299721911
1.409384966854728,1.2390442887500734,0.17034067810465459
0.2920828028682311,0.33535163859982314,-0.04326883573159207
1.8600599512638016,1.764018184498623,0.09604176676517873
1.783096916405973,1.7164904734550566,0.06660644295091633
0.2147581007394446,0.3032630869366185,-0.08850498619717392
2.075768020954633,1.917675420447559,0.1580926005070742
2.0081993228717026,1.9734645645443938,0.03473475832730877
0.6842398404542472,0.7213692458702816,-0.03712940541603438
1.9410194197569848,1.990103519298917,-0.04908409954193216
2.2811866266977225,2.16766808937442,0.11351853732330275
0.6797054230602574,0.7098101724997419,-0.03010474943948449
0.4801503668117375,0.545778197809412,-0.06562783099767444
0.7472786412024192,0.7569767969947112,-0.009698155792292051
1.9526832257648297,1.8914204918400548,0.06126273392477488
0.8893419855947197,0.8489642566094686,0.04037772898525105
0.6720470948569153,0.6657495754120701,0.006297519444845134
0.8240246739761319,0.7846720997208759,0.03935257425525596
0.4425368541749371,0.5162081100427497,-0.07367125586781259
1.7545974469976675,1.6188115362395925,0.135785910758075
2.475678324696926,2.3731014371098054,0.10257688758712069
2.0018701260094365,2.4141952166710183,-0.41232509066158185
0.92304947995819,1.2000898909952797,-0.27704041103708976
1.067875066623046,1.0916908146366497,-0.023815748013603644
2.541058928284136,2.4895798523586423,0.0514790759254935
1.1967058687544752,1.1124479950007975,0.08425787375367766
0.9622407709918224,0.9778877743526019,-0.01564700336077951
2.0962113268197533,2.1452475671594815,-0.0490362403397282
1.1826912185232905,1.0859651257170033,0.09672609280628719
0.3405237632114095,0.5632972505896476,-0.22277348737823816
0.3285932271260377,0.529537889259901,-0.20094466213386325
0.2445957431262951,0.2782974933458358,-0.03370175021954072
2.5616966316333625,2.7359735070624875,-0.17427687542912507
1.7560441206385191,1.1235221954493702,0.632521925189149
1.8494269005351944,1.828599935088919,0.02082696544627538
1.7963339794855788,1.6825621100786312,0.11377186940694761
2.4573914673432147,2.770540763347255,-0.3131492960040405
1.3235248903461838,1.1515961638389436,0.17192872650724023
0.9004813720723082,0.8045108303564338,0.09597054171587438
1.6117022653758029,1.6315964903889153,-0.019894225013112443
0.0935901476300922,0.1797498752256437,-0.0861597275955515
1.5642152053806992,1.3736243100621723,0.1905908953185269
2.0666087692856223,2.344907066253173,-0.2782982969675505
0.5142285710963065,0.5785435466131446,-0.06431497551683807
1.929563573436283,2.006576302898922,-0.07701272946263882
0.3920117796859454,0.49960464324244935,-0.10759286355650394
0.3838380740961524,0.3973085475367318,-0.013470473440579389
0.4110310162570555,0.5043432362618847,-0.0933122200048292
0.5985967652703155,0.5056858463966359,0.09291091887367953
2.4899777880274088,2.6293060092688076,-0.13932822124139888
0.2986290008019418,0.29387009049054436,0.0047589103113974685
1.909405081429965,1.7955670717022525,0.11383800972771252
1.3887969935242557,1.3254532698037784,0.06334372372047725
0.1313573693697147,0.26021934406473896,-0.12886197469502425
2.2537721611276327,2.1685010917745693,0.08527106935306339
2.1480474491217136,2.0537584356974294,0.0942890134242842
0.9123666997171644,0.7959102460338179,0.11645645368334656
1.029963177418071,1.0708850344252123,-0.04092185700714124
2.511063056735233,2.3465721376521156,0.16449091908311742
0.7553076795800275,0.8758710617157289,-0.12056338213570139
0.8930626492872523,0.7959102460338179,0.09715240325343444
0.2320096830078549,0.4514139626546628,-0.21940427964680792
2.4557277923777505,2.6293060092688076,-0.17357821689105712
0.7736623504805996,0.737585049822868,0.036077300657731626
0.9361057087693976,0.9888775326753533,-0.052771823905955695
1.559685308805444,1.5805398692059616,-0.020854560400517475
0.7647110577392277,0.7771653146492109,-0.012454256909983252
1.9474119085878736,1.7636568081919575,0.18375510039591614
1.2706128045776377,1.1235221954493702,0.14709060912826755
1.0762883776311252,0.9778877743526019,0.09840060327852329
2.4879886125940334,2.5647973944436258,-0.07680878184959239
1.534938149073983,1.4560912976130438,0.07884685146093928
2.245042391035944,2.1354557598933104,0.10958663114263345
0.4224642582309156,0.5793777538235668,-0.15691349559265122
1.5774522684603052,1.5891380576960694,-0.011685789235764243
1.2110731456318198,1.3046537655733061,-0.09358061994148636
0.8614799569445437,0.820653620293484,0.040826336651059725
2.132351040903293,2.13774004670008,-0.0053890057967871385
1.396392029758975,1.3546459304216696,0.04174609933730533
1.625698832078881,1.9465852853877752,-0.3208864533088942
0.9898496317675074,1.315290393770178,-0.3254407620026707
1.2115161894121782,0.934651355865292,0.2768648335468862
1.2343645900849594,1.6243571976572524,-0.38999260757229304
1.2637004175415631,1.3024350862667071,-0.03873466872514397
2.2343144023544026,2.2001781318430975,0.03413627051130508
0.8250870749865128,1.1300229465791738,-0.304935871592661
2.153205744564461,2.204253345558019,-0.051047600993558095
0.0969988722982464,0.19559092051072308,-0.09859204821247668
0.3361249713921346,0.37693961943373755,-0.04081464804160295
1.163129479400153,1.3254532698037784,-0.16232379040362543
0.2150474354169813,0.2782974933458358,-0.06325005792885452
2.097034122411848,2.204253345558019,-0.10721922314617105
1.6800575914882785,1.6243642569984236,0.05569333448985492
1.0226529550421537,0.9698506550728098,0.052802299969343935
2.4044432140121192,2.528218663038568,-0.12377544902644866
0.493170429073067,0.5102145820512172,-0.01704415297815015
1.2986059382369617,1.3980190264855286,-0.09941308824856687
0.922145308869366,1.0000897951512984,-0.0779444862819324
1.982231531955136,1.9101584792303419,0.07207305272479414
0.3033306900081258,0.3830980450784024,-0.0797673550702766
1.459937166256128,1.5315893532830336,-0.07165218702690557
0.3629924120724547,0.43722799835705106,-0.07423558628459637
1.6017428219552032,1.5967459771076593,0.004996844847543924
0.940952065187766,0.8489642566094686,0.09198780857829736
1.4497788052921907,1.5054368264234295,-0.055658021131238744
2.52428655659913,2.41742614593588,0.1068604106632498
1.8050682711555064,1.7099472560525049,0.09512101510300153
2.4155193085210853,2.4420102181253585,-0.02649090960427314
0.9033747193540116,0.8912399662142716,0.012134753139739995
0.991296305408359,0.8064557556997317,0.1848405497086273
0.943266742861228,0.9008609029370713,0.042405839924156696
0.7532100029780101,0.9094639489674701,-0.15625394598945996
2.0845339586088723,2.218127215294249,-0.1335932566853768
0.6034431216886841,0.597872230167277,0.005570891521407106
1.0310074949003452,1.0577649327753598,-0.02675743787501461
1.913455767421816,1.216958478130569,0.6964972892912471
2.2713130795925878,2.2001781318430975,0.07113494774949025
0.6577114639638822,0.5316276837536755,0.12608378021020672
1.1027986708465514,1.0805082513118838,0.022290419534667594
0.4370123693766584,0.5632972505896476,-0.12628488121298925
1.7298593289036763,1.599196554691484,0.1306627742121924
1.5761728666316477,1.4674178378705052,0.10875502876114251
0.671255945249132,0.7985669417216775,-0.1273109964725455
2.436487033916461,2.2909862063238196,0.14550082759264127
2.2778592767667942,1.828599935088919,0.4492593416778752
2.471930536345152,2.6221060968461227,-0.15017556050097092
2.184476498642294,2.110228279852623,0.07424821878967114
1.0805922314974663,0.9900412539933301,0.09055097750413621
1.9128635343446985,2.523452552134959,-0.6105890177902604
1.4949918752356135,1.4362742358863771,0.05871763934923635
1.9099114171789464,1.7210055903529595,0.1889058268259869
2.380772017747243,2.2827564214934206,0.0980155962538225
0.7914021852230523,0.7609432384929463,0.030458946730105962
2.2647307148558307,2.2401690013117106,0.024561713544120067
0.5918335662651601,0.6233256160294033,-0.031492049764243135
2.4098546773293568,2.3055920182802696,0.10426265904908716
0.7717319454376086,0.7569767969947112,0.014755148442897381
2.038457405451574,1.9096788272411676,0.12877857821040628
1.5479762946102515,1.5983605466163007,-0.050384252006049124
1.9256394713816785,1.7210055903529595,0.20463388102871893
1.149490060161969,1.150987242441903,-0.0014971822799338952
1.5756665308826665,1.4490721055696307,0.12659442531303577
1.4545573489232018,1.3151209992468806,0.13943634967632113
1.5174876492622351,1.6319920497696845,-0.11450440050744937
1.6356808795931546,1.6192916622351958,0.01638921735795873
0.1487897859065234,0.1880191348084864,-0.039229348901963
2.300752885626923,2.8648496983101337,-0.5640968126832107
2.351241792806533,2.171981103933935,0.17926068887259783
1.3943033947944272,1.2550328672172164,0.1392705275772108
1.2582573082400144,1.218072172965074,0.040185135274940276
0.9931769811921,0.9251843699494554,0.06799261124264455
2.56349593116087,2.579772516228333,-0.016276585067463323
1.9573125800990825,2.0482346509527805,-0.09092207085369797
0.3820658989747179,0.3807412742187981,0.0013246247559197677
1.6337640372595357,1.8517700854200607,-0.21800604816052505
1.880638881690965,1.6890632957729768,0.19157558591798818
1.878740122632285,1.7210055903529595,0.15773453227932555
1.6675981153070834,1.5321055928536365,0.1354925224534469
0.1500194584759305,0.2695129411882645,-0.11949348271233401
0.9528147884857804,0.9277466968743072,0.025068091611473164
0.3490048870068463,0.3926573866850849,-0.04365249967823859
1.601837759908137,1.6327139529395078,-0.03087619303137079
2.123838271123545,2.1373779545122638,-0.013539683388718693
1.576299450568893,1.644609675362563,-0.06831022479367
0.2913142576072895,0.3842816240420833,-0.09296736643479381
0.409068965229753,0.43413837104434655,-0.02506940581459355
1.3195239338667517,1.2039168786095984,0.11560705525715331
1.5254443537805835,1.4474179350968421,0.07802641868374138
1.8590879663749489,1.7395646372263653,0.11952332914858355
1.4097149891540457,1.3825703364005697,0.027144652753475995
2.194609241549012,2.0402417963657387,0.1543674451832735
1.263573833604318,1.5401285182228392,-0.2765546846185212
0.9601928236490552,1.347532963505382,-0.38734013985632687
0.9771460296024592,1.1244909929013314,-0.14734496329887214
0.2712507035539057,0.3894746544460598,-0.1182239508921541
1.1622569542956398,1.1644193665090072,-0.0021624122133674373
1.8316508979770243,1.7118436048786303,0.119807293098394
2.17697187878227,1.9029213806995444,0.27405049808272564
0.4746891742352495,0.5714586754969501,-0.09676950126170059
2.1881655166036835,2.068596411264288,0.11956910533939569
1.1415333556436205,1.0916908146366497,0.04984254100697072
2.3851708095665187,2.3785884872911494,0.006582322275369368
0.9187094590356348,0.9429192426380375,-0.024209783602402668
2.09301056082607,1.8768653460771432,0.2161452147489269
1.531045693003689,1.3718086716084563,0.15923702139523277
0.0964925365492651,0.19902299139347657,-0.10253045484421147
1.1836993692025182,1.31002954189201,-0.12633017268949187
1.3995475865526388,1.3546459304216696,0.04490165613096919
2.4183041551404822,2.2827564214934206,0.13554773364706163
2.632258133491153,2.8648496983101337,-0.2325915648189807
1.468987917769169,1.4363863475408127,0.03260157022835619
2.501876678128469,2.423622651859376,0.07825402626909295
1.3310837597778569,1.3156979191169889,0.015385840660868011
0.8376505307581115,0.950096875818481,-0.11244634506036955
1.3045011329563387,1.3299308946903325,-0.025429761733993805
1.6947774950117822,1.6025438100681588,0.09223368494362338
0.3410888701102787,0.44186840135925465,-0.10077953124897593
0.7005149182809091,0.9009970835302883,-0.20048216524937923
0.344669387156194,0.3065988845543966,0.038070502601797396
0.8481117891089577,0.7208126522689319,0.1272991368400258
1.690604745901421,1.6214097191671497,0.06919502673427136
0.9223261431377642,0.8666582137402524,0.05566792939751175
2.4097597393764225,2.3332735903087523,0.07648614906767026
1.9705134771351456,1.5080971258181106,0.46241635131703496
1.0428747390170945,1.0027770814703256,0.04009765754676886
0.2205447950496834,0.34934905168871155,-0.12880425663902814
1.3642080637143512,1.0924443644955202,0.27176369921883103
2.314677118723909,2.2499347097237594,0.0647424090001496
1.2939042490307775,1.1863131877437743,0.10759106128700324
2.342100624918797,2.291338712375394,0.05076191254340312
1.8975061913289049,1.7427485234531648,0.15475766787574008
1.1874290745325204,1.2138069862702592,-0.026377911737738735
2.1836808274562727,2.1502777918386267,0.033403035617646015
1.7683408458262548,1.2085349867388129,0.559805859087442
2.4506463511066627,2.2827564214934206,0.16788992961324212
1.6694245407596708,1.7560863404932154,-0.0866617997335446
1.1977727905835909,1.0866743921081254,0.11109839847546543
1.0435393046876322,0.9909172340220805,0.05262207066555169
1.3596193959892082,1.0108522125134867,0.34876718347572155
0.7316183997870448,0.8666582137402524,-0.13503981395320763
1.538102747505116,1.5054368264234295,0.032665921081686644
0.5853597021907095,0.6036157359626644,-0.018256033771954838
1.2883345557919832,1.1822036484342429,0.10613090735774033
2.037747631593688,1.9311829234656235,0.10656470812806451
1.3662334067102764,1.3299308946903325,0.03630251201994383
1.8240242157579936,1.84603688409994,-0.022012668341946373
1.7193076536717988,1.5983605466163007,0.12094710705549816
1.0930652701348655,1.1124479950007975,-0.019382724865931955
1.02673980783705,1.0708892978506328,-0.044149490013582815
2.2272257018686643,2.3811699314613772,-0.15394422959271292
0.1439705546537315,0.2695129411882645,-0.12554238653453303
1.886823410834711,1.872520050873429,0.01430335996128207
1.882772724842861,2.1187891558454277,-0.23601643100256675
0.6936070518104014,0.5316276837536755,0.16197936805672586
0.5904953932866148,0.6039699443878663,-0.013474551101251508
1.3831640083168386,1.31002954189201,0.07313446642482857
0.3342895043020773,0.4112414326690122,-0.07695192836693487
0.5418148277783179,0.5863397433270587,-0.04452491554874083
0.5024291397669147,0.6608804321916172,-0.15845129242470246
2.3651660259035188,2.343244271196313,0.02192175470720592
0.0779027810491415,0.1880191348084864,-0.11011635375934489
0.3170740888367131,0.29387009049054436,0.023203998346168764
1.0791093910535683,1.060767863980543,0.018341527073025388
0.2955909863080541,0.28530718141063444,0.010283804897419646
1.9722494846940304,1.860390430890763,0.11185905380326733
2.280607955823642,2.223433572893155,0.05717438293048671
2.191687261487039,2.173529454172262,0.01815780731477723
1.4478664837773063,1.4342581612589302,0.01360832251837607
0.7619849822697186,0.7284127007826455,0.03357228148707303
0.2527694487160882,0.25240860709921603,0.0003608416168721651
2.24888963891889,2.016798785512642,0.2320908534062478
1.527578197185647,1.2204162066479782,0.3071619905376688
1.207212335545837,1.1863131877437743,0.020899147802062812
1.9180444351469588,1.8914204918400548,0.026623943306903985
0.6023309914190526,0.49035633942492246,0.11197465199413009
2.0278740844885528,1.7099472560525049,0.3179268284360479
0.9042336817491522,0.8588639071175588,0.04536977463159342
0.9994564485419476,1.3330312545073628,-0.3335748059654152
1.943392868580335,1.9196019448935087,0.023790923686826337
0.6228285476153256,0.4851516997892739,0.13767684782605166
0.2237500811025974,0.6765959928600802,-0.4528459117574828
1.1888576646452649,1.1660600455910761,0.022797619054188756
0.3655873827859839,0.5496208706487973,-0.18403348786281337
1.5619366945102835,1.5020568068732019,0.05987988763708163
0.7994538276943345,0.7700978158502884,0.029356011844046126
2.2682027299736,2.2909862063238196,-0.02278347635021971
1.1798385591165357,1.1811586099677551,-0.0013200508512194453
1.882736557280311,1.872520050873429,0.010216506406881987
1.5899388698070769,1.3636245468205754,0.22631432298650145
0.4798293861498895,0.46862634413064014,0.011203042019249376
1.9467156969330248,1.7797112567473758,0.16700444018564897
1.6160061192421442,1.5437846912463167,0.07222142799582754
1.0514191547811538,1.0027770814703256,0.04864207331082815
0.3979928707207871,0.5175078948705308,-0.11951502414974374
2.3937016631275414,2.572873211957438,-0.1791715488298964
1.824941949303022,2.3370180701007968,-0.5120761207977749
1.150177230179349,0.9481750489449023,0.20200218123444658
1.2294278165323915,0.940749831963029,0.28867798456936256
2.040894146243546,2.062040049654577,-0.021145903411031064
1.842772200673338,1.5472545596534903,0.2955176410198477
0.7819852443544798,0.7661539466025356,0.01583129775194425
0.3500582461265899,0.3679442636234018,-0.0178860174968119
0.9362142094317036,0.950096875818481,-0.013882666386777376
0.1756979144617923,0.19764153505103937,-0.021943620589247065
1.0508811730478609,0.9900412539933301,0.06083991905453079
0.5972585922917699,0.7191171127026087,-0.12185852041083878
1.998140421438938,1.890350476448224,0.10778994499071404
1.4846210340189665,1.3279053621317085,0.156715671887258
1.077906843649738,1.226664998338807,-0.14875815468906883
0.6357762760173947,0.6357121388303236,6.41371870711005e-05
0.3380870224194371,0.37693961943373755,-0.03885259701430044
1.1277537897588197,0.9408831357254206,0.1868706540333991
2.362607222752539,2.3055920182802696,0.0570152044722696
0.6638055764797649,0.7191171127026087,-0.05531153622284379
2.244093011506604,2.4364206376524473,-0.1923276261458433
1.1828358859886423,1.09228578319562,0.09055010279302222
0.8173021628459255,0.8207140016863907,-0.0034118388404652533
0.2476427992576524,0.26010632989779436,-0.012463530640141968
1.1634142932589548,0.9408831357254206,0.22253115753353425
0.6157172427827458,0.7219106995154222,-0.10619345673267644
1.4508104643807402,1.3737444649433852,0.07706599943735504
1.3064857883304832,1.235950780469083,0.07053500786140021
0.4989571231301379,0.4687269806322612,0.0302301424978767
0.4864117508866463,0.545778197809412,-0.05936644692276566
0.9790719138267155,0.8221892403328991,0.15688267349381646
0.4122968556295087,0.4085860379171646,0.0037108177123441055
2.184661852969924,2.5780324995119415,-0.39337064654201725
1.9472943652754269,1.6491501925196723,0.29814417275575456
1.1437756994578223,1.0090850037658452,0.1346906956919771
1.4030557699924615,1.2390442887500734,0.16401148124238807
1.4141137809733204,1.6166925291562844,-0.20257874818296395
0.5430806671507711,1.3246781150135818,-0.7815974478628107
1.5406977182186452,1.4870610950724619,0.05363662314618334
0.0585173553756676,0.23656161752960808,-0.17804426215394048
1.5332925578897938,1.5472545596534903,-0.013962001763696552
1.069900409618971,0.9884616834903228,0.08143872612864822
0.3003966551046416,0.433349449522272,-0.13295279441763042
2.1246294207313285,1.981427337314037,0.14320208341729157
0.6552340355501289,0.7217688518979662,-0.06653481634783731
1.6225025876634365,1.5805398692059616,0.0419627184574749
0.1405844343324191,0.18307631928394413,-0.04249188495152503
2.341512913419918,2.343244271196313,-0.0017313577763946597
1.2646497970709032,0.9408831357254206,0.3237666613454826
0.6242300125624938,0.649907096424685,-0.025677083862191252
1.0178427654268312,0.9277466968743072,0.09009606855252394
1.7868944345233326,1.7427485234531648,0.044145911070167854
1.621105643535003,1.562142895177813,0.058962748357190176
1.2884068896512433,1.0788096959094817,0.20959719374176156
0.2501292695620434,0.3468577726501359,-0.0967285030880925
0.3993536480461743,0.31971234650448266,0.07964130154169163
0.0685265280555178,0.1265115579681492,-0.057985029912631394
1.2471812137310485,1.1597479158155786,0.08743329791546994
1.0713335205504506,1.0866743921081254,-0.015340871557674829
0.3069157278727759,0.5175078948705308,-0.21059216699775496
2.57919233937929,2.5470122666629953,0.03218007271629464
0.1005793893441616,0.2957587901280847,-0.1951794007839231
2.4369572021028927,2.3376889554434,0.09926824665949274
1.2762909984787385,1.2204162066479782,0.05587479183076027
1.8462442183227863,1.6367700293686593,0.20947418895412695
1.876335027824624,1.5891380576960694,0.2871969701285546
1.6288317845257028,1.3636245468205754,0.26520723770512733
2.4056728858220224,2.3754627178806427,0.030210167941379762
0.8341378264995536,0.7749029495984958,0.059234876901057776
0.8703182282048747,1.1219836450619547,-0.25166541685708
1.6092067534339425,1.5295434976461941,0.07966325578774835
1.9767160900601664,1.8856422886925768,0.09107380136758958
2.084502312624561,2.1685010917745693,-0.08399877915000831
1.128766461256782,1.0000897951512984,0.12867666610548367
0.5206210599271955,0.5449357714350803,-0.02431471150788478
2.1010757677789003,2.0307407415889136,0.07033502618998666
2.507048535774253,2.452862101017611,0.05418643475664231
1.206091163638736,1.311533503260643,-0.10544233962190708
0.1461857735555246,0.19205926735856887,-0.045873493803044285
2.591715108541779,2.6055011964303914,-0.013786087888612464
0.7446022952453281,0.7894434043343873,-0.04484110908905925
0.886014636423295,1.060362454389656,-0.1743478179663609
1.539073224272941,1.2916540584807317,0.24741916579220935
1.364587815526087,1.3024350862667071,0.06215272925937998
2.1611172406422936,2.344907066253173,-0.1837898256108792
2.4869442951117597,2.423622651859376,0.06332164325238354
1.1820854240026402,1.216958478130569,-0.03487305412792874
0.2146496000771383,0.4194529453911634,-0.2048033453140251
0.9537189595746048,0.9436452371876389,0.010073722386965911
0.9583121481184826,0.9958105380107706,-0.03749838989228793
1.7247824089576589,1.9087559505566314,-0.1839735415989725
1.7330058440598703,1.7955670717022525,-0.06256122764238214
0.1130569488002956,0.14910125840134622,-0.03604430960105062
0.9781315759348456,0.9481750489449023,0.029956526989943222
0.3056182425160113,0.4356028010223941,-0.12998455850638285
1.002051419255477,1.3845671535396822,-0.38251573428420516
0.1602049446054444,0.18769965219558576,-0.02749470759014136
2.1827404885517305,2.005471890786307,0.17726859776542359
1.9394054745571072,2.342568088414173,-0.40316261385706564
1.6085195834165629,1.3979889137790975,0.21053066963746536
1.923134917042845,1.8855058211561504,0.0376290958866945
0.1877776385780834,0.19764153505103937,-0.009863896472955963
0.3184981581307231,0.4243100411814036,-0.10581188305068051
0.9756586683398268,0.7488729606413852,0.22678570769844164
2.064470404555488,2.0482346509527805,0.016235753602707348
0.9853106935547828,0.940749831963029,0.044560861591753875
1.4620438847487829,1.3151209992468806,0.14692288550190225
0.158771833673965,0.2957587901280847,-0.1369869564541197
0.341920707339843,0.42011375806648266,-0.07819305072663968
1.540634426250023,1.6890809881219366,-0.14844656187191374
0.1343185294387754,0.1711813874861151,-0.036862858047339714
0.9358163740918608,0.9436452371876389,-0.007828863095778127
1.802229174204956,1.930988424294414,-0.12875925008945788
1.4466729780109455,1.4905433426406907,-0.04387036462974514
1.7221557922598183,1.4342581612589302,0.28789763100088805
2.2532296603477806,1.5321055928536365,0.7211240674941441
0.4792100289198672,0.7166468389100794,-0.23743680999021222
1.158893438321169,1.2931536391632736,-0.13426020084210455
2.094629027604187,1.981427337314037,0.11320169029014981
1.5713626770163254,1.6520471378587707,-0.0806844608424453
1.3502883514361004,1.1660600455910761,0.18422830584502425
0.836068231542545,0.8760487188974355,-0.03998048735489057
2.032973609540915,1.9056899829744196,0.1272836265664956
2.039230471278082,1.6951917787088064,0.3440386925692758
1.5409960945336516,1.359924737126524,0.18107135740712765
0.4804758682923205,0.5648573386559513,-0.08438147036363086
0.6645650801032368,0.7391992943682224,-0.07463421426498562
2.113395096300806,2.0537584356974294,0.05963666060337669
2.3686516057560034,2.2827564214934206,0.0858951842625828
0.8847714013976835,0.7749029495984958,0.1098684517991877
1.4616460494089398,1.2904397246244252,0.17120632478451459
1.98411220976422,1.8521233069187995,0.13198890284542064
0.1468367767698583,0.19205926735856887,-0.045222490588710584
1.9996594286858815,2.010267299845051,-0.01060787115916928
0.6034069548856378,0.543338095855949,0.060068859029688726
0.1596543044784272,0.4206267624700093,-0.2609724579915821
2.715586531761128,2.588411628904523,0.12717490285660515
1.5524383783981492,1.4690316810856974,0.08340669731245187
1.372594249556854,1.3770436915815252,-0.004449442024671235
1.2086996968084698,0.6640504985013849,0.5446491983070849
0.919202232328412,1.4674178378705052,-0.5482156055420931
0.2698763637723139,0.26010632989779436,0.009770033874519524
1.7218076864323937,1.7130162396798299,0.008791446752563825
1.1398696809313245,1.1079534304896335,0.031916250441690996
0.1338890481146212,0.18307631928394413,-0.04918727116932292
2.232795395107459,1.912330559954565,0.32046483515289403
1.2143733696376675,1.218072172965074,-0.0036988033274065746
1.6710882152187996,1.6192916622351958,0.05179655298360375
1.9207117384539083,1.860390430890763,0.06032130756314524
1.125534050038291,1.1244909929013314,0.0010430571369597352
0.7112564694186545,0.7795460355670482,-0.06828956614839365
2.405519177478704,2.37249853579441,0.033020641684294194
0.3325806211492654,0.4243100411814036,-0.09172942003213819
0.2039803825454849,0.26139917869563384,-0.05741879615014894
2.279088948576698,2.4364206376524473,-0.15733168907574946
2.236882248661859,2.4141952166710183,-0.1773129680091592
0.3155550815897693,0.3926573866850849,-0.07710230509531557
1.791935187666304,1.764018184498623,0.027917003167681198
1.1263794499772275,1.0723083144012535,0.05407113557597398
1.5441064428867994,1.3856980406014872,0.15840840228531228
2.345391807287175,2.291338712375394,0.05405309491178123
2.458331803716077,2.3811699314613772,0.07716187225469984
1.6972006730943825,1.5020568068732019,0.19514386622118063
0.7977132985572113,0.8054637568493082,-0.007750458292096862
1.043919056499368,1.0535183988401866,-0.009599342340818717
0.5196807220353251,0.46862634413064014,0.05105437790468498
0.8585685263879013,0.950096875818481,-0.09152834943057975
0.7493763180576044,0.7217688518979662,0.02760746615963816
0.7909681830801631,0.9911569008814625,-0.20018871780129932
1.4693676695809048,1.4690316810856974,0.0003359884952074399
0.3140677203271367,0.26139917869563384,0.05266854163150286
1.423829098156899,1.8121541744091634,-0.3883250762522643
0.210806873519263,0.4687269806322612,-0.2579201071129982
0.311540562400965,0.37693961943373755,-0.06539905703277255
1.4093668833266209,1.1811586099677551,0.22820827335886573
1.5293684558351883,1.4490721055696307,0.08029635026555759
0.3864104404628398,0.4412857594133688,-0.054875318950528995
2.254599478297966,2.1373779545122638,0.11722152378570216
2.1994088816590045,2.016798785512642,0.18261009614636237
1.3150618500788538,1.6072003195510607,-0.2921384694722069
0.5763179923151385,0.529537889259901,0.0467801030552375
1.0114502765959423,0.8546073604145697,0.15684291618137258
1.5546852432842535,1.7177180365423035,-0.16303279325804998
0.3561885254455185,0.32677585658372627,0.029412668861792224
0.8200463218435415,0.7569767969947112,0.06306952484883033
0.8094539587367153,0.6640504985013849,0.14540346023533046
0.2146857671333524,0.41110313610888827,-0.19641736897553586
2.421563691524549,2.37249853579441,0.04906515573013914
1.325631608838839,1.1445462261619659,0.18108538267687302
0.9962602041265034,0.7714842467942895,0.2247759573322139
0.5694101260977986,0.6295301376525902,-0.06012001155479163
0.8475331195007162,0.9275230803496175,-0.07998996084890131
1.6157619930051228,1.3735225801739055,0.2422394128312173
0.9398670600837112,0.7453610571042032,0.19450600297950804
1.758517028233538,1.7790281391571057,-0.02051111092356761
1.7996568078382684,1.644609675362563,0.15504713247570545
1.428191723173128,1.0672893369789627,0.36090238619416537
0.3260072980499782,0.3679442636234018,-0.041936965573423635
1.415569496251642,1.2734998043635068,0.14206969188813523
1.605807070403258,1.3661619870665325,0.23964508333672563
1.164680132631408,0.8715605776758804,0.29311955495552766
1.1603762787650669,1.1219836450619547,0.03839263370311219
2.067259772753124,2.1012137715993866,-0.03395399884626249
1.3687650854551827,1.3718086716084563,-0.003043586153273603
1.3782905267328935,1.262379874479525,0.1159106522533686
1.3216803816186569,1.1863131877437743,0.1353671938748826
1.657123294500033,1.5240801726631663,0.13304312183686662
0.3660304265663426,0.3807412742187981,-0.014710847652455505
0.4781205029970776,0.5232586722888,-0.045138169291722374
1.950983383236816,2.171231957860541,-0.22024857462372482
2.2264661982451925,2.005471890786307,0.2209943074588856
0.2468380871936649,0.31161609344106755,-0.06477800624740265
0.9380948849622768,0.950096875818481,-0.012001990856204237
0.0940648373947622,0.15736452333531376,-0.06329968594055156
0.9129046814504568,0.8366975778458785,0.07620710360457827
0.3677799973409353,0.5162081100427497,-0.14842811270181439
1.1663890157842198,1.2605563367237904,-0.09416732093957059
1.2900705641103718,1.40435400333526,-0.11428343922488815
0.727459213386056,0.7714842467942895,-0.044025033408233494
0.7689154528339,0.8684408248294406,-0.09952537199554068
1.4058858250523745,1.37005455471064,0.0358312703417345
1.902266651178641,1.8235666236011945,0.07870002757744654
0.5210008117389314,0.5915808594873888,-0.07058004774845739
0.1964576801700255,0.2915752326739139,-0.0951175525038884
0.916354093740392,0.7548339204746337,0.1615201732657583
0.8010587312567429,1.0708892978506328,-0.26983056659388993
0.1718506668320142,0.15281386930524138,0.019036797526772814
1.5459825975986374,1.9520635903540955,-0.40608099275545806
1.1221795757012902,0.9025927935829555,0.2195867821183347
0.1026047323400868,0.26021934406473896,-0.15761461172465216
0.904993185372624,0.8872618360253028,0.017731349347321124
0.7580608802151135,1.1811191088818462,-0.4230582286667327
1.6142339441207094,1.6243642569984236,-0.010130312877714154
0.1859014838662453,0.2857448918195993,-0.09984340795335397
2.3170686513285337,2.130554881877515,0.1865137694510186
2.3480229455632537,2.107446802497849,0.24057614306540476
1.7378522004782386,1.9142310797739035,-0.17637887929566487
1.451202874586201,1.3825703364005697,0.0686325381856312
1.7853528229295468,1.7118436048786303,0.07350921805091648
2.25089689813354,2.218127215294249,0.03276968283929094
0.5269819027737731,0.5449357714350803,-0.017953868661307215
0.9137546022081282,1.09111688490765,-0.1773622826995218
1.655391807000379,2.4141952166710183,-0.7588034096706393
0.1454262699320526,0.18763376718880975,-0.042207497256757154
0.5032248101934329,0.5043432362618847,-0.0011184260684518055
1.115818732854713,1.1343733653163373,-0.018554632461624365
1.3029097921033028,1.4271494710931347,-0.1242396789898319
2.2486500332474355,2.0307407415889136,0.2179092916585219
0.3939647890757784,0.5207520703686768,-0.12678728129289835
2.5514071651539414,2.1685010917745693,0.3829060733793721
0.938506282758324,0.7313669934128676,0.20713928934545645
2.0334076101647973,2.340549430552379,-0.30714182038758153
0.9631946713398972,0.8642106580960962,0.09898401324380102
2.37713272955144,2.318937645161017,0.05819508439042309
2.1470799858110987,2.249270956458555,-0.10219097064745641
1.3353785720067284,1.1734165277946251,0.16196204421210325
2.333954044747748,1.9864065781851106,0.34754746656263746
0.1827142810882704,0.18769965219558576,-0.004985371107315367
0.0764063781490393,0.22848776911812468,-0.15208139096908538
1.2704093662155658,1.9719005889440018,-0.701491222728436
0.8513532419649177,0.8463085419375121,0.005044700027405535
0.3856509368393679,0.32372031797649725,0.06193061886287066
1.3003781133583965,1.3046537655733061,-0.004275652214909664
1.298542646268339,1.1734165277946251,0.1251261184737138
0.2576519719375028,0.35452035474325383,-0.09686838280575105
0.9726522998302504,0.9429192426380375,0.029733057192212864
2.4664693432623284,2.5096914163238324,-0.04322207306150405
0.4267319452942106,0.34205039432849277,0.08468155096571783
1.4687347498946783,1.4690316810856974,-0.0002969311910190342
0.2405224527876029,0.2893697075758382,-0.04884725478823529
1.4278797841487496,1.4317396666680164,-0.003859882519266833
1.7731058270010618,1.6880555850502204,0.08505024195084143
0.8367644431973942,0.820653620293484,0.016110822903910194
0.8709692314192085,0.9665154899508489,-0.09554625853164045
2.0280142306288345,2.3878388675539455,-0.359824636925111
2.269821196751717,2.207119709913443,0.06270148683827381
0.3838742408991986,0.665496529775002,-0.2816222888758034
1.1650915304274554,1.2605563367237904,-0.09546480629633503
0.6166349763277742,0.5843881106286868,0.03224686569908741
1.6468925999300033,1.6673340609830494,-0.020441461053046117
0.2178006360520672,0.2915752326739139,-0.07377459662184668
0.6211287060999833,0.4851516997892739,0.13597700631070936
0.6690497679848082,0.8207140016863907,-0.15166423370158255
0.5920867341396508,0.6349032357143796,-0.042816501574728716
2.1176401797767626,2.291338712375394,-0.17369853259863133
0.8094494379179804,0.7646834869436643,0.04476595097431613
0.130837471164529,0.35452035474325383,-0.22368288357872482
1.218952995725341,1.4362742358863771,-0.21732124016103604
0.6155590128611891,0.7985669417216775,-0.18300792886048844
2.604301167141212,2.5647973944436258,0.039503772697586204
0.353674930228719,1.060362454389656,-0.7066875241609369
1.5137986315540135,1.3282403060191004,0.18555832553491314
1.863676634100092,1.726363164826243,0.13731346927384913
1.800239998012077,1.6963736591652157,0.10386633884686125
0.1662809735932199,0.18769965219558576,-0.021418678602365876
0.0837798924935796,0.3032630869366185,-0.21948319444303893
2.0814432016516915,1.9619273181351846,0.11951588351650688
0.3233716397146681,0.5714586754969501,-0.24808703578228197
1.7444707320180417,1.668628273324586,0.07584245869345563
1.5176910876243077,1.4419942183961934,0.07569686922811436
0.5618874234691713,0.5232586722888,0.038628751180371346
1.681965392184428,1.5967459771076593,0.08521941507676867
0.8819639504314446,0.887004266673891,-0.005040316242446385
2.1776047984684967,2.0627064789981153,0.11489831947038143
0.72742304658301,0.7894434043343873,-0.062020357751377264
1.373905297369823,1.5878311752728962,-0.21392587790307327
0.9792889148981604,0.9736058652964424,0.005683049601717949
0.1543820834921594,0.24031660901700372,-0.08593452552484432
1.768169053448494,1.644609675362563,0.12355937808593098
1.6639588271112804,1.6192916622351958,0.044667164876084575
1.6591169915116466,1.4745881808098495,0.18452881070179705
2.45923597505807,2.528218663038568,-0.068982687980498
0.8624293364738836,0.7550478925233104,0.10738144395057325
0.9148034405091368,0.8546073604145697,0.060196080094567006
1.8222656028395956,1.7395268323543254,0.08273877048527023
0.533279453651728,0.49035633942492246,0.04292311422680556
0.5093867354966729,0.5362590232265577,-0.026872287729884814
1.7168392668955148,1.562142895177813,0.1546963717177019
1.5293368098508775,1.1400451641911546,0.38929164565972285
1.7287381569965752,1.8388479702000777,-0.11010981320350255
0.5421764960619467,0.6289923984665902,-0.08681590240464343
1.2904322326471689,1.7060062137041516,-0.41557398105698273
2.1298645703457346,2.3465721376521156,-0.21670756730638097
1.5189252810124494,1.4745881808098495,0.044337100202599844
0.7094842942972202,0.7876086540061812,-0.07812435970896103
1.3712651182157782,1.2085349867388129,0.16273013147696536
0.0950820297114596,0.14094555779829887,-0.04586352808683927
1.44072805377915,1.2916540584807317,0.14907399529841836
1.6141254434584034,1.6491501925196723,-0.035024749061268956
2.1905796520361425,1.8943724070279433,0.29620724500819917
1.0565051166178083,0.8064557556997317,0.2500493609180766
0.5728821424814076,0.529537889259901,0.04334425322150659
2.2349473220406293,2.005471890786307,0.22947543125432235
1.194770942892749,1.2000898909952797,-0.005318948102530641
0.9664496869052296,0.9696855044339723,-0.0032358175287426905
0.3503837478603405,0.3435761333508646,0.006807614509475868
2.283872013785947,1.6572755509527586,0.6265964628331886
1.4817186450997937,1.2984221796144815,0.1832964654853122
1.332446044211601,1.3423643153778058,-0.009918271166204695
0.6038499986659965,0.30569712263208737,0.29815287603390916
1.8257330989108052,1.6315964903889153,0.19413660852188985
0.8604446810997394,0.7795460355670482,0.08089864553269122
1.946589112995779,2.1113590016052903,-0.16476988860951125
0.3717221829236473,0.3554335031625301,0.016288679761117197
1.876190360106104,1.8033502805049684,0.0728400796011357
0.3584851198440413,0.41484329770723827,-0.05635817786319697
2.2612451350033456,2.3031620891998505,-0.041916954196504985
0.5316157789394318,0.49405418651300737,0.03756159242642443
1.921724409951871,2.204253345558019,-0.282528935606148
2.261837368080463,2.2499347097237594,0.011902658356703455
1.9996910746701928,2.2280199905971125,-0.22832891592691973
0.3282134753143018,0.5496208706487973,-0.2214073953344955
2.4250221444392825,2.452862101017611,-0.027839956578328273
0.1292235259646511,0.16794344990697233,-0.03871992394232124
1.9998809505760613,2.1520971747147373,-0.15221622413867597
0.1550150031783861,0.2695129411882645,-0.11449793800987842
1.7008173571965115,1.7451889620688077,-0.04437160487229619
2.222198511941401,2.173529454172262,0.0486690577691391
1.3241126015918947,1.1110821890367402,0.21303041255515454
1.0444615590513957,1.2051128011109673,-0.1606512420595716
0.6398631288122916,0.8064557556997317,-0.16659262688744014
1.3983902475893235,1.5109875407229456,-0.1125972931336221
2.480719076827225,2.3370180701007968,0.14370100672642838
0.8711003361751886,0.7663395556469673,0.10476078052822124
1.1633781264559089,1.1124479950007975,0.05093013145511138
1.1975919563151924,1.2346991348007437,-0.03710717848555123
0.7722337603678552,1.005161363869042,-0.2329276035011868
1.1900692536865654,1.235950780469083,-0.04588152678251767
1.326020402288044,1.2085349867388129,0.11748541554923109
0.7026849284890185,0.6200633157808249,0.08262161270819368
0.2037633814740405,0.4338500673832152,-0.2300866859091747
0.3319793474473501,0.3842816240420833,-0.052302276594733244
1.4287025797408444,1.3024350862667071,0.12626749347413724
0.3827169019358836,0.3679442636234018,0.014772638312481767
0.7634090515637284,0.7191171127026087,0.044291938861119706
1.1752498913913925,1.3315413027002445,-0.15629141130885205
2.340423387750296,2.130554881877515,0.20986850587278072
1.1357828281364275,0.9907297496603638,0.14505307847606375
0.9936652334129744,0.9275230803496175,0.06614215306335691
0.2769469807299453,0.3926573866850849,-0.1157104059551396
2.2539891639712524,2.291338712375394,-0.03734954840414151
0.9595056538848435,0.9481750489449023,0.011330604939941202
0.20202737340882,0.3894746544460598,-0.1874472810372398
1.4339784174833667,1.527565132274678,-0.0935867147913112
0.335736177942929,0.4194529453911634,-0.08371676744823442
0.7409132775371067,0.7959102460338179,-0.05499696849671121
0.4336759785677643,0.4085860379171646,0.025089940650599718
0.1727322335739967,0.2526650373184599,-0.07993280374446321
0.4144804285469906,0.39983799145963794,0.014642437087352633
2.4549682887542783,2.3944767039764603,0.06049158477781802
1.413449215302783,1.3264444217284161,0.08700479357436675
2.434823358950997,2.3465721376521156,0.08825122129888152
0.6790318157522499,0.6039699443878663,0.07506187136438358
0.978158701100422,0.6670700182537066,0.3110886828467154
0.5621767581467081,0.6412195943854323,-0.07904283623872421
1.9080126581202663,1.7636568081919575,0.14435584992830885
1.6146317792073843,1.3568939150292858,0.2577378641780985
1.312385503868595,1.1822036484342429,0.13018185543435212
0.8509418441688706,0.7330675785108064,0.11787426565806425
0.4622658648571007,0.6349032357143796,-0.17263737085727887
0.2139398259660847,0.41110313610888827,-0.19716331014280356
1.7838654616669145,1.9688986324878535,-0.18503317082093895
0.4843864078907213,0.6043579611387739,-0.11997155324805264
1.5201639952193262,1.3864406795280868,0.1337233156912394
1.100881828259764,1.235950780469083,-0.13506895220931892
0.1394135329128997,0.1880191348084864,-0.048605601895586686
0.9916579739451562,1.0886799797059645,-0.09702200576080833
1.7100353802685786,1.6327139529395078,0.07732142732907077
0.8170806409557463,0.8221892403328991,-0.0051085993771528004
1.637416887911543,1.4271494710931347,0.21026741681840821
1.5556074976480172,1.3568939150292858,0.1987135826187314
1.1184227452057112,0.7591668249971437,0.35925592020856745
0.970681207165478,1.1515961638389436,-0.18091495667346558
0.7810584691719816,1.3735225801739055,-0.5924641110019239
1.4677853703653383,1.4578319775684532,0.009953392796885119
0.9063223167137002,0.8912399662142716,0.015082350499428632
2.007909989966341,1.9520635903540955,0.05584639961224558
0.5004399635740358,0.49035633942492246,0.01008362414911329
1.7369841964456283,1.6315964903889153,0.105387706056713
1.0357227465627334,1.1219836450619547,-0.08626089849922125
1.813657895106913,1.8233008279722807,-0.009642932865367548
1.3124352333810132,1.235950780469083,0.07648445291193018
1.2179403242273783,1.1733222712656113,0.04461805296176702
2.339776905861033,1.382954162948958,0.956822742912075
1.970418539182212,1.8877455534835765,0.08267298569863546
1.3534167830641872,1.1445462261619659,0.20887055690222134
0.5942612654196632,0.61594208688768,-0.021680821468016864
1.3261695905721311,1.3735225801739055,-0.047352989601774365
1.59181050370018,1.7048426026525976,-0.11303209895241761
1.965196951770842,2.062040049654577,-0.09684309788373491
2.0951037173688567,1.6417320618209639,0.4533716555478928
0.7564469350152355,0.9025927935829555,-0.14614585856772
2.428457994526181,2.411837922511288,0.016620072014892795
1.244536513505101,1.4029522209575034,-0.1584157074524024
2.311467312105428,2.4909992946348796,-0.17953198252945146
0.3595701249480961,0.4248214602760041,-0.065251335327908
1.2216112584074927,1.2605563367237904,-0.03894507831629768
1.2538901624050505,1.1747018954180688,0.07918826698698167
0.6095553174795056,1.09111688490765,-0.4815615674281444
0.9927068122461647,1.1300229465791738,-0.13731613433300904
1.6483257108614828,2.3370180701007968,-0.6886923592393139
1.5408875941245137,1.3264444217284161,0.21444317239609756
1.0118029032421016,1.1400451641911546,-0.128242260949053
1.9513993026111016,2.344907066253173,-0.3935077636420712
2.283650491895768,2.291338712375394,-0.007688220479626029
1.960314429562099,1.8856422886925768,0.07467214086952212
1.1490470163816104,1.0708892978506328,0.07815771853097764
0.1817875059057722,0.40705893397826154,-0.22527142807248934
1.733801514486388,1.668628273324586,0.06517324116180201
1.3572459471658584,1.3773172626077141,-0.020071315441855697
1.2616434285613267,1.1811191088818462,0.08052431967948048
1.3445016571258614,1.3156979191169889,0.028803738008872593
0.487139608525807,0.5714586754969501,-0.08431906697114305
0.6476389993154095,0.7166468389100794,-0.06900783959466994
0.3230054503591364,0.5317374662176585,-0.20873201585852208
2.274504802429793,2.2560295563855943,0.018475246044198812
2.104344344787765,2.160749414575995,-0.05640506978822968
2.5893823463275387,2.4798842805533594,0.10949806577417931
1.9948808850548705,1.573972613373242,0.4209082716816286
0.1456071042004512,0.14910125840134622,-0.003494154200895022
0.3373275187959651,0.4255056046376028,-0.08817808584163767
0.2537459534110046,0.4194529453911634,-0.1657069919801588
1.437124932386393,1.09111688490765,0.34600804747874303
0.6677748869748856,0.5851784238701199,0.08259646310476576
2.279305951420317,2.37249853579441,-0.09319258437409284
0.935093037271435,0.8463085419375121,0.08878449533392285
1.283131051908721,1.1611826587003102,0.12194839320841067
2.1211167164727707,2.1502777918386267,-0.029161075365855993
1.1729261720804611,1.1855732685340237,-0.012647096453562545
0.2554593573825514,0.31161609344106755,-0.05615673605851618
0.4017406593257285,0.5863397433270587,-0.18459908400133024
1.422983698217963,1.7369228497510314,-0.3139391515330685
2.406057159211997,2.318937645161017,0.08711951405097995
1.4936717855320072,1.5054368264234295,-0.011765040891422274
0.1032919023574666,0.15736452333531376,-0.05407262097784715
0.8934288386427839,0.7714842467942895,0.12194459184849438
1.1727091710090167,1.09228578319562,0.08042338781339664
0.0285350455234649,0.23656161752960808,-0.2080265720061432
0.8660867081977939,0.9454514990533759,-0.07936479085558201
1.4095251132481774,1.4363863475408127,-0.026861234292635316
2.550236263734422,2.5780324995119415,-0.027796235777519662
0.6769522224251716,0.7029757489690023,-0.026023526543830666
1.283452032570569,1.1932141684221307,0.09023786414843826
2.168522400971145,2.1502777918386267,0.018244609132518352
0.90131320955504,1.0027770814703256,-0.10146387191528561
1.784403443400207,1.7427485234531648,0.04165491994704218
2.362345014253251,2.3376889554434,0.024656058809851
0.8259415165629189,1.3735225801739055,-0.5475810636109866
0.3067258519669079,0.4338500673832152,-0.1271242154163073
0.9337910310959354,0.9266552759528539,0.0071357551430815125
1.713728918795535,1.6158407549441292,0.09788816385140575
1.6383933926064596,1.5967459771076593,0.041647415498800244
0.1858381918976227,0.2526650373184599,-0.0668268454208372
1.4557146878865168,1.4474179350968421,0.008296752789674677
1.0667403320065727,1.1218547050557948,-0.055114373049222065
1.9039664937066547,2.091580486836328,-0.18761399312967342
1.7063870504353058,1.6951917787088064,0.011195271726499367
1.527638475443892,1.4490721055696307,0.07856636987426135
0.3869484221961325,0.3973085475367318,-0.010360125340599269
0.2839407432627494,0.2700678427675567,0.013872900495192686
0.6153420117897445,0.5863397433270587,0.02900226846268572
0.1269450150942354,0.20157896845965823,-0.07463395336542283
1.8692463273388855,1.7099472560525049,0.15929907128638066
1.4853172456738155,1.4745881808098495,0.010729064863965965
2.319776643776272,2.2909862063238196,0.028790437452452355
0.4326271400135877,0.3873342910953513,0.04529284891823643
0.8161041362608297,0.6920163542621621,0.12408778199866755
1.4043668178054305,1.7177180365423035,-0.313351218736873
0.6739774998999063,0.6869390131003621,-0.012961513200455799
2.215579979642094,2.3048119439083568,-0.08923196426626268
0.4602224383330685,0.4749985463120322,-0.014776107978963726
1.57774160339101,1.385783114487805,0.1919584889032051
0.2937103107774813,0.433349449522272,-0.13963913874479073
0.963484006017434,0.8463085419375121,0.11717546407992185
0.2029315442444762,0.26139917869563384,-0.05846763445115763
0.492487779874422,0.4754608165461295,0.01702696332829251
0.1702367216321363,0.18769965219558576,-0.01746293056344947
2.0827617834874377,2.3137751562518556,-0.2310133727644179
2.2901062726952794,2.307408647761279,-0.01730237506599952
1.8828450599679605,1.815456492737294,0.06738856723066644
0.4403306769106134,0.5648573386559513,-0.12452666174533794
2.504770024903837,2.523452552134959,-0.01868252723112196
0.5115070164455321,0.5317374662176585,-0.020230449772126402
0.2985611880145844,0.466084329114253,-0.1675231410996686
1.54117692880205,1.4271494710931347,0.11402745770891531
0.420294248022806,0.5317374662176585,-0.11144321819485248
1.3225935943449507,1.005161363869042,0.31743223047590874
1.5791159431726016,1.7118436048786303,-0.13272766170602868
1.8894681113138263,2.010267299845051,-0.12079918853122451
2.327190844729921,2.5780324995119415,-0.2508416547820205
0.120236066420233,0.24031660901700372,-0.12008054259677071
1.3800943478386394,1.605314602804948,-0.2252202549663087
1.8808604035811445,2.0537584356974294,-0.17289803211628496
1.425406876553731,1.2962138004317276,0.12919307612200348
1.6551024723228425,1.8517700854200607,-0.19666761309721825
2.159449044098591,2.3426297465788384,-0.18318070248024743
0.0444122880102835,0.34205039432849277,-0.29763810631820925
0.5471675199456676,0.5513863395434156,-0.004218819597748058
1.9107658587553524,2.010267299845051,-0.09950144108969838
0.4712216784172074,0.3873342910953513,0.08388738732185613
1.5888809898685985,1.5878311752728962,0.001049814595702303
1.8602272218101563,1.7564015886056583,0.103825633204498
0.7064462798033323,0.6672925499644964,0.039153729838835916
1.7366948615149238,1.6158407549441292,0.12085410657079465
2.2415477705586606,2.2909862063238196,-0.04943843576515894
1.439082462594961,1.3979889137790975,0.04109354881586347
2.050876193504652,2.3376889554434,-0.28681276193874794
0.40448029750461,0.43722799835705106,-0.03274770085244105
1.161990223964945,1.1917779761320426,-0.029787752167097725
0.6167525186275501,0.5220179556120887,0.09473456301546135
1.4949376249044606,1.4317396666680164,0.06319795823644414
0.7137158145574687,0.7029757489690023,0.010740065588466408
0.3011968463498945,0.3435761333508646,-0.0423792870009701
1.80206190264593,1.6491501925196723,0.1529117101262576
1.7751040448314102,1.6025438100681588,0.17256023476325133
1.0992904874067282,1.0090850037658452,0.09020548364088299
0.999506178054366,1.0859651257170033,-0.08645894766263729
0.297959914312669,0.39131409704244186,-0.09335418272977286
1.7445611491522408,1.8233008279722807,-0.07873967882003985
1.5025010151548686,1.3539598359160614,0.14854117923880716
0.5958435646352297,0.6869390131003621,-0.0910954484651324
1.6273986735942234,1.6246702712116252,0.002728402382598194
1.7049042099914082,1.6158407549441292,0.08906345504727908
1.5217191692693162,1.668628273324586,-0.1469091040552699
1.6980686773801603,1.9027196211001793,-0.20465094372001902
1.210819977757329,1.2605563367237904,-0.04973635896646145
1.1894182507253996,1.09228578319562,0.09713246752977955
0.2243423131670431,0.29770372903802667,-0.07336141587098358
0.3209348989226956,0.31793543570479993,0.0029994632178956815
0.5818876855539326,0.5401593306103658,0.04172835494356675
0.7916689155537472,0.7876086540061812,0.004060261547566002
0.8777776388648793,1.1400451641911546,-0.2622675253262754
1.8863894102108292,1.9101584792303419,-0.0237690690195127
0.97368305485632,1.1811191088818462,-0.20743605402552623
0.3638739788144371,0.3807412742187981,-0.016867295404360994
0.96359250667974,0.7714842467942895,0.19210825988545044
1.1623383297923695,1.1308218319540557,0.031516497838313784
2.1664021200222856,2.340549430552379,-0.17414731053009325
1.3408216813082776,1.5176751724284163,-0.1768534911201387
2.208364695219111,1.573972613373242,0.6343920818458693
0.4180157371523901,0.5368676492443869,-0.1188519120919968
2.449000759922473,2.171981103933935,0.27701965598853784
1.6185784856088314,1.40435400333526,0.2142244822735715
0.331793992360217,0.4248214602760041,-0.09302746791578709
1.6025023255786752,1.7130162396798299,-0.11051391410115463
1.398173246517879,1.6147556682669741,-0.21658242174909503
1.7234216316322717,1.644609675362563,0.07881195626970872
0.2600163791233831,0.40159104221511166,-0.14157466309172856
0.7785991240331673,0.5440899919814094,0.23450913205175794
1.4161843324097612,1.4946567682855563,-0.07847243587579511
0.5491657377760162,0.5449357714350803,0.0042299663409358645
2.2708429088744766,2.1685010917745693,0.1023418170999073
0.3892630998695944,0.3973085475367318,-0.008045447667137384
1.2166518805080837,1.6890809881219366,-0.4724291076138529
0.1031155889078029,0.32865491044820455,-0.22553932154040165
1.582443292344026,1.4572897576370778,0.12515353470694812
1.407938293213876,1.1300229465791738,0.2779153466347022
1.1419311907302956,1.25896695206262,-0.11703576133232452
2.493558305832828,2.4941817035958156,-0.0006233977629874765
1.2466432319977558,1.1755426230077204,0.07110060899003545
1.515539160691137,1.4690316810856974,0.04650747960543966
2.520056544206742,2.6544512250747756,-0.1343946808680334
0.2518652776272639,0.2700678427675567,-0.01820256514029278
0.6089043145183398,0.4732950217270007,0.1356092927913391
0.9519874720749508,1.476613514018042,-0.5246260419430913
0.5453682196586565,0.5272376048753873,0.01813061478326916
0.8878953122070358,0.8489642566094686,0.038931055597567155
0.8656527060549047,1.2407190164405983,-0.3750663103856936
1.137812691951088,1.124165124985432,0.013647566965655944
1.3195872258353742,1.005161363869042,0.31442586196633227
1.8508374050944891,1.9027196211001793,-0.05188221600569021
0.5074246844693703,0.5368676492443869,-0.029442964775016622
2.167794543331984,2.1113590016052903,0.05643554172669374
0.2669468496875645,0.26010632989779436,0.0068405197897701275
1.9338403028965516,1.7797112567473758,0.15412904614917577
0.8632521320659784,0.7622824274993022,0.1009697045666762
2.430555672647206,2.632557141628749,-0.20200146898154303
2.416690209940604,2.153505642590024,0.26318456735058016
0.2022443742270966,0.2782974933458358,-0.07605311911873922
2.297570203414515,2.6055011964303914,-0.30793099301587645
2.0378199641871086,1.036371677490478,1.0014482866966306
1.8365243795609691,1.5321055928536365,0.3044187867073327
2.2160139827976546,2.1614069778079594,0.054607004989695174
0.4923024247872888,0.597872230167277,-0.10556980537998817
1.9568107659283396,2.0159133296032827,-0.059102563674943154
1.4994765631171851,1.527565132274678,-0.028088569157492804
1.222877097779946,1.1858643635215587,0.03701273425838725
1.2478276958734793,1.2204162066479782,0.027411489225501073
1.322512218848221,1.0788096959094817,0.24370252293873929
1.1799018510851584,0.9094639489674701,0.27043790211768837
1.5553181629704802,1.5054368264234295,0.049881336547050736
1.331047592974811,1.311533503260643,0.019514089714167904
1.4630565562467457,1.4572897576370778,0.005766798609667889
0.8554898242722325,0.864205228831373,-0.008715404559140438
1.47640211973549,1.036371677490478,0.44003044224501187
1.8170575776312623,1.7395268323543254,0.07753074527693693
0.9052147072628036,0.7959102460338179,0.10930446122898574
1.0152025862727865,1.0577649327753598,-0.04256234650257329
1.396220237381214,1.605314602804948,-0.20909436542373405
0.5727736420722692,0.46862634413064014,0.10414729794162908
0.4895899117739838,0.3824000701792152,0.10718984159476863
0.3377976877419004,0.48244368190997344,-0.14464599416807306
1.4724961012089917,1.0924443644955202,0.3800517367134715
0.8231928367465677,0.7569767969947112,0.06621603975185653
1.518536487563244,1.7395646372263653,-0.22102814966312123
1.989501067721944,1.9520635903540955,0.037437477367848526
1.114426309545014,1.186566151834473,-0.07213984228945902
0.4569312559646901,0.5317374662176585,-0.07480621025296841
1.1216415939679976,0.790444345850239,0.3311972481177585
2.160317050409712,1.036371677490478,1.123945372919234
0.7912936845607459,0.9009970835302883,-0.1097033989695424
1.3165808573257978,1.25896695206262,0.05761390526317767
2.04646383948234,2.0565059824320073,-0.010042142949667543
1.2619327632388635,1.2962138004317276,-0.03428103719286413
1.950802550487425,1.9053967351784147,0.04540581530901022
2.2750111381787748,2.1156953577215205,0.15931578045725425
1.7705425022718435,1.6520471378587707,0.11849536441307285
2.421369294040443,2.3944767039764603,0.026892590063982702
0.5018233452462647,0.5317374662176585,-0.029914120971393787
2.24447276331834,1.382954162948958,0.8615186003693822
0.1033642359635587,0.19902299139347657,-0.09565875542991786
1.7576354614915557,1.5080971258181106,0.24953833567344508
2.1719627726362822,2.373126500374801,-0.20116372773851898
2.2170628193264887,2.1614069778079594,0.055655841518529314
2.176989962563545,2.0347683120975146,0.14222165046603052
0.3714735358678915,0.37960008417316526,-0.008126548305273762
1.9904414066264864,1.9029213806995444,0.08752002592694197
1.8926824395105455,1.8517700854200607,0.04091235409048477
1.1280024368145751,1.1308218319540557,-0.002819395139480596
0.110299227346475,0.19341325182495545,-0.08311402447848044
0.2054270561863367,0.29770372903802667,-0.09227667285168997
0.2194236228894146,0.29770372903802667,-0.07828010614861206
1.258130724302769,1.2390442887500734,0.019086435552695624
0.4280339514697098,0.6189067313929665,-0.19087277992325669
1.2246085852795998,1.3156979191169889,-0.09108933383738904
0.4942192673740757,0.5056858463966359,-0.011466579022560264
1.1478444689777798,0.7591668249971437,0.3886776439806361
0.3557726068307364,0.5175078948705308,-0.16173528803979442
0.3280688078489494,0.4194529453911634,-0.09138413754221403
1.6255179978104826,1.1582990167868703,0.46721898102361226
0.2748312205998208,0.32677585658372627,-0.051944635983905474
1.256688571480652,1.1613607090166485,0.09532786246400349
1.3223675516360367,1.2039168786095984,0.1184506730264383
0.1193499788595159,0.20157896845965823,-0.08222898960014233
2.692475922589057,2.95696054986428,-0.2644846272752228
0.7504613231616593,0.7959102460338179,-0.045448922872158626
1.6725981808282735,1.5878311752728962,0.0847670055553773
1.686205954082146,1.5805398692059616,0.10566608487618434
2.466785803105441,2.4895798523586423,-0.022794049253201276
2.025595573618137,1.8521233069187995,0.17347226669933757
2.467843682790752,2.632557141628749,-0.16471345883799682
0.717187830941078,0.6233256160294033,0.09386221491167468
0.5915080647845774,0.48792723923274567,0.10358082555183173
0.3090088836560585,0.3435761333508646,-0.034567249694806124
0.3836888858120653,0.3926573866850849,-0.008968500873019591
0.4648291895863185,0.4275098197158614,0.03731936987045714
1.3610660696300598,1.3254532698037784,0.035612799826281405
1.2503458121621815,1.226664998338807,0.023680813823374613
0.9849671085460928,0.9277466968743072,0.0572204116717856
0.1885009753985092,0.2957587901280847,-0.10725781472957549
1.3185112623687891,1.1734165277946251,0.145094734574164
2.3386828586131725,2.6055011964303914,-0.26681833781721886
1.3867083585597078,1.46164557521987,-0.07493721666016229
0.1873255531602552,0.2893697075758382,-0.10204415441558298
0.4159677898096231,0.4275098197158614,-0.01154202990623826
1.6239628237604926,1.4363863475408127,0.18757647621967988
0.3238011210388223,0.4194529453911634,-0.0956518243523411
1.7462067403364303,1.7564015886056583,-0.010194848269228007
0.1612176161034069,0.23835401027387126,-0.07713639417046436
0.444489863311602,0.4412857594133688,0.0032041038982332237
1.5835147349918763,1.9688986324878535,-0.3853838974959771
0.9964319965042644,0.9831400348445632,0.013291961659701146
1.4780703152665209,1.0230210790179186,0.4550492362486023
1.0315771226179489,0.9094639489674701,0.1221131736504788
1.3833448425852368,1.1477932963853459,0.23555154619989094
1.6218696679772098,1.6593433882159054,-0.03747372023869566
1.6916807093680066,1.6848272877710866,0.00685342159692004
0.1347208855973533,0.26729173172958665,-0.13257084613223336
1.3995882741744197,1.311533503260643,0.08805477091377667
0.8465566148057997,0.8546073604145697,-0.00805074560877006
1.038475947197819,1.8517700854200607,-0.8132941382222416
1.807690367034612,1.5321055928536365,0.2755847741809756
2.16317422962253,2.0061366046249636,0.15703762499756646
0.2901750021720816,0.41110313610888827,-0.12092813393680668
2.681119533267849,2.579772516228333,0.10134701703951565
0.8717332558614151,0.8062390788748838,0.06549417698653137
2.002521129476938,1.9053967351784147,0.09712439429852315
1.3549900406422843,1.3980190264855286,-0.043028985843244216
0.9372268809296664,1.2126313531919195,-0.27540447226225306
1.3577025534024214,1.2734998043635068,0.08420274903891456
1.315966021167678,1.186566151834473,0.12939986933320502
1.3542712246405932,1.7177180365423035,-0.36344681190171024
2.507735706804304,2.37042031504072,0.13731539176358387
1.032526502147289,1.0762617128900287,-0.04373521074273978
1.046957070993256,1.014742604427348,0.032214466565908095
0.9567208072654464,0.8292524149089051,0.12746839235654128
1.714162920685256,1.6951917787088064,0.018971141976449557
0.1102359353778524,0.14910125840134622,-0.038865323023493825
1.7829477281218855,1.6156988735280504,0.1672488545938351
1.5769097659082778,1.6805811909161896,-0.10367142500791182
2.463399682784129,2.353157275540406,0.11024240724372314
1.2631307898239594,1.3330312545073628,-0.06990046468340338
0.8521263080445941,0.9843819066346746,-0.13225559859008051
1.5231341969258565,1.4363863475408127,0.08674784938504376
2.1272876834134804,2.0402417963657387,0.08704588704774174
1.231371784031587,1.161168988327955,0.07020279570363197
0.9428327409715066,0.7714842467942895,0.1713484941772171
0.3434397145867868,0.41484329770723827,-0.07140358312045147
1.3521690272198412,1.3315413027002445,0.020627724519596713
0.8540431506313808,0.8457994982152557,0.008243652416125125
0.1630530831934642,0.23835401027387126,-0.07530092708040706
1.01042856346051,0.8715605776758804,0.13886798578462956
0.1268500771413013,0.26729173172958665,-0.14044165458828534
2.507808039397725,2.7359735070624875,-0.22816546766476264
1.5013301137353494,1.4745675089703463,0.02676260476500314
0.8545178403960508,0.5793777538235668,0.275140086572484
2.204657593476447,2.3811699314613772,-0.17651233798493005
0.5179311512607323,0.6349032357143796,-0.11697208445364726
1.76712473596622,1.6246702712116252,0.1424544647545949
1.405912950217951,1.4271494710931347,-0.021236520875183684
1.1070663576566784,1.2126313531919195,-0.10556499553524112
1.0943356303260536,1.2346991348007437,-0.14036350447469004
1.2033515254598546,1.385783114487805,-0.18243158902795042
0.0915331586498557,0.2526650373184599,-0.1611318786686042
1.3678292683820474,1.4317396666680164,-0.063910398285969
0.5400788194599293,0.49405418651300737,0.04602463294692194
2.376911207661261,2.374316468148784,0.002594739512476796
1.345853392813779,1.5020568068732019,-0.15620341405942284
0.0805309048553388,0.19559092051072308,-0.11506001565538428
1.301463118462451,1.2039168786095984,0.0975462398528526
2.336377223336684,2.205350666191313,0.13102655714537104
0.8549111546639913,1.2126313531919195,-0.35772019852792825
1.3239588924890728,1.1582990167868703,0.16565987570220253
1.2126237988630748,1.20707160304724,0.005552195815834882
1.1181605356937512,1.5546510910588842,-0.43649055536513304
2.1760224992529302,2.344189143749995,-0.16816664449706487
2.029216778032665,2.2468456173810205,-0.21762883934835564
1.616521496628595,1.5983605466163007,0.01816095001229434
0.1246665042238194,0.14910125840134622,-0.024434754177526816
0.5590664100467281,0.5053365113880669,0.05372989865866118
2.200064406704744,1.7560863404932154,0.44397806621152847
1.0745523693127368,1.2051128011109673,-0.13056043179823051
1.7829160821375745,1.6673340609830494,0.1155820211545251
1.2517382354718802,1.1515961638389436,0.10014207163293665
2.432617180674002,2.411837922511288,0.020779258162713976
0.2264038229660145,0.29770372903802667,-0.07129990607201217
0.5353771302537453,0.5809479084390741,-0.04557077818532873
0.5472760203548058,0.6869390131003621,-0.13966299274555627
0.2515036093436349,0.40705893397826154,-0.15555532463462662
1.7394344996938051,1.3827908009471812,0.35664369874662394
2.6171991665371985,2.4642359831802283,0.15296318335697023
0.8596761358387979,1.0352696889005266,-0.17559355306172875
2.1994405276433158,2.1156953577215205,0.08374516992179526
1.8588664444847691,2.130554881877515,-0.27168843739274595
0.878238766173345,1.2051128011109673,-0.32687403493762235
0.2808394368002389,0.31161609344106755,-0.03077665664082868
1.968329904217664,1.766654291878441,0.20167561233922315
1.1247157752649315,1.1124479950007975,0.012267780264133998
2.0869706994008443,2.7359735070624875,-0.6490028076616432
1.0390365332779534,0.9025927935829555,0.1364437396949979
0.7496746943726108,0.71991681457678,0.029757879795830777
1.1567957617191518,1.1515961638389436,0.005199597880208184
0.3626443062450301,0.42011375806648266,-0.05746945182145258
2.337163851366229,2.8648496983101337,-0.5276858469439047
2.4659313615290355,2.4790493786179555,-0.01311801708892002
0.2610516549681874,0.25285123933729603,0.008200415630891356
1.1050771817169671,0.8715605776758804,0.23351660404108676
0.2040888832077912,0.2857448918195993,-0.08165600861180808
1.3094288648714367,1.0849214231071111,0.22450744176432558
0.8263755187058078,0.7330675785108064,0.09330794019500144
0.5960334405410979,0.5220179556120887,0.07401548492900911
1.1079343619424562,1.0325150545321193,0.07541930741033687
2.350916292338621,2.6055011964303914,-0.25458490409177026
0.919676922093082,0.7313669934128676,0.18830992868021446
1.0660079535486773,0.9761844897961991,0.08982346375247818
1.4314467387384604,1.262379874479525,0.16906686425893547
0.757839358324934,0.8054635142095502,-0.047624155884616215
0.3503475808041266,0.6189067313929665,-0.2685591505888399
0.0683547356777569,0.26729173172958665,-0.19893699605182974
2.5626008029753544,2.4895798523586423,0.0730209506167121
0.7712889016572497,0.8110066928978881,-0.039717791240638345
1.1952049450356383,0.9481750489449023,0.247029896090736
0.4753673023619919,0.5232586722888,-0.04789136992680809
0.9891715036407652,0.6670700182537066,0.32210148538705863
1.9958935565528333,1.6705948331889224,0.32529872336391086
0.2701295316468046,0.5516949815541554,-0.28156544990735083
0.426912779562609,0.5632972505896476,-0.13638447102703866
0.2704595539461223,0.35541994085801876,-0.08496038691189645
1.5598390179082655,1.9543119750350348,-0.39447295712676933
1.0467988410716993,1.0026950810433797,0.044103760028319616
1.7366948615149238,1.930988424294414,-0.19429356277949017
2.1540601861408666,2.1012137715993866,0.05284641454147998
1.0278112504849006,1.0230210790179186,0.004790171466982018
0.5483248586558146,0.6869390131003621,-0.1386141544445475
1.9242786940562904,1.8235666236011945,0.10071207045509589
1.9943112573372668,1.9029213806995444,0.09138987663772236
1.6086642508819151,1.5805398692059616,0.028124381675953547
2.185231480687528,2.363514949896423,-0.17828346920889526
1.576489326474761,1.457488743431764,0.11900058304299699
1.0043525344727346,1.1477932963853459,-0.14344076191261124
0.9917348283699832,0.8489642566094686,0.14277057176051455
0.3476124636971477,0.3807412742187981,-0.0331288105216504
0.830679372572149,0.7208126522689319,0.10986672030321709
2.4481146723617564,2.5096914163238324,-0.06157674396207602
1.3834171761913292,1.240505914805623,0.1429112613857062
0.7493763180576044,0.8564733624670366,-0.10709704440943224
1.780890739141649,1.6520471378587707,0.12884360128287842
2.0954337394150064,2.1520971747147373,-0.056663435299730835
1.109742703866937,1.3246781150135818,-0.21493541114664483
1.0717675226933394,1.1110821890367402,-0.03931466634340075
1.8471483896647785,1.6315964903889153,0.21555189927586316
0.6826846664042573,0.6769455441417789,0.005739122262478413
0.6581861537285522,0.6804169999106329,-0.02223084618208071
0.4849243896240138,0.5043432362618847,-0.019418846637870912
0.4702722988878675,0.5440899919814094,-0.07381769309354191
1.3881007818694062,1.7177180365423035,-0.32961725467289726
1.080596752316201,1.0090850037658452,0.0715117485503558
1.396961657476579,1.3423643153778058,0.054597342098773316
1.598863037382872,1.3979889137790975,0.20087412360377455
1.121822428236396,0.8513064042548664,0.27051602398152963
2.426215651218315,2.4909992946348796,-0.06478364341656473
1.363037162294832,1.2734998043635068,0.08953735793132522
2.103354278649316,2.091580486836328,0.011773791812987877
0.7256237462959991,0.7216033759423446,0.004020370353654545
2.1390509489524976,1.9311829234656235,0.2078680254868741
1.720383617138384,2.107446802497849,-0.38706318535946505
1.1234861026955243,1.036371677490478,0.0871144252050462
1.5615750262266546,1.5240801726631663,0.03749485356348825
1.1777725284988296,1.1613607090166485,0.016411819482181178
2.5654218146256227,2.579772516228333,-0.014350701602710458
0.8565115374076647,1.0352696889005266,-0.1787581514928619
1.4891328473192826,1.4474179350968421,0.0417149122224405
0.0686440703552936,0.19559092051072308,-0.12694685015542947
0.4699874850290655,0.44186840135925465,0.028119083669810863
0.9117292592122028,0.940749831963029,-0.029020572750826146
2.0626349374654307,1.9937977896709662,0.06883714779446448
0.5815983508763958,0.7213692458702816,-0.13977089499388584
2.2347122379474134,2.016798785512642,0.21791345243477123
1.595919960841918,1.4362742358863771,0.15964572495554075
2.031210475044279,2.207119709913443,-0.175909234869164
0.5047438174403767,0.5513863395434156,-0.046642522103038986
2.228600041397088,2.2001781318430975,0.0284219095539906
0.8836321459624755,0.8529989088486026,0.03063323711387289
0.4435133586166856,0.6349032357143796,-0.19138987709769395
1.1445713701375084,0.9094639489674701,0.23510742117003836
1.2872857174909746,1.060767863980543,0.22651785351043174
2.0026025052268355,1.6057501243038184,0.3968523809230171
1.099236237075575,0.940749831963029,0.15848640511254608
1.6331989303606664,1.8003964388739824,-0.16719750851331594
0.5539668857538689,0.5785435466131446,-0.02457666085927568
2.1616868683598973,2.1502777918386267,0.011409076521270656
0.5082158340771535,0.5184533949896114,-0.010237560912457866
1.4449369696925571,1.3825703364005697,0.06236663329198744
0.0292222155408445,0.18187776427714136,-0.15265554873629686
0.3947333343367199,0.3973085475367318,-0.002575213200011861
0.9791713725983846,0.6670700182537066,0.312101354344678
0.5552688919293683,0.5035548036474642,0.05171408828190416
0.5162087056517161,0.5043432362618847,0.011865469389831351
0.3491314709440917,0.5162081100427497,-0.167076639098658
0.5927377373539844,0.6043579611387739,-0.011620223784789552
0.6376162639261869,0.5793777538235668,0.058238510102620045
1.483608362521004,1.40435400333526,0.07925435918574397
1.7841457547069814,1.4362742358863771,0.3478715188206043
1.810289858566876,1.7427485234531648,0.0675413351137113
1.2939765828900378,1.2039168786095984,0.09005970428043941
1.0373683377469225,0.9516899657628944,0.08567837198402806
1.165344698301946,1.31002954189201,-0.14468484359006406
2.0191217090373503,1.9209697853593073,0.09815192367804304
1.9432346386587784,1.6172421525811984,0.32599248607758
1.8648158895352995,1.7099472560525049,0.15486863348279467
1.83553883246908,1.6705948331889224,0.16494399928015757
1.25695982288325,1.2916540584807317,-0.03469423559748175
0.0801406042977765,0.22848776911812468,-0.14834716482034818
2.5366284904805494,2.5096914163238324,0.026937074156716978
1.358028055136172,1.1917779761320426,0.16625007900412947
1.3293839185156826,2.1187891558454277,-0.7894052373297451
0.608375374422517,0.5809479084390741,0.027427465983442922
1.8021206737958173,2.010267299845051,-0.2081466260492335
0.1620991828453894,0.48792723923274567,-0.32582805638735624
1.2599074202429383,1.1855732685340237,0.07433415170891466
1.5036719165743877,1.4927358449498933,0.010936071624494392
1.1256199463537555,1.2407190164405983,-0.11509907008684284
1.5013301137353494,1.523932125947499,-0.022602012212149525
1.8056288572356407,1.6880555850502204,0.11757327218542035
0.8857253017457584,0.9251843699494554,-0.039459068203697045
2.119195352054578,1.9056899829744196,0.21350536908015827
0.7053386703524357,0.8758710617157289,-0.17053239136329323
0.6137506709367084,0.578685654057417,0.03506501687929142
0.6531227962387391,0.9009970835302883,-0.24787428729154914
0.7209717866022332,0.7700978158502884,-0.0491260292480552
2.2723980836839703,1.3845671535396822,0.8878309301442882
1.954527733479685,2.1876850446948097,-0.23315731121512484
0.2313767633216283,0.2893697075758382,-0.057992944254209894
0.3482453833833743,0.3435761333508646,0.004669250032509675
0.7166453283890505,0.6359394959671032,0.08070583242194729
1.3073718758912003,1.3511181996624384,-0.043746323771238105
0.1406477263010417,0.18307631928394413,-0.04242859298290244
1.0187469365156554,1.060362454389656,-0.04161551787400053
0.5278182608220721,0.5053365113880669,0.02248174943400516
0.3672013279858618,0.37960008417316526,-0.012398756187303461
1.440158426061546,1.912330559954565,-0.47217213389301893
0.6647459141184674,0.6233256160294033,0.04142029808906411
0.8875246020327693,0.8529989088486026,0.03452569318416665
0.9849942337116694,1.476613514018042,-0.4916192803063727
1.013127513764443,0.6670700182537066,0.3460574955107365
1.102274251569463,0.9516899657628944,0.15058428580656857
1.1935729163076534,1.1244909929013314,0.06908192340632202
0.8567556636446857,1.3279053621317085,-0.4711496984870228
0.4519040655310911,0.45843564181411467,-0.006531576283023588
0.7697020816229486,0.7313669934128676,0.038335088210081025
2.4062786811021764,2.006576302898922,0.3997023782032545
0.1194132708281385,0.16794344990697233,-0.04853017907883382
1.392603553279085,1.2126313531919195,0.17997220008716552
2.183585889503339,2.1373779545122638,0.04620793499107512
1.2490166808211056,1.1515961638389436,0.09742051698216203
0.6265537318734252,0.5843881106286868,0.04216562124473844
1.3683536876591358,1.9087559505566314,-0.5404022628974956
0.1069447530094739,0.25194234394974907,-0.14499759094027517
0.1834376179086962,0.2663895604007346,-0.08295194249203838
2.2519728616001253,2.344907066253173,-0.09293420465304747
1.1493453926966166,1.0762782845146683,0.07306710818194828
1.943329576611712,1.6172421525811984,0.3260874240305136
0.635812442820441,0.7029757489690023,-0.06716330614856125
1.4930388658457807,1.9688986324878535,-0.47585976664207275
1.4988255601560194,1.4245817932784717,0.07424376687754775
2.3066254765057943,2.010267299845051,0.2963581766607435
2.5289701622772074,2.632557141628749,-0.1035869793515416
1.6603195389154772,1.755066769416599,-0.09474723050112166
1.2417381044294995,1.1343733653163373,0.10736473911316224
0.6322319257745257,0.5851784238701199,0.047053501904405826
0.3652483185960288,0.5401593306103658,-0.174911012014337
0.149802457404486,0.2205457213142274,-0.0707432639097414
2.101871436433243,1.773006799633141,0.32886463680010203
0.7072690753954269,0.8054635142095502,-0.09819443881412326
0.4427900220494276,0.43722799835705106,0.0055620236923765165
1.67832158316989,1.6188115362395925,0.0595100469302976
0.7734408285904203,0.7876086540061812,-0.014167825415760893
0.8216376626965778,0.7330675785108064,0.08857008418577139
1.3140491785808912,1.2580063800424213,0.05604279853846994
2.1476948217160508,2.3426297465788384,-0.19493492486278763
1.5009820079079246,1.6319920497696845,-0.1310100418617599
0.2060283298882519,0.37541700979625203,-0.16938867990800013
1.273469985056295,1.1660600455910761,0.10740993946521882
2.3303283187549813,2.3055920182802696,0.024736300474711648
0.4153665161077078,0.3973085475367318,0.018057968570976024
0.649809009523519,0.5056858463966359,0.1441231631268831
0.5431891675599094,0.6043579611387739,-0.06116879357886451
2.28002928748124,2.205350666191313,0.07467862128992708
1.20632624798512,1.1343733653163373,0.07195288266878275
0.7984185518495303,0.7609432384929463,0.03747531335658394
1.1272745791754146,1.1124479950007975,0.01482658417461713
0.4575822591790237,0.4732950217270007,-0.015712762547977044
1.449145885605964,1.5401285182228392,-0.09098263261687523
2.0811478382875594,1.9619273181351846,0.11922052015237483
1.469937297298509,1.6166925291562844,-0.1467552318577754
1.1774334643088746,0.9756102509103476,0.20182321339852705
0.6397681908593574,0.5843881106286868,0.05538008023067065
0.1937451671567206,0.35452035474325383,-0.16077518758653322
1.7137650855985809,1.912330559954565,-0.19856547435598415
1.6516485392141729,1.4905433426406907,0.1611051965734822
0.1491152876402741,0.19205926735856887,-0.04294397971829478
0.444887698651445,0.3873342910953513,0.05755340755609373
1.2336502949020032,1.523932125947499,-0.29028183104549576
1.0145515830584528,1.0434217445111384,-0.028870161452685617
1.7730063682293928,1.8388479702000777,-0.0658416019706849
2.2235728514698248,1.9520635903540955,0.27150926111572926
2.544318464668203,2.8648496983101337,-0.3205312336419306
0.0500904816582161,0.20830500625910486,-0.15821452460088875
1.831271146165288,1.8131592279717565,0.018111918193531418
0.9256896591122348,0.8546073604145697,0.07108229869766503
0.7401899407166809,0.7876086540061812,-0.047418713289500314
0.1512491310453376,0.32865491044820455,-0.17740577940286695
1.6999403112732638,1.6568830873395644,0.043057223933699484
0.3457543922602487,0.43413837104434655,-0.08838397878409787
1.352245881644668,1.3254532698037784,0.026792611840889657
0.3870930896614847,0.5162081100427497,-0.129115020381265
0.9485064138007044,0.9778877743526019,-0.02938136055189744
1.80382051531116,1.7164904734550566,0.08733004185610338
1.4340145842864132,1.4342581612589302,-0.00024357697251708998
0.6526481064740692,0.7952035095970185,-0.14255540312294923
1.993931505525531,1.930988424294414,0.06294308123111692
2.1745667839746097,2.0159133296032827,0.15865345437132694
0.0072978776099542,0.5569737854508197,-0.5496759078408655
2.1662122441164176,2.1614069778079594,0.004805266308458123
0.0994130087433772,0.3999265188317668,-0.30051351008838956
0.8366695052444602,0.7646834869436643,0.07198601830079587
0.6167886854305961,0.6920163542621621,-0.07522766883156606
0.3001118412458397,0.8004832291250658,-0.5003713878792261
0.286736138627973,0.5569737854508197,-0.2702376468228467
2.0881280386173278,2.062040049654577,0.026087988962750774
0.654076696586814,0.8292524149089051,-0.1751757183220911
0.0720075863297643,0.2119986759914615,-0.1399910896616972
1.2165162549333686,1.0230210790179186,0.19349517591544996
1.4235020895679595,1.7099472560525049,-0.2864451664845453
0.8549292381920982,0.8684408248294406,-0.013511586637342421
2.098932881470528,1.8914204918400548,0.20751238963047336
2.200353739610106,2.7359735070624875,-0.5356197674523817
1.6767121587887468,1.4362742358863771,0.24043792290236965
1.6790087531872695,1.6825621100786312,-0.003553356891361714
0.359289831908029,0.377670611877022,-0.01838077996899301
0.086026757379684,0.16235628331793106,-0.07632952593824706
0.6302789163846929,0.608294709605499,0.021984206779193882
1.832758507427921,1.755066769416599,0.07769173801132201
0.9667450495098578,1.5707055666003384,-0.6039605170904806
0.6913194993025159,0.4851516997892739,0.206167799513242
0.9267746642162896,1.1755426230077204,-0.24876795879143077
0.9429412413806452,1.2126313531919195,-0.26969011181127434
0.1200733156799417,0.45843564181411467,-0.33836232613417294
0.754769697846735,0.8004832291250658,-0.04571353127833078
2.434032209343214,2.528218663038568,-0.09418645369535383
1.0614825777921568,0.9900412539933301,0.07144132379882673
1.0221466192931723,0.9909172340220805,0.03122938527109176
0.8900879267619872,0.8064557556997317,0.08363217106225551
1.5545586593470084,1.573972613373242,-0.01941395402623347
1.007535216178807,1.0918203192123939,-0.08428510303358694
1.150538898462978,1.1343733653163373,0.01616553314664082
0.1809782727698821,0.2663895604007346,-0.08541128763085248
0.0840149768399632,0.30569712263208737,-0.22168214579212417
0.980807922145104,0.8457994982152557,0.13500842392984835
0.9725257158930052,0.940749831963029,0.03177588392997621
0.0924508921948843,0.18763376718880975,-0.09518287499392546
2.165199572618455,2.121473266416209,0.04372630620224616
0.5146535313485582,0.5378360526216596,-0.023182521273101386
1.7616138138773136,1.6963736591652157,0.06524015471209799
2.4707731971286697,2.3465721376521156,0.12420105947655413
1.7339823487547863,2.342568088414173,-0.6085857396593866
0.7705339188525128,0.7985669417216775,-0.02803302286916476
1.584622344442773,1.40435400333526,0.180268341107513
1.5928231751981423,1.9734645645443938,-0.38064138934625147
0.3884312626400303,0.3740198881934197,0.014411374446610614
2.072901798585338,2.4642359831802283,-0.3913341845948901
0.2439085731089154,0.39131409704244186,-0.14740552393352646
2.311562250058362,2.307408647761279,0.004153602297082948
2.09994555296849,2.107446802497849,-0.007501249529358933
2.329324687881817,2.16766808937442,0.16165659850739722
1.5214886057416672,1.3079181364456511,0.21357046929601609
0.9400117275490634,0.8760487188974355,0.06396300865162785
0.5028269751067578,0.5317374662176585,-0.028910491110900716
0.5019951376240257,0.7166468389100794,-0.2146517012860537
1.66891820501069,1.7369228497510314,-0.06800464474034129
0.7035981412153124,0.7166468389100794,-0.01304869769476702
0.8661319166383096,1.2605563367237904,-0.39442442008548084
2.231181449907581,2.2560295563855943,-0.0248481064780135
1.3644295856045303,1.2904397246244252,0.07398986098010507
1.178315031050857,1.1611826587003102,0.017132372350546765
0.8527773112589276,0.9736058652964424,-0.1208285540375148
2.5295804766039205,2.1685010917745693,0.3610793848293512
2.569978836366454,2.572282190956745,-0.0023033545902908514
0.2781178821494645,0.28530718141063444,-0.007189299261169957
1.532438116313388,1.658702466326771,-0.1262643500133831
1.3835256766004675,1.40435400333526,-0.0208283267347924
1.0046780359533174,0.8872618360253028,0.11741619992801455
0.7428662869269397,0.6814855901111319,0.06138069681580782
0.7914157476792565,0.7083252064948886,0.08309054118436787
1.0659446615800547,0.9696855044339723,0.09625915714608246
0.3820432946278762,0.5496208706487973,-0.1675775760209211
1.128911128722134,1.1219836450619547,0.006927483660179368
1.0514417591279954,1.0325150545321193,0.018926704595876087
0.2650164446445733,0.5175078948705308,-0.25249145022595754
2.555869248941839,2.95696054986428,-0.40109130092244083
1.6792257540055464,1.68370278902544,-0.004477035019893494
2.2459601245809724,2.0292970807581288,0.21666304382284363
1.433544415340478,1.5176751724284163,-0.08413075708793838
2.6317246733361,2.483187779707663,0.14853689362843703
1.707146554058778,1.6158407549441292,0.09130579911464887
2.502166013565509,2.6055011964303914,-0.1033351828648823
1.054841441905512,1.060362454389656,-0.005521012484143828
1.751704099969132,1.5546510910588842,0.1970530089102478
0.4461535380238983,0.3725879024608907,0.0735656355630076
2.2114027097129987,2.3137751562518556,-0.10237244653885691
0.1466559425014599,0.3824000701792152,-0.23574412767775527
0.4823927108791073,0.46862634413064014,0.013766366748467151
2.1382055480008897,2.061886649705281,0.07631889829560867
2.014166851703508,1.8943724070279433,0.11979444467556477
1.9743742872211285,1.7790281391571057,0.19534614806402284
1.1075726934056596,1.0090850037658452,0.09848768963981436
0.233998859200734,0.3999265188317668,-0.1659276596310328
1.4820260633054374,1.9600102688979193,-0.4779842055924819
0.7157411575533941,0.8760487188974355,-0.16030756134404145
1.8399104998822815,1.9078892795202147,-0.0679787796379332
1.746459908210921,1.6848272877710866,0.06163262043983431
1.652566272759201,1.5437846912463167,0.1087815815128843
0.1366015611279261,0.19205926735856887,-0.05545770623064278
1.0933817299779789,0.934651355865292,0.15873037411268687
2.38855692988783,2.340549430552379,0.04800749933545134
0.9170819513795528,1.0708850344252123,-0.15380308304565948
0.1262940118799017,0.17650216398030671,-0.050208152100405024
1.0847423762609854,1.0859651257170033,-0.0012227494560179686
1.3430369002100708,1.3511181996624384,-0.008081299452367574
1.9465348616519549,2.523452552134959,-0.576917690483004
0.625021162170277,0.5401593306103658,0.08486183155991123
2.2123249648362657,2.3137751562518556,-0.10145019141558986
0.5113261821771337,0.4754608165461295,0.035865365631004176
1.000121014212486,0.8489642566094686,0.15115675760301728
2.4531599460702944,2.5353636119367504,-0.082203665866456
1.440506531888971,1.4578319775684532,-0.017325445679482243
0.6186919653080107,0.5915808594873888,0.027111105820621928
1.6868705197526843,1.7177180365423035,-0.030847516789619167
0.3856192908550565,0.5162081100427497,-0.13058881918769322
2.240209596061108,2.1452475671594815,0.09496202890162664
1.352910447315206,1.2475539409251075,0.10535650639009853
0.1565023644410186,0.24031660901700372,-0.08381424457598513
0.3847060781287627,0.5496208706487973,-0.1649147925200346
1.954491568448814,1.917675420447559,0.03681614800125499
0.5896409517102087,0.9403254884620447,-0.350684536751836
2.0235340630596617,1.9053967351784147,0.11813732788124698
0.6187236112923222,0.30569712263208737,0.31302648866023486
1.896045954472345,1.877198630932478,0.018847323539866956
0.3690820035164346,0.44186840135925465,-0.07278639784282004
0.4256198150245792,0.3747105626160404,0.050909252408538774
2.199485735830663,2.207119709913443,-0.007633974082779993
1.5943421824450863,1.4317396666680164,0.16260251577706986
0.4922346119999313,0.5362590232265577,-0.044024411226626425
2.2343144023544026,2.0307407415889136,0.203573660765489
1.7054828793464816,1.5472545596534903,0.15822831969299123
1.0966729123463574,0.934651355865292,0.16202155648106542
0.8589618406558417,0.8529989088486026,0.005962931807239058
2.059049900613452,1.917675420447559,0.14137448016589316
0.1652366561109461,0.3894746544460598,-0.22423799833511368
0.9823630961950944,1.0786805041296499,-0.09631740793455545
0.4006194874186275,0.4275098197158614,-0.026890332297233865
2.1205335265521303,2.0347683120975146,0.08576521445461571
1.978506348962876,1.872520050873429,0.10598629808944704
1.8765881956991148,1.8521233069187995,0.024464888780315386
0.800624729113854,0.8588639071175588,-0.05823917800370482
0.1330933776881031,0.1880191348084864,-0.054925757120383306
0.7775231605665822,0.8758710617157289,-0.09834790114914671
1.6483257108614828,1.6890809881219366,-0.040755277260453804
2.2394862600001857,2.16766808937442,0.0718181706257659
0.7298326622094059,0.6672925499644964,0.06254011224490952
1.949319708271352,1.796095783934604,0.15322392433674814
2.483431590853202,2.373126500374801,0.11030509047840065
0.2093692417690487,0.34902217325594476,-0.13965293148689606
1.73978260552123,1.6166925291562844,0.12309007636494562
0.764421723061691,0.9843819066346746,-0.21996018357298364
2.468747854132744,2.39852675735271,0.0702210967800343
0.8127044534833128,0.7550478925233104,0.05765656096000238
1.2455989145154818,1.1343965498461712,0.11120236466931055
0.5733749157741845,0.8684408248294406,-0.2950659090552561
0.1492599548524585,0.25194234394974907,-0.10268238909729058
0.2798584112865876,0.34902217325594476,-0.06916376196935714
0.548071690781324,0.5053365113880669,0.042735179393257106
0.1537491638059328,0.19205926735856887,-0.03831010355263609
2.279052783545827,2.6221060968461227,-0.34305331330029576
1.4276853874241469,1.463521756494656,-0.035836369070509244
2.070406287402982,1.796095783934604,0.27431050346837815
0.518564070946959,0.5362590232265577,-0.01769495227959872
1.5116783506051543,1.5874684678890372,-0.07579011728388285
1.439837445399698,1.2204162066479782,0.21942123875171982
2.4183041551404822,2.37249853579441,0.0458056193460723
0.0732372588991715,0.2957587901280847,-0.22252153122891322
1.598537535902289,1.5874684678890372,0.011069068013251915
0.3633721638841907,0.3554335031625301,0.007938660721660606
0.5166788743444833,0.4085860379171646,0.10809283642731876
2.1597881093012177,2.4335811095875837,-0.273793000286366
1.4708866768278488,1.1932141684221307,0.2776725084057181
0.2806179149100596,0.40159104221511166,-0.12097312730505205
0.5226147569388093,0.5401593306103658,-0.017544573671556485
0.2253911514680518,0.6765959928600802,-0.45120484139202843
1.875611691763702,1.8718412892429988,0.0037704025207032643
0.5675520546608996,0.543338095855949,0.024213958804950586
2.038145467186699,1.9196019448935087,0.11854352229319054
0.2274526612670232,0.25285123933729603,-0.02539857807027282
2.2708067438436057,2.110228279852623,0.16057846399098263
1.7984226144501267,1.8877455534835765,-0.08932293903344979
1.7395294376467392,1.8914204918400548,-0.1518910541933156
1.2352190316613652,1.5401285182228392,-0.3049094865614741
0.9897049645553232,0.8760487188974355,0.11365624565788768
0.8270174800295041,0.8463085419375121,-0.019291061908008
1.7492131088460068,1.5874684678890372,0.1617446409569696
0.5721949727171958,0.9009970835302883,-0.3288021108130925
1.152749596546036,1.12448327568066,0.02826632086537595
1.4279023884955913,1.3980190264855286,0.029883362010062697
1.1724333987876845,1.0762782845146683,0.09615511427301615
2.0942764001985235,2.0482346509527805,0.046041749245743
1.0795840808182386,1.46164557521987,-0.3820614944016314
1.2817883581114404,1.226664998338807,0.055123359772633496
1.9347444742385436,1.8718412892429988,0.06290318499554481
0.0410487720358129,0.17650216398030671,-0.13545339194449382
0.7519441636055568,0.8045108303564338,-0.052566666750876956
2.251855318287678,2.16766808937442,0.08418722891325814
0.2471048175243599,0.31161609344106755,-0.06451127591670766
1.4157593721575097,1.2550328672172164,0.16072650494029328
1.4867413149678257,1.3546459304216696,0.1320953845461561
0.6282490525700327,0.5513863395434156,0.07686271302661707
2.513431983980344,2.5096914163238324,0.003740567656511651
1.7826990810661298,1.6315964903889153,0.15110259067721454
2.187921389353991,2.3592232027518865,-0.1713018133978954
2.1513476721148903,1.5321055928536365,0.6192420792612539
0.4365060336276771,0.5496208706487973,-0.11311483702112018
0.9936833169410813,1.0866743921081254,-0.09299107516704419
0.6376569515479678,0.6043579611387739,0.03329899040919382
1.021070655826587,1.0027770814703256,0.018293574356261333
2.296485199323132,2.2280199905971125,0.06846520872601936
2.01130967249069,1.84603688409994,0.1652727883907501
2.3485880517026194,2.3055920182802696,0.04299603342234981
1.328081912087015,1.1477932963853459,0.1802886157016692
1.4966781540415837,1.4898258996709626,0.0068522543706210914
1.4934186176575166,1.3864406795280868,0.1069779381294298
0.6499581978076061,0.7029757489690023,-0.05301755116139617
1.815289924088066,1.8003964388739824,0.014893485214083624
0.4948341035321952,0.7894434043343873,-0.2946093008021921
2.2402457636236583,1.9029213806995444,0.33732438292411393
1.7572014593486665,1.6158407549441292,0.1413607044045373
0.3104917240999563,0.37541700979625203,-0.06492528569629574
0.0499503352647665,0.1265115579681492,-0.0765612227033827
1.5157923285656276,1.4578319775684532,0.05796035099717445
0.7506873658705733,0.7313669934128676,0.01932037245770568
2.009627913743951,1.9351225529267027,0.07450536081724857
1.1924200984162412,1.1079534304896335,0.08446666792660773
0.2465668357910673,0.4248214602760041,-0.17825462448493679
1.1007868903068303,1.1218547050557948,-0.021067814748964464
0.3676353301287509,0.39983799145963794,-0.03220266133088706
2.101545935965332,2.0482346509527805,0.05331128501255167
0.9809751937041304,0.8715723870471388,0.10940280665699165
0.2060283298882519,0.25623015032209234,-0.050201820433840444
1.200250218997344,1.0982956248603648,0.10195459413697927
0.1400735777647029,0.2119986759914615,-0.0719250982267586
0.6264813982673332,0.6357121388303236,-0.009230740562990447
0.0516818227644201,0.1265115579681492,-0.0748297352037291
0.8456886107731896,1.20707160304724,-0.36138299227405035
0.2155537711659627,0.2782974933458358,-0.06274372217987312
0.3388781720272203,0.49518651906741096,-0.15630834704019064
2.074890974018714,1.3773172626077141,0.6975737114109999
0.0553708402194736,0.23656161752960808,-0.1811907773101345
2.267117725882217,1.6243571976572524,0.6427605282249644
2.22574286218427,2.171231957860541,0.05451090432372929
1.295567923743074,1.4560912976130438,-0.16052337386996984
1.610603697562376,1.5386911892448427,0.07191250831753337
1.0252569673931524,1.1477932963853459,-0.12253632899219347
1.2173074045411518,1.3024350862667071,-0.0851276817255553
0.7616007096392478,0.8110066928978881,-0.04940598325864032
1.0954206354301084,0.7771653146492109,0.31825532078089747
0.8210996809632852,0.7795460355670482,0.04155364539623707
1.697598508434225,1.4905433426406907,0.20705516579353445
0.66583091947569,0.6569623479100082,0.008868571565681771
0.6783808125379164,0.7208126522689319,-0.0424318397310155
1.0914829709192988,1.6327139529395078,-0.541230982020209
0.7519441636055568,0.737585049822868,0.014359113782688837
0.0724506301101229,0.14094555779829887,-0.06849492768817597
1.8334411568797335,1.726363164826243,0.10707799205349056
1.390433543070975,1.30604076432896,0.08439277874201512
0.6579465483102658,0.6608804321916172,-0.0029338838813514068
1.1932519356458051,1.1870661644200224,0.006185771225782677
1.8704488747427164,1.9056899829744196,-0.03524110823170323
1.6834572742657952,1.6980311803740968,-0.01457390610830167
2.178933929809573,2.006576302898922,0.17235762691065126
0.3475627341847294,0.3747105626160404,-0.027147828431311027
0.4342908147258839,0.6189067313929665,-0.1846159166670826
1.622299149301364,1.9135378272804702,-0.2912386779791061
0.6304959174561374,0.6295301376525902,0.0009657798035471732
0.4564610872719228,0.4577628210223376,-0.001301733750414813
2.224947190998249,1.8943724070279433,0.3305747839703057
1.7000036032418866,1.658702466326771,0.0413011369151155
1.9148527123097523,1.6593433882159054,0.25550932409384686
0.9578736251568586,0.9761844897961991,-0.018310864639340507
0.428088201800863,0.3873342910953513,0.04075391070551171
0.3975453061216936,0.4732950217270007,-0.07574971560530713
2.2702642405320748,2.4909992946348796,-0.2207350541028048
2.439018712661368,2.374316468148784,0.064702244512584
1.5604176872633395,1.773006799633141,-0.21258911236980138
1.6913416451780514,1.2984221796144815,0.39291946556356994
0.6766086374164817,0.5843881106286868,0.09222052678779491
0.5025828488697367,0.6289923984665902,-0.12640954959685347
2.2568779891683817,2.588411628904523,-0.33153363973614125
0.2116477526394645,0.28530718141063444,-0.07365942877116993
1.374411633118804,0.790444345850239,0.5839672872685651
0.437360475204083,0.4917776948205856,-0.05441721961650259
0.3574227188336604,0.1875002170899741,0.16992250174368628
1.2562319652440892,1.2580063800424213,-0.001774414798332069
1.3903973762679294,1.3299308946903325,0.06046648157759682
2.257953952634967,2.171231957860541,0.08672199477442621
0.976070066135874,0.9713499154271105,0.004720150708763526
1.6234836131770878,1.6246702712116252,-0.0011866580345374356
2.449904931264465,2.4909992946348796,-0.04109436337041439
1.7019656542691892,1.5295434976461941,0.1724221566229951
0.3283581427796541,0.3554335031625301,-0.027075360382876
1.8738033490797168,1.9634533692651803,-0.08965002018546353
1.0270201008771174,1.0027770814703256,0.024243019406791744
0.9736966173125242,1.2000898909952797,-0.22639327368275552
0.2082435487900451,0.39732410048473,-0.18908055169468488
0.7041994149172276,0.8366975778458785,-0.1324981629286509
1.2645126643878315,1.3423643153778058,-0.07785165098997426
1.5795137785124442,1.6417320618209639,-0.06221828330851964
0.4110626622413668,0.3973085475367318,0.013754114704635001
0.2651113825975074,0.5175078948705308,-0.25239651227302345
2.184512663673165,2.005471890786307,0.17904077288685816
0.6870789374047976,0.8588639071175588,-0.17178496971276114
0.8344226403583556,1.3246781150135818,-0.49025547465522623
2.536162841340678,2.4798842805533594,0.05627856078731863
0.5598982472762922,0.5656056097340267,-0.0057073624577345106
0.3754609298911192,0.37693961943373755,-0.0014786895426183722
0.5361728006802634,0.6043579611387739,-0.06818516045851053
0.9131397657968406,0.6670700182537066,0.24606974754313404
0.5882485284005102,0.4514139626546628,0.1368345657458474
1.3515903576115995,1.3827908009471812,-0.031200443335581696
1.5488940281552803,1.726363164826243,-0.17746913667096265
0.5427913324732342,0.6765959928600802,-0.13380466038684602
1.5525649623353943,1.3282403060191004,0.22432465631629395
0.565684941586531,0.8207140016863907,-0.2550290600998597
2.388335407997652,2.528218663038568,-0.1398832550409157
0.6282174065857216,0.4851516997892739,0.14306570679644764
0.0431102818347841,0.1265115579681492,-0.0834012761333651
1.203383171444166,1.226664998338807,-0.023281826894640867
2.278682072358889,2.0989101586579793,0.17977191370090972
0.2127689245465655,0.29770372903802667,-0.08493480449146115
0.1014112265737258,0.14910125840134622,-0.047690031827620424
0.6709711313903298,0.6796780174459144,-0.008706886055584562
1.821035931029692,1.8517700854200607,-0.03073415439036875
0.8409869215670056,0.8883731460077632,-0.047386224440757574
0.8672078801048947,1.20707160304724,-0.33986372294234524
1.7828527901689517,1.755066769416599,0.027786020752352814
0.3438375499266297,0.3065988845543966,0.03723866537223308
1.3883223037595855,1.1582990167868703,0.23002328697271524
0.1173246358635906,0.1711813874861151,-0.05385675162252451
1.6688639546795363,1.3735225801739055,0.2953413745056308
1.0549137755116045,1.0805082513118838,-0.025594475800279293
1.8917149761999308,1.9719005889440018,-0.08018561274407099
1.882917392561381,1.821968877915509,0.06094851464587192
1.5206341641652614,1.5401285182228392,-0.019494354057577823
0.5880360481478004,0.6200633157808249,-0.03202726763302444
0.1084999270594641,0.4384390198524132,-0.3299390927929491
1.3024757899604136,1.1244909929013314,0.1779847970590822
2.5200324324983754,2.4895798523586423,0.030452580139733065
0.5045268163689322,0.5496208706487973,-0.045094054279865126
2.5476277308178563,2.41742614593588,0.1302015848819762
0.882144784699843,0.8513064042548664,0.030838380444976665
1.552858817831666,1.5240801726631663,0.028778645168499706
0.4069486842808937,0.377670611877022,0.029278072403871702
1.6965135033301706,1.6880555850502204,0.008457918279950238
0.2338135041136008,0.34902217325594476,-0.11520866914234396
1.3637062487841047,1.3864406795280868,-0.02273443074398207
1.293004599013856,1.4674178378705052,-0.17441323885664928
1.76759942573089,1.6156988735280504,0.1519005522028396
0.3475265673816834,0.43413837104434655,-0.08661180366266313
1.18256011376731,1.0762782845146683,0.10628182925264174
1.1132237621411831,0.9094639489674701,0.20375981317371306
1.114733727750658,1.2051128011109673,-0.09037907336030937
2.334473942699766,2.342568088414173,-0.00809414571440703
1.471772764388566,1.4363863475408127,0.035386416847753344
0.7151986550013667,0.8207140016863907,-0.10551534668502405
1.197013286960119,1.3737444649433852,-0.1767311779832661
0.3381819603723711,0.4356028010223941,-0.09742084065002304
0.3947333343367199,0.48244368190997344,-0.08771034757325352
1.3196550386227317,1.8121541744091634,-0.4924991357864317
2.114674497876296,2.1502777918386267,-0.03560329396233053
0.6790408573897193,0.5516949815541554,0.1273458758355639
0.6419608054143089,0.5915808594873888,0.05037994592692008
0.2002190312311713,0.23835401027387126,-0.03813497904269997
1.840606711537131,1.7203324061785699,0.1202743053585611
1.6468202660707432,1.6520471378587707,-0.005226871788027498
0.7667002339321067,0.7700978158502884,-0.0033975819181816247
0.9767979237750348,0.8715723870471388,0.10522553672789603
2.155041211654518,1.9087559505566314,0.24628526109788673
2.3121454399790022,2.2499347097237594,0.06221073025524282
2.426184005234004,2.3616636602167977,0.06452034501720627
1.784435089384518,1.5983605466163007,0.18607454276821733
2.3771372511296787,1.9209697853593073,0.45616746577037137
2.059592401393304,1.9196019448935087,0.13999045649979514
1.2805948523450794,1.1822036484342429,0.09839120391083656
0.9938279841532656,1.25896695206262,-0.26513896790935454
2.2714939123419784,2.3426297465788384,-0.07113583423685998
1.1985413358445325,1.1932141684221307,0.005327167422401802
0.9934301490665906,0.9266552759528539,0.06677487311373664
1.0717042307247169,0.9736058652964424,0.09809836542827444
1.8859554070552689,1.6890632957729768,0.19689211128229211
0.6756321327215652,0.5513863395434156,0.12424579317814954
2.397354513526381,2.107446802497849,0.28990771102853197
0.0702037652240184,0.17650216398030671,-0.10629839875628831
2.47905540439344,2.353157275540406,0.12589812885303386
1.1089832002434652,1.5176751724284163,-0.4086919721849511
0.7724869282423455,0.867665777356187,-0.09517884911384145
1.5661094436206442,1.3969619251381853,0.1691475184824589
0.6114359932632464,0.6233256160294033,-0.011889622766156904
1.2540800383109187,1.124165124985432,0.12991491332548666
0.0924192462105729,0.2526650373184599,-0.160245791107887
2.186592258012915,1.981427337314037,0.20516492069887815
0.1450646016484238,0.3824000701792152,-0.23733546853079138
1.1572433263182451,1.0982956248603648,0.05894770145788031
0.960518325382806,0.8221892403328991,0.13832908504990693
0.703661433183935,0.6359394959671032,0.06772193721683184
1.2759654969981555,0.7453610571042032,0.5306044398939523
1.5159686420152911,1.0924443644955202,0.42352427751977095
0.696934400981826,0.8004832291250658,-0.10354882814323974
0.9197944643928576,1.0116373010350266,-0.09184283664216897
1.5386090832540975,1.3718086716084563,0.1668004116456412
0.1797305169255357,0.2893697075758382,-0.10963919065030248
0.2244779387417581,0.25285123933729603,-0.028373300595537942
1.1429709873938347,1.0434217445111384,0.09954924288269629
0.788617338603655,0.8292524149089051,-0.040635076305250095
1.2065613323315034,1.3827908009471812,-0.1762294686156778
2.2815935029155314,2.2560295563855943,0.025563946529937098
0.9808486097668851,0.9481750489449023,0.032673560821982806
0.8266286865802985,0.9131128767800908,-0.08648419019979225
1.0030505282972353,0.9831400348445632,0.01991049345267204
1.3130726738859748,1.4317396666680164,-0.11866699278204162
2.322561490395669,2.205350666191313,0.11721082420435591
1.4997297309916755,1.5878311752728962,-0.08810144428122069
1.2435419255352451,1.12448327568066,0.11905864985458514
2.3273852422140275,2.13774004670008,0.18964519551394732
1.133142648729215,1.0000897951512984,0.13305285357791674
0.8238800067639476,0.9713499154271105,-0.1474699086631629
0.5514758946307434,0.49405418651300737,0.05742170811773606
1.975197082813223,1.7099472560525049,0.2652498267607182
1.0133806816389337,0.9429192426380375,0.07046143900089619
1.2271402640245064,1.2528818056942217,-0.025741541669715318
1.313500648101772,1.5707055666003384,-0.2572049184985665
0.6855915761421651,0.6039699443878663,0.08162163175429882
1.6101922997663287,1.4490721055696307,0.16112019419669799
1.986390720634636,1.9623018622937571,0.024088858340878927
0.4679259752300942,0.5648573386559513,-0.09693136342585712
0.6340402676990065,0.6569623479100082,-0.022922080211001727
0.3608088391549729,0.3926573866850849,-0.03184854753011196
2.110726284113324,2.062040049654577,0.04868623445874709
1.7047957093291015,1.4898258996709626,0.21496980965813894
0.8036265768046956,0.7391992943682224,0.06442728243647322
1.710293068961804,1.8072218730567406,-0.09692880409493654
1.959916593969088,1.7387450231623807,0.22117157080670724
1.14912839187834,0.940749831963029,0.20837855991531096
0.5460391145260566,0.5569737854508197,-0.010934670924763079
1.6087049385036962,1.6319920497696845,-0.02328711126598826
2.295960779792876,2.3055920182802696,-0.009631238487393556
0.4361895737845638,0.4243100411814036,0.011879532603160214
1.6359340474676454,1.7427485234531648,-0.10681447598551941
0.943736911807163,0.9186159385753527,0.025120973231810284
1.2177820943058215,1.3151209992468806,-0.09733890494105912
1.036034685587112,0.9251843699494554,0.11085031563765668
1.061279139430085,0.9131128767800908,0.1481662626499941
0.5950162482244005,0.4860712680240725,0.10894498020032795
0.6539139458465225,1.036371677490478,-0.3824577316439556
2.539815694271196,2.3370180701007968,0.20279762417039926
2.147369321248139,2.1354557598933104,0.011913561354828683
0.5346176266302733,0.49960464324244935,0.03501298338782399
2.2018365818261785,2.0627064789981153,0.13913010282806315
2.2390160918137543,2.1876850446948097,0.05133104711894454
0.77331876547191,0.9911569008814625,-0.21783813540955244
0.090199506490045,0.26021934406473896,-0.17001983757469397
1.7253746410221045,1.605314602804948,0.12006003821715638
1.6089581063781866,2.223433572893155,-0.6144754665149685
1.668800662710914,1.65880857342103,0.009992089289883932
1.706025381898509,1.658702466326771,0.047322915571737845
1.5109776181315706,1.599196554691484,-0.08821893655991331
1.8646260136294317,1.6980311803740968,0.16659483325533486
1.6044688974247123,1.8121541744091634,-0.20768527698445105
1.759118301935453,1.6890632957729768,0.07005500616247629
2.143553719349505,1.981427337314037,0.16212638203546814
1.2037764857121065,1.235950780469083,-0.03217429475697653
1.158572457659321,1.1917779761320426,-0.033205518472721574
1.2075920873575732,1.12448327568066,0.0831088116769132
1.1246072748557931,1.3330312545073628,-0.20842397965156967
0.9518925341220172,0.9778877743526019,-0.025995240230584638
2.225670527059171,2.8648496983101337,-0.6391791712509627
2.51001421767472,2.41742614593588,0.09258807173883987
2.192225243220332,2.0347683120975146,0.15745693112281733
0.7859409923933962,0.7876086540061812,-0.0016676616127849764
0.0927040600693749,0.1753857110662074,-0.0826816509968325
1.3195555798510628,1.2580063800424213,0.061549199808641486
0.5350877955762087,0.5232586722888,0.011829123287408705
0.8907524924325251,0.6920163542621621,0.19873613817036295
0.4511897703481348,0.4749985463120322,-0.02380877596389741
1.724976805682262,1.667988315304842,0.05698849037742004
0.8337580746878177,0.8758710617157289,-0.04211298702791122
1.0666092272505927,1.1733222712656113,-0.10671304401501858
2.156338697011283,1.5321055928536365,0.6242331041576463
0.3256456297663491,0.3740198881934197,-0.048374258427070604
0.9699623911637872,0.9888775326753533,-0.018915141511566036
1.7071555956962474,1.4638973298398483,0.2432582658563991
1.2450925787665008,1.2931536391632736,-0.048061060396772826
0.1312488689605764,0.2857448918195993,-0.1544960228590229
0.9282575046601874,0.9188105706292264,0.009446934030960974
1.2866754021515898,1.454097721370135,-0.1674223192185451
0.4502403908187949,0.3873342910953513,0.06290609972344363
1.0916412008408556,1.097230644630641,-0.005589443789785431
0.9642028220191248,0.9083025891630574,0.05590023285606738
0.8850381317283785,0.7663395556469673,0.11869857608141121
2.3269105524493576,2.058142939870624,0.2687676125787335
1.9711147508370608,1.7955670717022525,0.1755476791348083
0.3583088063943777,0.32677585658372627,0.03153294981065141
1.8793097503498892,2.3370180701007968,-0.45770831975090753
1.7269026899065183,1.872520050873429,-0.1456173609669107
1.6444965467598116,1.706724862043128,-0.06222831528331629
1.3620064072687623,1.2346991348007437,0.12730727246801865
0.3606912968551971,0.5401593306103658,-0.17946803375516873
1.0817495702076134,1.0577649327753598,0.023984637432253653
0.9097400830193236,0.9746498299152335,-0.06490974689590989
1.829119219232118,2.1685010917745693,-0.33938187254245133
0.1758380608552421,0.33535163859982314,-0.15951357774458105
1.0042440338104286,1.2000898909952797,-0.19584585718485115
0.8276820457000422,0.7609432384929463,0.06673880720709591
2.2359780773198663,2.2818418927561064,-0.045863815436240074
1.6761425310711429,1.5386911892448427,0.13745134182630014
1.3519927137701773,1.2984221796144815,0.05357053415569579
2.1903264841616523,2.1502777918386267,0.04004869232302566
2.463792996798902,2.3944767039764603,0.06931629282244156
1.7123455371233058,1.6951917787088064,0.017153758414499398
1.1865610702467422,1.1300229465791738,0.056538123667568385
1.5988946833671835,1.4429018412163312,0.1559928421508523
0.8818599708410412,0.9746498299152335,-0.09278985907419235
2.3609345071622774,2.3376889554434,0.023245551718877433
1.7308584379454346,1.860390430890763,-0.12953199294532847
1.6988959937909902,1.6243642569984236,0.07453173679256664
0.0453887927052001,0.1265115579681492,-0.08112276526294909
1.517532857702751,1.4927358449498933,0.024797012752857617
2.13393334011886,2.2468456173810205,-0.11291227726216047
1.6394783977105143,1.3661619870665325,0.2733164106439818
1.6725348888596512,1.4927358449498933,0.17979904390975787
1.082834575564836,0.9665154899508489,0.11631908561398718
1.161605951334474,1.218072172965074,-0.0564662216306
2.30751608564475,2.572282190956745,-0.26476610531199496
0.5907485611611053,0.665496529775002,-0.07474796861389665
1.1159136708076465,1.1343733653163373,-0.018459694508690783
1.3581636807108868,1.0788096959094817,0.27935398480140505
2.277714609048274,2.2280199905971125,0.04969461845116152
0.5559379784186411,0.5851784238701199,-0.029240445451478747
0.2475614237609228,0.1875002170899741,0.06006120667094869
0.0716594805023397,0.16235628331793106,-0.09069680281559137
1.5418053276695418,1.7118436048786303,-0.17003827720908848
1.0726852562383682,1.1755426230077204,-0.1028573667693522
1.09673620431498,0.8872618360253028,0.20947436828967714
0.3769166451694404,0.42011375806648266,-0.043197112897042256
0.4091548615452174,0.4754608165461295,-0.06630595500091208
2.209106115061308,2.528218663038568,-0.3191125479772601
0.5729906431437138,0.5692234825828737,0.0037671605608401437
0.2935927684777054,0.34934905168871155,-0.055756283211006175
1.329058416781932,1.1660600455910761,0.1629983711908558
0.2681493970913951,0.34902217325594476,-0.08087277616454963
1.9042784319715296,2.1113590016052903,-0.20708056963376076
0.8850245692721743,0.8366975778458785,0.04832699142629582
1.4439966318006867,1.30604076432896,0.13795586747172672
0.9770104040277444,0.8968925559405174,0.080117848087227
1.7403115456170528,1.2984221796144815,0.44188936600257134
1.0331594218335154,1.0708892978506328,-0.037729876017117414
0.1871040312700759,0.1797498752256437,0.0073541560444322085
2.6163808925233423,2.171981103933935,0.4443997885894073
0.2905231079995062,0.26139917869563384,0.029123929303872365
0.4781837949657002,0.5043432362618847,-0.026159441296184527
2.305490742648825,2.342568088414173,-0.037077345765347935
0.2376426682152718,0.3468577726501359,-0.1092151044348641
0.7560671832034996,0.6569623479100082,0.09910483529349146
0.0962167643279326,0.1753857110662074,-0.0791689467382748
1.1444899946407787,1.3264444217284161,-0.18195442708763743
1.201547704354109,1.097230644630641,0.10431705972346794
1.8548519260554688,1.6825621100786312,0.17228981597683757
0.2011593691230417,0.3999265188317668,-0.19876714970872508
0.9274980010367156,0.8463085419375121,0.0811894590992035
0.4634774538984008,0.3747105626160404,0.08876689128236037
2.548387234441328,2.6544512250747756,-0.10606399063344751
2.43232784776864,2.343244271196313,0.08908357657232724
0.7186299837631948,0.48792723923274567,0.2307027445304491
1.0014953539940774,1.0116373010350266,-0.010141947040949173
2.1553893174819425,1.9311829234656235,0.22420639401631903
0.1058959147084653,0.3468577726501359,-0.2409618579416706
1.6891716349699415,1.5891380576960694,0.10003357727387208
1.294365376339243,1.2204162066479782,0.07394916969126486
1.1089832002434652,1.476613514018042,-0.3676303137745769
0.3718849336639389,0.3747105626160404,-0.002825628952101533
0.5361275922397478,0.5232586722888,0.012868919950947855
1.4174140049791686,1.0849214231071111,0.33249258187205744
0.2064758944873454,0.29770372903802667,-0.09122783455068126
0.1346982812505115,0.16794344990697233,-0.03324516865646082
2.3467571061908004,2.2499347097237594,0.09682239646704094
0.1700920541667841,0.2695129411882645,-0.09942088702148041
2.371214930485221,2.6293060092688076,-0.2580910787835866
1.785922450647151,1.6315964903889153,0.15432596025823564
2.161465346469718,2.0565059824320073,0.10495936403771067
0.3752665331665164,0.5162081100427497,-0.14094157687623327
1.5940528477675495,1.5315893532830336,0.062463494484515936
1.076613879111708,1.0708850344252123,0.005728844686495593
0.1049194100135487,0.19559092051072308,-0.09067151049717438
2.0808313784444463,2.13774004670008,-0.0569086682556339
1.345853392813779,1.605314602804948,-0.25946120999116906
0.1465112750361075,0.14694518620646993,-0.00043391117036242766
0.8626146915610169,0.820653620293484,0.0419610712675329
0.9702472050225892,0.5401593306103658,0.4300878744122234
0.6062279683080812,0.6920163542621621,-0.08578838595408089
0.9197944643928576,0.8715605776758804,0.04823388671697726
1.4287342257251554,1.4271494710931347,0.0015847546320206796
1.3157490200962336,1.1300229465791738,0.18572607351705983
1.293687248212501,1.2039168786095984,0.08977036960290263
0.8202271558587722,0.7609432384929463,0.05928391736582583
0.1612311785596114,0.3468577726501359,-0.1856265940905245
0.3251754608204139,0.3554335031625301,-0.03025804234211621
0.0544124190526641,0.19341325182495545,-0.13900083277229136
1.021640283544191,1.0840613584696357,-0.0624210749254448
1.3639232498555494,1.3264444217284161,0.03747882812713321
0.680907970464088,0.5053365113880669,0.17557145907602112
1.1657289709324168,1.1235221954493702,0.04220677548304663
2.055071547215023,1.890350476448224,0.16472107076679898
0.955780469373576,1.0577649327753598,-0.1019844634017838
0.7483274795034277,1.3279053621317085,-0.5795778826282808
2.3411934408790978,2.183621662715945,0.15757177816315293
1.9637502771173188,1.9465852853877752,0.017164991729543555
2.414063593242764,2.4420102181253585,-0.027946624882594584
1.2562636112284005,1.3859309777128939,-0.1296673664844934
1.385551019596393,1.1235221954493702,0.2620288241470228
1.6026243886971858,1.6300101550607895,-0.02738576636360368
0.8097387725955172,0.7155296227545702,0.09420914984094697
0.3151210794468802,0.466084329114253,-0.1509632496673728
1.321752715224749,1.3246781150135818,-0.002925399788832772
0.1328763766166586,0.2205457213142274,-0.08766934469756879
0.5361908842083704,0.4732950217270007,0.06289586248136964
2.734393287066856,2.770540763347255,-0.03614747628039927
1.9036409907070644,1.860390430890763,0.043250559816301326
1.8973796073916591,2.0292970807581288,-0.13191747336646964
0.7615102925050485,0.7391992943682224,0.022310998136826132
1.263067497855337,1.1445462261619659,0.11852127169337101
1.605350464166695,1.65880857342103,-0.05345810925433514
0.5969195281018148,0.5368676492443869,0.06005187885742791
0.6676392614001707,0.578685654057417,0.0889536073427537
1.838802890431385,1.706724862043128,0.132078028388257
1.375930640365748,1.3864406795280868,-0.010510039162338725
2.5740656899208543,2.483187779707663,0.09087791021319136
2.226118092417768,2.171231957860541,0.05488613455722735
0.1640657546914267,0.19205926735856887,-0.027993512667142173
1.3468660643117416,1.30604076432896,0.040825299982781615
0.8386948482403852,0.887004266673891,-0.04830941843350578
0.8299922025547691,0.7700978158502884,0.05989438670448077
0.8635685919090916,0.61594208688768,0.2476265050214116
2.081717466005163,2.068596411264288,0.013121054740875326
1.4649010649742722,1.5109875407229456,-0.04608647574867342
1.5617106518013693,1.9142310797739035,-0.35252042797253424
0.0435894924181889,0.15836357639409168,-0.11477408397590277
0.8062305891556945,0.8489642566094686,-0.04273366745377416
1.4862756668406254,1.2409756395613625,0.24530002727926292
0.6383124755810361,0.6640504985013849,-0.02573802292034877
2.233771899042872,2.1113590016052903,0.12241289743758177
0.9945829669580027,0.864205228831373,0.13037773812662978
0.2023573957081375,0.2526650373184599,-0.05030764161032242
1.2934340803380102,1.5315893532830336,-0.23815527294502337
1.94589290134093,1.6705948331889224,0.27529806815200764
1.2347714670622718,1.0918203192123939,0.14295114784987795
1.4022962663689895,1.3079181364456511,0.09437812992333838
0.3812521450200928,0.32372031797649725,0.05753182704359555
1.1567234281130596,1.0535183988401866,0.103205029272873
1.786998414113736,1.7636568081919575,0.023341605921778585
0.8851466323906846,0.7550478925233104,0.1300987398673742
1.8326093181311625,1.764018184498623,0.06859113363253955
2.21756915507547,2.0627064789981153,0.1548626760773546
2.1689337987671924,1.8033502805049684,0.365583518262224
0.0784317211449646,0.22848776911812468,-0.15005604797316008
1.6547408040392133,1.6848272877710866,-0.03008648373187328
1.309808616683173,1.46164557521987,-0.151836958536697
1.5342735834034449,1.385783114487805,0.14849046891563988
1.8088838728009728,1.84603688409994,-0.03715301129896709
1.347467338013657,1.3299308946903325,0.01753644332332449
0.1429669247932385,0.2857448918195993,-0.14277796702636078
1.0425582791739811,0.9884616834903228,0.05409659568365832
1.8392640179930184,1.68370278902544,0.1555612289675785
0.2080672353403815,0.2957587901280847,-0.08769155478770321
1.057951790005492,0.9884616834903228,0.06949010651516918
0.3130234028448628,0.3435761333508646,-0.030552730506001824
2.0766857544996618,2.0347683120975146,0.04191744240214712
2.1551090252013787,2.068596411264288,0.08651261393709087
1.4000539223016195,1.5109875407229456,-0.1109336184213261
2.098507921471444,1.9688986324878535,0.1296092889835907
0.9603736579174535,0.9573735763768442,0.0030000815406093784
0.5330579317615486,0.6569623479100082,-0.1239044161484596
0.7804029451389132,0.737585049822868,0.042817895316045185
1.090610445814786,1.0788096959094817,0.01180074990530433
1.917131223180168,2.523452552134959,-0.6063213289547909
0.7455064660809846,0.7985669417216775,-0.05306047564069294
0.5386321458190777,0.5785435466131446,-0.039911400794066854
1.2475383611959423,0.8546073604145697,0.39293100078137255
0.8132107892322942,1.0352696889005266,-0.22205889966823245
1.4978174094767915,1.5874684678890372,-0.08965105841224563
1.1738665097191638,1.1932141684221307,-0.01934765870296684
1.2848625394083744,1.186566151834473,0.09829638757390136
2.4774640620213964,2.4895798523586423,-0.012115790337245969
2.537898851431241,2.5950480494313917,-0.057149198000150836
2.0670789374720537,1.8914204918400548,0.17565844563199895
1.16116742837285,1.1870661644200224,-0.02589873604717252
2.5554759349270664,2.6221060968461227,-0.06663016191905635
1.8563709333024123,1.764018184498623,0.09235274880378941
0.8639166977365165,0.8274307604768473,0.0364859372596692
0.2684296901314623,0.32677585658372627,-0.05834616645226398
1.3835256766004675,2.523452552134959,-1.1399268755344913
2.3291890633197734,1.924179104168991,0.4050099591507823
0.4199024406100546,0.5102145820512172,-0.09031214144116256
0.986006905209632,0.9266552759528539,0.05935162925677806
2.2742199885709917,2.1502777918386267,0.12394219673236506
1.083304744510771,1.0535183988401866,0.02978634567058447
1.4089509647118388,1.4029522209575034,0.0059987437543354005
2.152193073066498,2.0989101586579793,0.053282914408518955
0.8879676458131281,0.8366975778458785,0.051270067967249644
2.051563364534704,1.924179104168991,0.12738426036571293
0.291684967781556,0.466084329114253,-0.174399361332697
0.9243153193306431,0.7959102460338179,0.12840507329682527
0.771040254601494,0.48792723923274567,0.2831130153687483
0.748756960827582,0.8205144201740837,-0.07175745934650168
1.4152150612273549,1.3279053621317085,0.08730969909564634
1.141262104241023,0.8715605776758804,0.26970152656514257
1.739877543474164,1.6246702712116252,0.1152072722625388
1.9767793820287896,1.9078892795202147,0.06889010250857486
0.0542135015093266,0.19559092051072308,-0.14137741900139647
2.364474335826908,2.307408647761279,0.05706568806562906
0.5859745383488293,0.7076295149587525,-0.1216549766099232
0.3610529653919939,0.4732950217270007,-0.11224205633500683
1.65753469229608,1.5109875407229456,0.14654715157313447
0.8689167632577065,0.8292524149089051,0.03966434834880139
0.6738825619469726,0.7029757489690023,-0.029093187022029676
2.3016887029532267,2.6293060092688076,-0.32761730631558095
1.349745848884073,1.2904397246244252,0.05930612425964776
0.8355618957935635,0.7155296227545702,0.12003227303899333
1.123232934821034,0.982931655357878,0.14030127946315596
1.781180073819186,1.6246702712116252,0.15650980260756087
1.817979832754529,1.644609675362563,0.17337015739196593
0.4623201151882538,0.3873342910953513,0.0749858240929025
1.6186101315931427,2.523452552134959,-0.9048424205418162
0.1893689796842875,0.2915752326739139,-0.10220625298962638
1.56765105521443,1.3969619251381853,0.17068913007624475
0.9396862258153128,1.2605563367237904,-0.3208701109084776
2.26134007295628,2.4642359831802283,-0.20289591022394848
0.661034292316572,0.5714586754969501,0.0895756168196219
0.2610290506213456,0.31161609344106755,-0.05058704281972193
2.2164479834215367,1.8121541744091634,0.40429380901237333
1.011947570707454,0.9481750489449023,0.06377252176255155
0.1957750309713807,0.33535163859982314,-0.13957660762844246
2.5204302680913866,2.572282190956745,-0.051851922865358446
1.0783498874300963,1.161168988327955,-0.08281910089785871
1.7343078502353697,1.5891380576960694,0.1451697925393003
2.3949810647030314,2.363514949896423,0.031466114806608214
1.8844725673708749,1.3636245468205754,0.5208480205502994
0.0867229690345333,0.22848776911812468,-0.14176480008359138
1.2424343160843487,1.1811586099677551,0.06127570611659361
2.0385206974201964,2.0565059824320073,-0.01798528501181096
1.3253151489957251,1.5295434976461941,-0.20422834865046902
1.3269245733768682,1.8478160758853925,-0.5208915025085243
0.6393206262602641,0.9131128767800908,-0.2737922505198267
2.6469057051807403,2.770540763347255,-0.12363505816651488
0.3291899800092182,0.3446441854925796,-0.015454205483361405
0.5494460308160833,0.5035548036474642,0.04589122716861915
2.2107381440424607,2.3031620891998505,-0.09242394515738983
1.2720549573997548,1.1855732685340237,0.08648168886573115
2.177821798780438,2.1614069778079594,0.016414820972478594
0.9150927751866738,0.9186159385753527,-0.0035231633886789737
1.2307885938577787,1.1597479158155786,0.07104067804220016
2.358398306839132,2.363514949896423,-0.005116643057291093
0.1351096790465587,0.15736452333531376,-0.022254844288755044
1.60595173786861,1.8121541744091634,-0.20620243654055348
1.3634485600908794,1.3529860599385757,0.010462500152303766
1.8105475472601007,1.6315964903889153,0.1789510568711854
1.823011544260031,1.7164904734550566,0.10652107080497442
1.0548369210867774,0.8883731460077632,0.16646377507901422
0.6527023568052224,0.793721526270539,-0.14101916946531667
0.3124809002928354,0.4356028010223941,-0.12312190072955875
0.6780914778603794,0.7907012690773288,-0.11260979121694947
2.179028867762507,2.3811699314613772,-0.2021410636988703
1.2019319769845795,1.1308218319540557,0.07111014503052382
2.4433948991211296,2.362748802633143,0.08064609648798671
1.581077994199904,1.4340595772171383,0.14701841698276574
0.6028373271680341,0.578685654057417,0.024151673110617056
1.9208292817663557,1.84603688409994,0.07479239766641577
1.4821526472426825,1.7451889620688077,-0.2630363148261252
0.3584489527878273,0.4112414326690122,-0.052792479881184906
0.9401202279582016,0.9403254884620447,-0.00020526050384306327
1.4426584588221412,1.315290393770178,0.12736806505196308
0.8870634747243036,1.131262436561717,-0.2441989618374134
2.289726520883544,2.2468456173810205,0.04288090350252327
0.620152201405067,0.6289923984665902,-0.00884019706152317
1.055723008647495,1.0982956248603648,-0.042572616212869896
1.1975196227091,1.1124479950007975,0.08507162770830257
0.4515695221598707,0.6804169999106329,-0.2288474777507622
1.8268949597055264,1.6980311803740968,0.12886377933142956
2.531099483850865,2.423622651859376,0.10747683199148872
0.6235518844357514,0.6657495754120701,-0.04219769097631876
2.2655489888696865,2.130554881877515,0.1349941069921714
0.5242015769731107,0.6349032357143796,-0.11070165874126892
0.1784827610811895,0.3824000701792152,-0.2039173090980257
1.5405259258408843,1.7395646372263653,-0.19903871138548102
1.0157812556278598,0.940749831963029,0.07503142366483084
2.1514968614116485,2.061886649705281,0.08961021170636752
1.176452438795223,1.1219836450619547,0.054468793733268406
0.7420344496973756,0.45843564181411467,0.283598807883261
1.9887053965359225,1.9634533692651803,0.02525202727074216
2.2731575873074426,2.173529454172262,0.09962813313518071
2.302850563747948,2.205350666191313,0.09749989755663524
0.8955265152448013,0.9831400348445632,-0.08761351959976194
2.0243659018082334,2.013099730373834,0.011266171434399563
1.7553569506211395,1.476613514018042,0.2787434366030974
0.5181843191352229,1.060362454389656,-0.542178135254433
2.421057355775568,2.373126500374801,0.04793085540076669
0.9370189214956914,0.9573735763768442,-0.020354654881152734
0.5901156414748786,1.0762617128900287,-0.4861460714151501
2.0421283396316885,1.8660479658564746,0.1760803737752139
1.4681560805396046,1.3969619251381853,0.07119415540141927
0.3400490734467395,0.43722799835705106,-0.09717892491031155
1.3596917295953006,1.226664998338807,0.13302673125649367
1.6990813488781231,1.5878311752728962,0.11125017360522693
1.689433844481902,1.6520471378587707,0.03738670662313126
0.9500661086694292,0.9665154899508489,-0.016449381281419706
2.3209822038778083,2.183621662715945,0.13736054116186347
0.5044906495658862,0.5809479084390741,-0.07645725887318788
1.7938972386936065,1.9078892795202147,-0.11399204082660819
0.4910727522178817,0.5056858463966359,-0.014613094178754227
2.5992242474483622,2.500345796978239,0.098878450470123
0.2417023958445918,0.44186840135925465,-0.20016600551466285
1.0565412834208543,0.8638418761009988,0.19269940731985546
1.274844324837887,1.347532963505382,-0.0726886386674952
1.405474427256327,1.3770436915815252,0.02843073567480192
1.2943020843706208,1.2931536391632736,0.0011484452073471374
0.1003623882727171,0.18763376718880975,-0.08727137891609266
1.8378896784645948,1.821968877915509,0.015920800549085845
1.8864617428042496,1.8768653460771432,0.009596396727106438
0.9430497420429512,0.8463085419375121,0.09674120010543907
2.374931072852683,2.411837922511288,-0.03690684965860491
2.4191631182951268,2.3031620891998505,0.11600102909527621
0.2326245191659745,0.2782974933458358,-0.0456729741798613
1.5081340003622856,1.3827908009471812,0.1253431994151044
1.2438855105439353,1.1409964550057072,0.10288905553822802
1.1775284022618089,1.3546459304216696,-0.1771175281598607
2.305992556819568,2.3878388675539455,-0.08184631073437743
1.197483455906054,1.09228578319562,0.10519767271043401
0.3709988461032215,0.3807412742187981,-0.009742428115576629
2.230042194472373,2.3465721376521156,-0.11652994317974263
1.4283544739134195,1.3827908009471812,0.04556367296623831
1.3765454767770355,1.0849214231071111,0.2916240536699244
1.2333519185869968,1.2580063800424213,-0.024654461455424492
0.3776128568242898,0.5162081100427497,-0.1385952532184599
1.2707936388460364,1.186566151834473,0.08422748701156335
1.3612830707015044,1.2409756395613625,0.12030743114014197
0.5640212668742348,0.5035548036474642,0.06046646322677063
1.748200437348044,1.877198630932478,-0.12899819358443398
1.1067046893730492,1.1343965498461712,-0.027691860473122
2.5036533748281427,2.5096914163238324,-0.006038041495689761
1.145091268342694,1.1244909929013314,0.02060027544136256
0.2686346356018915,0.31793543570479993,-0.04930080010290844
2.595006290910157,2.5647973944436258,0.030208896466531243
0.8992878665591151,0.7959102460338179,0.1033776205252972
1.0047503695594098,0.9603812684716189,0.04436910108779091
0.8246123852218429,0.8758710617157289,-0.051258676493886046
1.068381402372027,0.9275230803496175,0.14085832202240955
1.7407319850505698,1.8718412892429988,-0.13110930419242894
0.2337095245231971,0.32372031797649725,-0.09001079345330015
0.541317533666806,0.5272376048753873,0.014079928791418728
1.90500628961069,1.9600102688979193,-0.05500397928722922
2.256918675777491,2.205350666191313,0.05156800958617813
0.8974433575784203,0.9429192426380375,-0.045475885059617194
0.7677129054300695,0.7569767969947112,0.010736108435358327
1.42421337078737,1.2962138004317276,0.12799957035564247
1.9165163872752164,2.218127215294249,-0.3016108280190326
1.0783860542331427,1.09228578319562,-0.013899728962477376
0.5285415976424979,0.49405418651300737,0.0344874111294905
0.9108974219826388,0.8207140016863907,0.09018342029624804
0.8705940004262072,0.7959102460338179,0.07468375439238928
0.4229705939798969,0.3873342910953513,0.03563630288454561
2.408132231973508,2.6293060092688076,-0.22117377729529952
2.252108486162169,2.3811699314613772,-0.12906144529920827
1.8438572072964,1.658702466326771,0.1851547409696288
1.633221534707508,1.8033502805049684,-0.1701287457974603
0.3845975777196244,0.42011375806648266,-0.03551618034685827
1.9386866575427448,1.9096788272411676,0.029007830301577275
1.6021542197512504,1.764018184498623,-0.16186396474737252
1.348624676976972,1.5515982310876482,-0.20297355411067608
0.4035625639595813,0.5648573386559513,-0.16129477469637005
0.7549098442401847,0.6754023757979021,0.07950746844228262
0.7599008681239053,0.6814855901111319,0.07841527801277348
0.7602263696044884,0.7391992943682224,0.021027075236266013
0.6562828738511375,0.7166468389100794,-0.060363965058941926
1.241824000744964,1.8768653460771432,-0.6350413453321793
1.3991135844097495,1.5546510910588842,-0.15553750664913468
1.3059478065971903,0.8064557556997317,0.49949205089745863
0.7637255114068418,0.8207140016863907,-0.056988490279549
0.9213858052458938,0.9603812684716189,-0.03899546322572511
0.1420717955950516,0.1880191348084864,-0.0459473392134348
0.0759859387155226,0.22848776911812468,-0.15250183040260207
1.421175356293482,1.1400451641911546,0.28113019210232726
0.9114760913377123,0.7959102460338179,0.11556584530389447
1.3513597940839506,1.347532963505382,0.003826830578568474
0.9715853780011344,0.9277466968743072,0.043838681126827206
1.9015794826802688,1.773006799633141,0.12857268304712788
1.5115924542896904,1.1400451641911546,0.3715472900985357
1.1002805545578491,1.014742604427348,0.08553795013050114
1.9706581448536655,1.847948165970054,0.12270997888361146
1.6626251749514696,1.6420894761012317,0.02053569885023787
0.5143641966710214,0.5368676492443869,-0.0225034525733655
0.6027423892150999,0.5035548036474642,0.09918758556763574
1.4925641760811106,1.5295434976461941,-0.036979321565083545
0.8018272765176844,1.1755426230077204,-0.373715346490036
0.7618583983324733,0.9843819066346746,-0.22252350830220136
1.953519583559961,1.9719005889440018,-0.01838100538404075
0.258917811309956,0.3807412742187981,-0.1218234629088421
2.253446660659721,2.572282190956745,-0.31883553029702405
1.8323199852258008,1.7060062137041516,0.12631377152164913
0.9716079823479764,0.8999694865494354,0.07163849579854098
0.6363911121755145,0.4851516997892739,0.15123941238624056
0.2030762117098286,0.26139917869563384,-0.05832296698580525
0.742974787336078,0.7284127007826455,0.014562086553432496
1.3045011329563387,1.0230210790179186,0.2814800539384201
0.259713481736474,0.35452035474325383,-0.09480687300677981
1.4044301097740532,1.3079181364456511,0.09651197332840211
0.7138243149666074,0.7219106995154222,-0.008086384548814829
0.1334188794218538,0.1711813874861151,-0.03776250806426132
0.8570178731566461,0.824392157775187,0.032625715381459086
0.5600429147416446,0.5513863395434156,0.008656575198228933
1.0081274482432527,0.9277466968743072,0.08038075136894551
0.5851427011192648,1.5707055666003384,-0.9855628654810736
1.2428140678960846,1.226664998338807,0.016149069557277684
1.5460594520234647,1.2916540584807317,0.25440539354273306
1.043507658703321,1.3737444649433852,-0.33023680624006424
0.5225514649701867,0.48542898479566,0.037122480174526684
2.046753174919381,2.016798785512642,0.02995438940673889
0.8181882504066428,0.793721526270539,0.024466724136103735
0.0683999441182726,0.1711813874861151,-0.1027814433678425
0.3111879357548056,0.377670611877022,-0.06648267612221642
1.937493153295391,1.7797112567473758,0.1577818965480151
1.8505480721891276,2.1187891558454277,-0.26824108365630006
2.2418145006361883,2.37042031504072,-0.12860581440453167
0.622177544400992,0.5656056097340267,0.05657193466696531
2.130370906094716,2.0159133296032827,0.11445757649143307
1.9822541373146496,2.1187891558454277,-0.1365350185307781
1.1609142604983598,1.124165124985432,0.03674913551292769
0.635812442820441,0.8684408248294406,-0.2326283820089996
0.3357452195803985,0.3482807669436208,-0.012535547363222321
1.6505092837789646,1.527565132274678,0.12294415150428661
1.5542331578664257,1.8478160758853925,-0.29358291801896685
1.7909541621526524,1.9520635903540955,-0.16110942820144314
2.322733282520262,2.2827564214934206,0.03997686102684117
1.0197957748166644,0.9736058652964424,0.04618990952022195
0.0154245663811042,0.1753857110662074,-0.1599611446851032
0.913664185073929,0.9132517264995862,0.0004124585743428
0.3661163228818069,0.3740198881934197,-0.007903565311612792
1.5588625132133496,1.3736243100621723,0.18523820315117723
0.6832271689562847,0.6036157359626644,0.07961143299362028
0.855752033784193,0.8588639071175588,-0.003111873333365822
2.066464101567102,1.877198630932478,0.18926547063462418
1.83677754743546,1.9465852853877752,-0.10980773795231524
2.2134823040527483,2.218127215294249,-0.004644911241500793
1.836081335780611,1.773006799633141,0.06307453614747005
1.2650295488826393,1.3511181996624384,-0.0860886507797991
0.1199828985457425,0.18763376718880975,-0.06765086864306726
0.8565748293762874,1.005161363869042,-0.1485865344927546
1.8310812702594208,1.5321055928536365,0.29897567740578435
2.139267949264439,1.9619273181351846,0.17734063112925424
2.025125405431705,2.171231957860541,-0.14610655242883563
2.3969431157303336,2.138460433035246,0.25848268269508745
1.6945243271372914,1.9864065781851106,-0.2918822510478192
1.5423433094028345,1.8233008279722807,-0.2809575185694462
2.0130456800495744,1.890350476448224,0.12269520360135044
1.3181948025256758,1.4927358449498933,-0.17454104242421753
2.1389966976086727,2.0488881783563953,0.09010851925227747
0.0940331914104509,0.15736452333531376,-0.06333133192486286
0.818961316486319,1.005161363869042,-0.186200047382723
0.9672453573317472,0.9454514990533759,0.021793858278371325
1.7754792758244116,2.160749414575995,-0.38527013875158334
1.9143418549825328,2.0488881783563953,-0.1345463233738624
1.674528585871265,2.016798785512642,-0.34227019964137706
2.035704204816488,1.9520635903540955,0.08364061446239268
2.4900456015742702,2.373126500374801,0.11691910119946902
2.048272182166325,2.013099730373834,0.03517245179249118
1.5835644645042948,1.6243571976572524,-0.040792733152957616
0.9298488455132236,0.8666582137402524,0.06319063177297113
0.2638771892093654,0.4031310152357443,-0.13925382602637887
0.440583844785104,0.43722799835705106,0.003355846428052922
0.111058730969947,0.3032630869366185,-0.19220435596667151
2.186434028091359,2.0565059824320073,0.12992804565935145
1.3362013675988231,1.4905433426406907,-0.15434197504186753
2.550340242312154,2.6055011964303914,-0.05516095411823718
2.093263728700561,2.138460433035246,-0.045196704334685034
0.9946598213828296,0.9900412539933301,0.004618567389499506
0.6609122291980614,0.5440899919814094,0.11682223721665197
2.250833606164917,2.3055920182802696,-0.054758412115352595
0.6672775928633738,0.6359394959671032,0.03133809689627065
2.522744943992673,2.4798842805533594,0.042860663439313385
2.243862448991626,2.3592232027518865,-0.11536075376026034
0.5764129302680723,0.4851516997892739,0.09126123047879836
0.5520771683326586,0.8004832291250658,-0.24840606079240712
1.0955291360924144,0.9761844897961991,0.11934464629621533
2.132251581372121,2.0307407415889136,0.10151083978320719
2.603975666673301,2.95696054986428,-0.35298488319097876
1.7145291100407876,1.4490721055696307,0.26545700447115683
0.1006878897533,0.15736452333531376,-0.05667663358201376
0.8610233507079809,0.7622824274993022,0.09874092320867867
1.6153912828308563,1.7099472560525049,-0.09455597322164855
0.662684404319496,0.7284127007826455,-0.06572829646314948
1.7438332915130803,1.6963736591652157,0.047459632347864655
0.9351518084213228,0.8642106580960962,0.07094115032522663
1.4583548670405615,1.37005455471064,0.08830031232992153
1.1392548447732047,1.014742604427348,0.12451224034585673
1.5269995278305737,1.3825703364005697,0.144429191430004
0.8878953122070358,0.864205228831373,0.023690083375662807
2.0716540429941603,1.847948165970054,0.22370587702410627
2.2921090103316915,2.2818418927561064,0.010267117575585072
0.2758077252947372,0.6765959928600802,-0.400788267565343
1.4246835397333053,1.7636568081919575,-0.33897326845865217
0.9535381253062064,0.8463085419375121,0.10722958336869426
0.3650494010526912,0.5162081100427497,-0.1511587089900585
1.536836908132663,1.3151209992468806,0.2217159088857823
1.4935768475790732,1.4797910333999005,0.013785814179172684
0.0762391065900131,0.15836357639409168,-0.08212446980407859
1.5729675805787338,1.3979889137790975,0.17497866679963625
0.1271981829687259,0.18307631928394413,-0.055878136315218235
1.3684169796277583,1.240505914805623,0.12791106482213532
1.803517617924251,1.6214097191671497,0.1821078987571012
1.0737612197049535,1.1733222712656113,-0.09956105156065775
1.287900553902262,1.385053654460771,-0.0971531005585089
0.1305843032900384,0.25623015032209234,-0.12564584703205395
1.154078727887112,1.3770436915815252,-0.2229649636944131
0.8551824060665889,0.820653620293484,0.03452878577310492
2.2397891576402627,2.016798785512642,0.22299037212762052
2.2439347815850472,2.204253345558019,0.039681436027028116
0.5882168824161987,0.649907096424685,-0.06169021400848629
0.8676509238852532,0.7749029495984958,0.0927479742867574
1.3286967484983028,1.2740896420024679,0.05460710649583489
2.562451613678596,2.3592232027518865,0.20322841092670973
0.6390086872358853,0.6357121388303236,0.0032965484055617056
0.1131157199501835,0.16794344990697233,-0.05482772995678882
0.3711254300404669,0.7488729606413852,-0.3777475306009183
0.3367488494408917,0.48244368190997344,-0.14569483246908177
0.2954463190958696,0.32372031797649725,-0.02827399888062765
1.813739270856811,1.667988315304842,0.14575095555196893
1.785845596222324,1.5020568068732019,0.2837887893491222
1.543889441815355,1.5240801726631663,0.019809269152188724
1.3729740013685898,2.223433572893155,-0.8504595715245653
0.2720463739804236,0.2700678427675567,0.0019785312128668964
2.1551813577948,2.4420102181253585,-0.28682886033055865
1.251191212101118,1.1863131877437743,0.06487802435734369
2.490098344037563,2.6544512250747756,-0.16435288103721257
1.553545987849046,1.6327139529395078,-0.07916796509046176
0.6205907243666906,0.649907096424685,-0.029316372057994422
1.2911555694675945,1.1660600455910761,0.12509552387651834
1.6629145096290063,2.1520971747147373,-0.48918266508573094
1.3310837597778569,1.3568939150292858,-0.025810155251428935
1.2058199122361386,1.4797910333999005,-0.2739711211637619
1.2424659620686602,1.2085349867388129,0.033930975329847346
2.407264228194066,2.343244271196313,0.06401995699775309
0.9163224477560808,0.9958105380107706,-0.07948809025468973
1.0907129185500006,1.6243571976572524,-0.5336442791072518
1.8635816961471576,1.6057501243038184,0.25783157184333927
1.5006339020805002,1.4690316810856974,0.03160222099480281
2.585300014351377,2.3628807257088287,0.22241928864254845
0.6561608107326271,0.824392157775187,-0.16823134704255993
0.2548897296649473,0.37693961943373755,-0.12204988976879028
0.3726127913030994,0.3747105626160404,-0.0020977713129410325
0.0271607057418732,0.17650216398030671,-0.1493414582384335
1.394122560526029,1.7772696481057342,-0.38314708757970517
2.5376728079628235,2.4941817035958156,0.04349110436700787
1.3333261038452269,1.3980190264855286,-0.06469292264030169
2.4625994925515475,2.39852675735271,0.06407273519883772
1.5426597692459478,1.1870661644200224,0.3555936048259254
1.3637966659183038,1.1435180006844525,0.2202786652338513
0.7751271073963907,0.7284127007826455,0.04671440661374515
1.6407306746267634,1.6188115362395925,0.021919138387170856
0.5899257655690109,0.6295301376525902,-0.039604372083579364
1.151406902748756,1.454097721370135,-0.30269081862137903
1.3891450993516803,1.2550328672172164,0.13411223213446388
1.922284997044677,1.706724862043128,0.21556013500154902
1.155421421684392,0.8760487188974355,0.2793727027869566
0.9476519722242986,0.8999694865494354,0.04768248567486322
0.6682179307552442,0.9481750489449023,-0.2799571181896582
1.808580975414064,1.8072218730567406,0.001359102357323394
1.1346164475356433,1.2528818056942217,-0.11826535815857842
1.1274644550812825,0.9009970835302883,0.22646737155099417
0.9057617306335656,0.9436452371876389,-0.037883506554073354
2.033371442602248,1.84603688409994,0.18733455850230807
0.6758129669899636,0.6804169999106329,-0.004604032920669243
0.6208393714224465,0.6462407079050569,-0.025401336482610448
1.5301912514272833,1.6243642569984236,-0.09417300557114028
1.9472943652754269,2.107446802497849,-0.16015243722242212
0.3560981083113193,0.3446441854925796,0.011453922818739692
0.2759885595631358,0.29387009049054436,-0.017881530927408573
0.7211616625081012,0.7952035095970185,-0.07404184708891726
1.225404255706118,1.0805082513118838,0.14489600439423422
1.1164697360690463,0.8872618360253028,0.22920790004374347
2.233952734323941,2.579772516228333,-0.345819781904392
0.3979612247364756,0.37960008417316526,0.01836114056331034
2.2724704188090703,2.2818418927561064,-0.00937147394703608
1.8767690309801843,1.5456654292434955,0.33110360173668885
0.1244133363493288,0.31971234650448266,-0.19529901015515386
0.1120442773023331,0.26021934406473896,-0.14817506676240585
1.127591039018528,1.150987242441903,-0.023396203423375006
2.2813674594471136,2.2001781318430975,0.08118932760401609
0.9593926324038026,0.6640504985013849,0.2953421339024177
1.0668940411093946,1.014742604427348,0.05215143668204658
1.4856653515012403,1.8478160758853925,-0.3621507243841522
0.1956620094903396,0.41110313610888827,-0.21544112661854867
1.8604216192942629,1.8641234955080739,-0.0037018762138110173
1.292909661060922,1.235950780469083,0.05695888059183907
1.1438118665140364,1.0924443644955202,0.05136750201851625
0.8839531266243237,0.9009970835302883,-0.017043956905964608
1.4689562717848574,1.4578319775684532,0.011124294216404262
1.6884211729839391,1.7797112567473758,-0.09129008376343672
0.2572315325039859,0.35541994085801876,-0.09818840835403286
1.3941135188885592,1.3511181996624384,0.042995319226120765
0.9604098247205,1.0446461371613351,-0.08423631244083518
0.3477390476343931,0.40705893397826154,-0.05931988634386842
0.9463861328518454,0.8489642566094686,0.09742187624237675
0.6313277546857015,0.6357121388303236,-0.0043843841446221665
2.543034541514475,2.3031620891998505,0.2398724523146245
0.551254372740564,0.5056858463966359,0.04556852634392805
0.1642691930534991,0.3999265188317668,-0.23565732577826767
1.857125915347646,1.9688986324878535,-0.11177271714020742
0.3322641613061521,0.42011375806648266,-0.08784959676033055
1.114426309545014,1.124165124985432,-0.009738815440418103
0.3709355541345989,0.5863397433270587,-0.21540418919245985
0.4184135722390653,0.597872230167277,-0.1794586579282117
1.9931177505582345,1.036371677490478,0.9567460730677564
0.249579533497506,0.5569737854508197,-0.30739425195331366
1.8657652690646396,1.877198630932478,-0.011433361867838387
1.7521561853869605,1.6963736591652157,0.055782526221744844
0.9258478890337916,0.8110066928978881,0.11484119613590349
0.1457743757594774,0.18769965219558576,-0.041925276436108355
1.5332292659211713,1.6572755509527586,-0.12404628503158732
0.3091625927588803,0.37693961943373755,-0.06777702667485724
1.9128635343446985,1.3737444649433852,0.5391190694013133
2.2505894789152245,2.4335811095875837,-0.18299163067235913
1.3346281100207262,1.2390442887500734,0.09558382127065279
2.161872222687527,2.1113590016052903,0.05051322108223655
0.3386566501370411,0.3807412742187981,-0.042084624081757005
1.562189862384774,1.910091032396917,-0.3479011700121428
0.4839750100946739,0.4338500673832152,0.05012494271145873
1.2054401604244027,1.0840613584696357,0.12137880195476702
1.643637584364671,1.6188115362395925,0.02482604812507838
1.282023442457824,1.315290393770178,-0.03326695131235402
0.7750547737902983,0.5656056097340267,0.20944916405627156
1.379836659145414,0.982931655357878,0.3969050037875361
0.8426822422636131,0.7550478925233104,0.08763434974030271
0.5802601778978506,0.6657495754120701,-0.08548939751421958
0.8107152772904337,0.8546073604145697,-0.04389208312413606
0.6040715205561759,0.5516949815541554,0.05237653900202044
0.3424270430888242,0.5378360526216596,-0.19540900953283535
0.2851749366508914,0.4112414326690122,-0.1260664960181208
1.583238962770544,1.3718086716084563,0.21143029116208778
1.9990581549839663,2.0627064789981153,-0.063648324014149
1.7982960305128812,2.016798785512642,-0.2185027549997609
0.1787494914118845,0.23835401027387126,-0.059604518861986755
1.50374425018048,1.3845671535396822,0.1191770966407979
2.1665287039595307,1.9937977896709662,0.17273091428856446
1.5276143642418611,1.527565132274678,4.923196718320533e-05
2.2765301454257183,2.171981103933935,0.10454904149178335
2.398041684556432,2.1685010917745693,0.22954059278186278
0.6463822015804256,0.4732950217270007,0.17308717985342487
2.1094604447408707,2.0061366046249636,0.10332384011590712
1.0100894992705551,0.9603812684716189,0.04970823079893627
0.9686332598227112,1.014742604427348,-0.04610934460463678
2.1389966976086727,2.183621662715945,-0.0446249651072721
0.90822107577238,0.7098101724997419,0.1984109032726381
1.1791423474616862,0.8715723870471388,0.3075699604145474
0.5392605446865695,0.6869390131003621,-0.14767846841379262
1.295736702410457,1.1917779761320426,0.10395872627841429
2.0932366042944883,2.37249853579441,-0.2792619314999216
0.8775877629590114,1.0108522125134867,-0.13326444955447525
0.0682462350154507,0.26729173172958665,-0.19904549671413596
1.252710219348062,1.161168988327955,0.09154123102010692
0.4145798873186594,0.43722799835705106,-0.02264811103839165
1.8096569388806492,1.9078892795202147,-0.09823234063956554
0.9902158211230392,1.1477932963853459,-0.1575774752623067
1.6918118141239866,1.7060062137041516,-0.014194399580164996
2.0658628278651867,1.9029213806995444,0.1629414471656423
1.0145515830584528,0.9454514990533759,0.06910008400507694
0.7101172139834467,0.8054635142095502,-0.09534630022610346
0.8740434127161424,0.8457994982152557,0.028243914500886702
2.449796431108495,2.3332735903087523,0.11652284079974295
1.1322384778935586,1.0108522125134867,0.12138626538007191
0.9090438713644744,0.8912399662142716,0.017803905150202803
1.8489928973796337,1.6890632957729768,0.15992960160665692
0.5933751778589458,0.61594208688768,-0.02256690902873426
2.403335604561222,2.3616636602167977,0.04167194434442445
1.5897489939012086,2.0988090235678207,-0.5090600296666121
0.8164477212695196,0.8274307604768473,-0.010983039207327683
0.6216350418489647,0.5809479084390741,0.04068713340989061
0.6463008260836961,0.7453610571042032,-0.0990602310205071
0.6292300780836841,0.6357121388303236,-0.006482060746639484
1.2951881719313378,1.1863131877437743,0.10887498418756358
0.3428339200661368,0.3482807669436208,-0.005446846877484035
0.1289341912871144,0.2119986759914615,-0.0830644847043471
1.659984995544257,1.4927358449498933,0.16724915059436363
0.266218992048404,0.49518651906741096,-0.22896752701900697
2.336377223336684,2.342568088414173,-0.006190865077488894
1.814467128495972,1.7177180365423035,0.09674909195366843
2.5050955279034275,2.374316468148784,0.13077905975464343
2.2250556911542194,2.6106719333442028,-0.38561624218998336
0.3329920189453128,0.5162081100427497,-0.18321609109743692
2.741631176849353,0.9516899657628944,1.7899412110864583
0.9246769876142724,0.9665154899508489,-0.04183850233657649
1.9182659570371376,1.5080971258181106,0.41016883121902703
1.2939404160869916,1.65880857342103,-0.36486815733403843
1.1470668818262009,1.3315413027002445,-0.18447442087404364
1.8944184470694303,1.821968877915509,0.07244956915392131
2.3797909922335925,2.171231957860541,0.20855903437305168
2.0104190633517343,1.8856422886925768,0.12477677465915749
1.6404910692084769,1.4271494710931347,0.21334159811534215
0.9111867566601756,0.8642106580960962,0.04697609856407936
1.6603466640810538,1.527565132274678,0.13278153180637586
2.203536421822514,2.4895798523586423,-0.28604343053612835
0.699927207035198,0.7391992943682224,-0.03927208733302445
0.6320510915061274,0.6754023757979021,-0.043351284291774705
0.3102023894224195,0.4338500673832152,-0.12364767796079568
1.7294027226671134,1.6214097191671497,0.10799300349996366
0.8533559806140013,1.2528818056942217,-0.3995258250802204
0.6074214740744422,0.6036157359626644,0.0038057381117778677
0.9272086663591788,0.8292524149089051,0.09795625145027365
0.2383388798701212,0.3894746544460598,-0.15113577457593858
1.7381777019588216,1.9543119750350348,-0.21613427307621325
2.123137537890458,1.924179104168991,0.1989584337214667
0.6280365723173231,0.7219106995154222,-0.09387412719809907
2.5809373900946517,2.4335811095875837,0.14735628050706806
0.9904373430132184,0.7488729606413852,0.2415643823718332
0.6926486306435917,0.7217688518979662,-0.029120221254374523
2.514349717525372,2.6106719333442028,-0.0963222158188306
0.7695574141575963,0.9132517264995862,-0.14369431234198993
1.363606790012436,1.1747018954180688,0.1889048945943672
1.584143133859368,1.46164557521987,0.12249755863949785
1.8458825502923253,1.4905433426406907,0.3553392076516346
0.6822868313175823,0.6462407079050569,0.03604612341252533
0.2556266289415775,0.3830980450784024,-0.1274714161368249
2.53753718340078,2.452862101017611,0.08467508238316901
2.357765387152906,2.353157275540406,0.0046081116124998545
2.387734134295736,2.374316468148784,0.013417666146951834
0.8414209237098946,0.8529989088486026,-0.011577985138708002
0.119060644181979,0.14910125840134622,-0.030040614219367226
0.2461147503732391,0.3446441854925796,-0.09852943511934048
2.058837419348071,2.3592232027518865,-0.3003857834038155
0.4276135120361931,0.5692234825828737,-0.14160997054668062
1.019687274154358,0.9909172340220805,0.028770040132277352
0.5335642675105299,0.5317374662176585,0.0018268012928713828
1.8303850586045716,1.6963736591652157,0.13401139943935592
1.386021188542328,1.2346991348007437,0.15132205374158425
1.3596193959892082,1.1734165277946251,0.1862028681945831
0.7893271127147086,0.9094639489674701,-0.1201368362527615
1.2095631800223452,1.2734998043635068,-0.06393662434116165
1.269586570623471,1.3079181364456511,-0.038331565822180114
0.3479967363276185,0.39983799145963794,-0.051841255132019426
2.107857049046323,2.37042031504072,-0.26256326599439683
1.8381699707451584,1.815456492737294,0.022713478007864385
0.6736926860411044,0.7985669417216775,-0.12487425568057309
1.4759681178457686,1.527565132274678,-0.051597014428909294
1.0611661179490437,1.0027770814703256,0.05838903647871807
0.5732483318369392,0.5809479084390741,-0.007699576602134828
2.0894707321614394,2.3137751562518556,-0.22430442409041618
0.3179285304131192,0.40159104221511166,-0.08366251180199247
0.9860159468471016,1.0325150545321193,-0.04649910768501775
0.9401202279582016,1.1435180006844525,-0.20339777272625092
0.2604006517538538,0.4275098197158614,-0.1671091679620076
2.2408967670911597,2.207119709913443,0.03377705717771651
1.7178519383934774,1.5967459771076593,0.12110596128581808
1.6801299250943706,1.828599935088919,-0.1484700099945484
1.3234163899370457,1.3636245468205754,-0.040208156883529744
2.094375859729696,1.9311829234656235,0.16319293626407272
1.5316153207212932,1.7130162396798299,-0.1814009189585366
2.120316526240189,1.9719005889440018,0.1484159372961873
0.2357710343221685,0.24826307606926568,-0.012492041747097171
2.172478149010061,1.981427337314037,0.19105081169602411
1.399692253764823,1.3568939150292858,0.04279833873553729
2.309215925641085,2.2280199905971125,0.0811959350439726
0.4064107025476012,0.4031310152357443,0.0032796873118569048
1.2707936388460364,1.2390442887500734,0.031749350095962914
0.1823887796076876,0.39131409704244186,-0.20892531743475426
0.2276334955354216,0.4248214602760041,-0.1971879647405825
0.1333103787595476,0.20830500625910486,-0.07499462749955726
1.131831600916246,0.9907297496603638,0.14110185125588215
2.301512389250395,2.3426297465788384,-0.04111735732844357
0.7485037929530913,0.7907012690773288,-0.04219747612423752
1.2482255312133224,1.1597479158155786,0.08847761539774379
1.7459174056588933,1.6319920497696845,0.11392535588920882
2.1183951618219967,2.13774004670008,-0.0193448848780835
0.0684315901025839,0.19341325182495545,-0.12498166172237155
1.3205049593804028,1.216958478130569,0.1035464812498339
1.2731083165194983,1.7099472560525049,-0.43683893953300656
1.9278004389396464,1.872520050873429,0.05528038806621738
0.4507467265677761,0.6608804321916172,-0.2101337056238411
0.0195656695071537,0.17650216398030671,-0.15693649447315303
0.5634064307161152,0.543338095855949,0.020068334860166126
1.5950293524624664,1.7451889620688077,-0.15015960960634134
1.9900074034709256,1.9864065781851106,0.003600825285815068
0.6973322363216689,0.7548339204746337,-0.05750168415296486
2.084656020967879,2.207119709913443,-0.12246368894556436
1.419945683724075,1.3979889137790975,0.021956769944977417
1.3850944133598295,1.3856980406014872,-0.0006036272416576338
1.3427294820044269,1.1863131877437743,0.15641629426065262
0.3529877602113394,0.3065988845543966,0.046388875656942774
0.3083217136386787,0.4384390198524132,-0.13011730621373446
0.9716938786634408,1.0577649327753598,-0.08607105411191895
2.1734094447581263,2.3137751562518556,-0.14036571149372934
0.0768177759450867,0.14094555779829887,-0.06412778185321218
0.3034030236142181,0.34205039432849277,-0.038647370714274654
0.3997966918265329,0.5496208706487973,-0.1498241788222644
1.6422632443299114,1.5020568068732019,0.14020643745670958
1.2126237988630748,1.12448327568066,0.08814052318241483
1.4185713439424834,1.3731069952807071,0.04546434866177629
0.3108895594397993,0.466084329114253,-0.15519476967445373
2.1778263203586765,2.204253345558019,-0.02642702519934259
0.9485064138007044,0.9025927935829555,0.04591362021774892
0.5367514702885049,0.49405418651300737,0.04269728377549753
0.823757943645437,0.8666582137402524,-0.04290027009481545
0.7798649634056206,0.7284127007826455,0.05145226262297509
1.078639222107633,0.9403254884620447,0.1383137336455884
1.2492698486955964,2.0482346509527805,-0.798964802257184
1.115059229231241,1.0434217445111384,0.07163748472010245
1.835285664594589,1.7451889620688077,0.09009670252578128
0.8746582488742618,0.5440899919814094,0.3305682568928524
2.3969205103708204,2.205350666191313,0.1915698441795075
0.6879650249655149,0.8292524149089051,-0.14128738994339018
2.1684907549868337,2.0292970807581288,0.139193674228705
0.2760970599722741,0.3446441854925796,-0.06854712552030551
1.7720660303375226,1.8072218730567406,-0.03515584271921801
1.3114225618830508,1.3661619870665325,-0.05473942518348163
1.6024435544287874,1.6593433882159054,-0.05689983378711805
0.5321401982165199,0.4338500673832152,0.09829013083330473
1.5321849484388972,1.5240801726631663,0.008104775775730877
2.012322343988653,2.2818418927561064,-0.26951954876745354
2.006684837202997,1.9634533692651803,0.04323146793781674
1.1259454478343387,1.2605563367237904,-0.13461088888945172
1.2422218358316393,1.092387268597133,0.14983456723450628
1.6520282910259083,1.6300101550607895,0.022018135965118812
2.386034291767722,2.2909862063238196,0.09504808544390242
1.249672204854174,1.1219836450619547,0.12768855979221927
0.5636912445749173,0.5915808594873888,-0.02788961491247155
1.8453038794182448,1.6315964903889153,0.2137073890293295
2.4426399170758955,2.4909992946348796,-0.04835937755898412
1.3014269516594048,1.0000897951512984,0.30133715650810644
1.3848638498321808,1.4797910333999005,-0.09492718356771968
1.0999957406990473,1.1308218319540557,-0.03082609125500846
1.0215317831350528,1.1755426230077204,-0.15401083987266762
2.362489679440092,2.411837922511288,-0.04934824307119623
0.1679582107617206,0.18769965219558576,-0.019741441433865164
1.009198890891103,0.7213692458702816,0.2878296450208213
1.5841793006624143,1.9543119750350348,-0.37013267437262054
1.154191749368153,1.1660600455910761,-0.01186829622292307
0.9140439368856648,0.9778877743526019,-0.06384383746693711
1.3436336530932511,1.3568939150292858,-0.01326026193603469
1.7237064454910735,2.016798785512642,-0.2930923400215686
2.5447343840424885,2.5096914163238324,0.035042967718656115
0.4271388222715231,0.3973085475367318,0.02983027473479133
0.1248880261139988,0.31971234650448266,-0.19482432039048386
1.4707094593157053,1.4490721055696307,0.02163735374607456
0.9813142578940854,1.25896695206262,-0.27765269416853466
1.699750435367396,1.2578017305076976,0.4419487048596984
1.7021916969781032,1.46164557521987,0.2405461217582332
0.4283413696753536,0.4917776948205856,-0.06343632514523201
2.262199036110924,2.1452475671594815,0.11695146895144237
0.1583061855467645,0.1875002170899741,-0.029194031543209598
1.094647569350432,1.235950780469083,-0.14130321111865096
0.9895196094681898,0.7213692458702816,0.2681503635979082
2.062350123606629,1.9619273181351846,0.10042280547144422
0.9157799452040531,0.8463085419375121,0.069471403266541
1.7346695185189986,1.9543119750350348,-0.2196424565160362
0.860227680028295,0.7622824274993022,0.09794525252899278
2.114471059767391,1.9688986324878535,0.14557242727953756
0.5138488192845706,0.6349032357143796,-0.12105441642980896
1.4827313165977565,1.3731069952807071,0.10962432131704936
0.1689392362753718,0.23835401027387126,-0.06941477399849946
0.508360501542506,0.5915808594873888,-0.0832203579448828
1.0348411798207509,0.9831400348445632,0.05170114497618761
0.4965384658662723,0.5440899919814094,-0.04755152611513708
1.7156819279322,1.562142895177813,0.15353903275438707
2.5840477371819603,2.5950480494313917,-0.011000312249431321
1.650798618456501,1.6147556682669741,0.03604295018952697
2.031969978667751,2.062040049654577,-0.030070070986826014
0.0793856214930393,0.26021934406473896,-0.18083372257169966
1.4170885034985858,1.2916540584807317,0.12543444501785417
0.4234362421070973,0.466084329114253,-0.04264808700715572
0.4603671057984209,0.5053365113880669,-0.044969405589646017
1.29404891649613,1.311533503260643,-0.017484586764513033
1.3221189045802808,1.6890809881219366,-0.3669620835416558
1.3388234634779288,1.1870661644200224,0.15175729905790636
0.3063687045020137,0.3830980450784024,-0.0767293405763887
2.238003420315792,2.005471890786307,0.23253152952948497
1.7650677469859837,1.9864065781851106,-0.2213388311991269
0.2679595211855272,0.40705893397826154,-0.13909941279273436
1.808920039604019,1.6805811909161896,0.1283388486878294
2.2642967117002697,1.924179104168991,0.3401176075312786
1.196832452691721,1.2138069862702592,-0.016974533578538287
0.0420252767307293,0.17650216398030671,-0.1344768872495774
0.8206566371829265,0.5401593306103658,0.28049730657256067
1.6314493595860735,1.7175860880927212,-0.08613672850664766
1.4988255601560194,1.5967459771076593,-0.09792041695163989
2.2416201031520817,1.8768653460771432,0.36475475707493854
1.7075805559484991,1.7772696481057342,-0.06968909215723507
0.9721776100655802,0.9295199114779568,0.04265769858762347
1.7052251906532565,1.7130162396798299,-0.007791049026573349
1.588641384450312,1.6951917787088064,-0.10655039425849444
1.0189187288934165,0.9288123555607968,0.09010637333261973
2.453196113632844,2.3592232027518865,0.09397291088095772
1.0515773847027103,0.9884616834903228,0.06311570121238752
1.4896210995401569,1.4745675089703463,0.015053590569810593
2.275472265740408,2.205350666191313,0.07012159954909514
0.5727736420722692,0.6189067313929665,-0.04613308932069726
0.5598259136702001,0.7591668249971437,-0.19934091132694365
0.2638726683906305,0.4426174730419752,-0.17874480465134468
1.869607995369347,1.7395646372263653,0.13004335814298162
0.477220852980156,0.5184533949896114,-0.04123254200945542
1.1878630766754097,1.09228578319562,0.0955772934797896
2.3801390980610164,2.344189143749995,0.035949954311021326
1.4637346843734875,1.036371677490478,0.42736300688300943
2.3308798626913108,2.572873211957438,-0.24199334926612703
0.8828319547172229,0.8760487188974355,0.006783235819787348
1.7020922382064343,1.6192916622351958,0.08280057597123847
0.0603302181188832,0.2695129411882645,-0.20918272306938132
0.5663495072570691,0.6657495754120701,-0.09940006815500102
1.0156004213594614,1.1343733653163373,-0.11877294395687588
1.115059229231241,1.0762782845146683,0.03878094471657256
1.6314855263891197,1.4927358449498933,0.1387496814392264
1.4044301097740532,1.6491501925196723,-0.24472008274561907
1.6613593355790164,1.3856980406014872,0.2756612949775292
0.2023890416924488,0.29770372903802667,-0.09531468734557785
0.695053725451253,0.5793777538235668,0.11567597162768617
1.18398418306132,1.6166925291562844,-0.43270834609496434
1.2493467031204233,1.25896695206262,-0.009620248942196818
2.069285115749049,1.9623018622937571,0.1069832534552917
1.2251872546346732,1.2962138004317276,-0.07102654579705447
2.167948251675303,2.344907066253173,-0.17695881457787
0.890607824967173,0.864205228831373,0.026402596135799983
1.0971204769454508,1.0325150545321193,0.06460542241333145
1.6767754507573691,1.6980311803740968,-0.021255729616727725
0.5078541657935246,0.5915808594873888,-0.08372669369386421
1.2389532578101023,1.3079181364456511,-0.06896487863554879
0.988285416080048,1.005161363869042,-0.016875947788993928
0.7550183449024908,0.6754023757979021,0.07961596910458868
0.9349483700592504,0.9696855044339723,-0.03473713437472192
0.983845936638992,0.9831400348445632,0.0007059017944287538
1.7342129122824357,1.706724862043128,0.027488050239307782
0.1308691171488403,0.2857448918195993,-0.15487577467075897
1.6582128204228224,1.877198630932478,-0.2189858105096556
0.1879901188307931,0.39131409704244186,-0.20332397821164874
2.0539639377641263,2.138460433035246,-0.0844964952711198
0.7048911057533422,0.7076295149587525,-0.0027384092054102416
0.7151986550013667,0.6359394959671032,0.0792591590342635
0.7299547253279165,0.737585049822868,-0.00763032449495149
0.8276187537314194,0.8463085419375121,-0.018689788206092794
2.046780299325454,2.1876850446948097,-0.14090474536935593
0.4989752066582449,0.6796780174459144,-0.18070281078766948
1.6947051614056898,1.9543119750350348,-0.259606813629345
0.3560935874925846,0.5516949815541554,-0.19560139406157084
0.0743584308062724,0.1265115579681492,-0.0521531271618768
0.6677748869748856,0.608294709605499,0.0594801773693866
1.417956507531196,1.2676434704866968,0.15031303704449916
1.8333281351455248,1.84603688409994,-0.012708748954415094
0.8580938366232314,0.9186159385753527,-0.06052210195212138
0.3580511177011523,0.48244368190997344,-0.12439256420882117
0.6433351454490682,0.6200633157808249,0.02327182966824337
1.7493170884364102,1.9142310797739035,-0.1649139913374933
0.7411302786085514,0.8366975778458785,-0.0955672992373271
1.1719496673855443,1.0762617128900287,0.09568795449551559
0.1329893980976996,0.2782974933458358,-0.1453080952481362
0.8425782626732096,0.9188105706292264,-0.07623230795601688
2.1302940519230567,2.0159133296032827,0.11438072231977392
1.399185918015842,1.7560863404932154,-0.3569004224773735
0.8714755671681896,0.7646834869436643,0.10679208022452535
1.7576309406728206,1.6057501243038184,0.1518808163690022
0.4609050875317134,0.6769455441417789,-0.2160404566100655
1.2491116187740396,1.3151209992468806,-0.066009380472841
2.4918946308673635,2.342568088414173,0.14932654245319066
2.6796728611460043,2.342568088414173,0.3371047727318315
1.5942110776891063,1.4870610950724619,0.10714998261664443
0.5420318288497623,0.5513863395434156,-0.00935451069365334
2.187333677855112,2.1354557598933104,0.05187791796180141
2.556090770832018,2.588411628904523,-0.032320858072504954
1.0972741860482726,1.1733222712656113,-0.07604808521733863
1.9564807438821896,1.9101584792303419,0.046322264651847744
1.667869366709681,1.3825703364005697,0.2852990303091112
0.596634714243013,0.543338095855949,0.0532966183870639
0.3274178048877836,0.39732410048473,-0.06990629559694639
1.8721577578955284,1.7955670717022525,0.07659068619327591
0.0038330944856874,0.22848776911812468,-0.2246546746324373
0.343548215249093,0.37960008417316526,-0.03605186892407225
1.100780561109968,1.347532963505382,-0.24675240239541418
1.847378952179756,1.6951917787088064,0.15218717347094946
1.483260256693579,1.4419942183961934,0.04126603829738573
0.2226424716517008,0.3446441854925796,-0.12200171384087877
1.3011692629661795,0.8045108303564338,0.49665843260974574
0.3069473738570871,0.37541700979625203,-0.06846963593916494
0.8260364545158527,0.9083025891630574,-0.08226613464720467
1.6767664091199,1.912330559954565,-0.2355641508346651
0.9123350537328532,1.0672893369789627,-0.1549542832461095
0.9843884391910194,1.0918203192123939,-0.10743188002137449
0.517045063700015,0.545778197809412,-0.02873313410939693
1.26290926793378,1.8517700854200607,-0.5888608174862806
0.3153019137152786,0.41484329770723827,-0.09954138399195966
0.6972689443530462,0.6359394959671032,0.06132944838594301
0.1719456047849483,0.30569712263208737,-0.13375151784713907
0.0956968661227471,0.26729173172958665,-0.17159486560683956
0.772957097188281,0.7661539466025356,0.006803150585745432
0.9378778838908324,0.9736058652964424,-0.035727981405610065
2.68954640825114,2.7359735070624875,-0.046427098811347545
2.4606103145864937,2.39852675735271,0.06208355723378389
1.059868632592279,1.2085349867388129,-0.14866635414653384
1.9689944698882016,1.4362742358863771,0.5327202340018244
1.4576676970231817,1.3529860599385757,0.10468163708460598
0.201059910351373,0.35452035474325383,-0.15346044439188083
0.7934410906751816,0.737585049822868,0.05585604085231366
2.286611652217996,2.205350666191313,0.08126098602668286
2.2688718172223763,2.3616636602167977,-0.09279184299442145
0.6737876239940385,0.6672925499644964,0.006495074029542081
1.2276465997734871,1.3770436915815252,-0.14939709180803806
1.4104744927775177,1.5315893532830336,-0.1211148605055159
2.381911273182451,2.171981103933935,0.20993016924851604
1.4044301097740532,1.4271494710931347,-0.022719361319081477
2.437499705414424,2.411837922511288,0.025661782903136032
1.320125207568667,1.1858643635215587,0.13426084404710825
1.1174221293087645,1.6890632957729768,-0.5716411664642123
0.0793494546899932,0.1880191348084864,-0.10866968011849319
0.4589746824887222,0.4917776948205856,-0.03280301233186339
0.2371046864819792,0.33535163859982314,-0.09824695211784396
1.6787058558003607,1.9027196211001793,-0.22401376529981865
0.5233109685936587,0.5362590232265577,-0.012948054632899053
1.6972504026068007,1.5240801726631663,0.1731702299436344
0.5580899053518116,0.6036157359626644,-0.0455258306108528
2.3953924624990783,2.138460433035246,0.2569320294638322
1.9966982683636527,1.8944094803105604,0.10228878805309227
1.026305805694161,0.5714586754969501,0.4548471301972109
1.234712695912384,1.0672893369789627,0.1674233589334213
0.6231540490959085,0.48542898479566,0.13772506430024856
1.3276569518347636,1.2580063800424213,0.06965057179234235
1.733801514486388,1.755066769416599,-0.02126525493021081
2.2568779891683817,2.344907066253173,-0.08802907708479113
1.5372483059287103,1.6848272877710866,-0.14757898184237628
1.7689918490405887,1.5472545596534903,0.22173728938709836
0.6380909536908569,0.7661539466025356,-0.12806299291167866
1.7715235277854953,1.7177180365423035,0.05380549124319178
0.9747725807791092,0.9266552759528539,0.048117304826255314
1.468924625800546,1.476613514018042,-0.007688888217496137
0.0712480827062924,0.1711813874861151,-0.09993330477982271
0.1504896274218657,0.2695129411882645,-0.11902331376639882
1.2566433630401366,1.1822036484342429,0.07443971460589371
0.630315083187739,0.7219106995154222,-0.0915956163276832
2.219956166101856,2.362748802633143,-0.14279263653128682
2.084565604593183,2.0347683120975146,0.049797292495668444
2.0465361720757613,1.8943724070279433,0.15216376504781803
2.2894733530090527,2.1573336367237816,0.1321397162852711
0.8336088864037304,1.0886799797059645,-0.2550710933022341
0.944550665761788,0.9603812684716189,-0.015830602709830832
1.7811439070161397,2.340549430552379,-0.5594055235362392
1.8738395166422672,1.8521233069187995,0.021716209723467772
0.9795782495756972,0.9275230803496175,0.05205516922607967
1.0148363969172547,0.9251843699494554,0.08965202696779928
1.0855470883249732,0.9453074045108335,0.14023968381413965
0.1798571008627811,0.2700678427675567,-0.0902107419047756
2.521596647932667,2.37042031504072,0.15117633289194687
1.634686291623299,1.4317396666680164,0.20294662495528248
1.0375582136527906,1.1613607090166485,-0.1238024953638579
0.5214890639598058,0.5513863395434156,-0.029897275583609884
1.5109052845254782,1.3718086716084563,0.1390966129170219
1.011549735367611,0.9453074045108335,0.06624233085677755
1.3496825569154502,1.454097721370135,-0.10441516445468468
1.0813246099553615,1.2962138004317276,-0.21488919047636612
1.164101463276335,1.1644193665090072,-0.0003179032326723341
1.480095658262446,1.3980190264855286,0.08207663177691749
1.61915263414517,1.6192916622351958,-0.00013902809002575012
2.383240404523528,2.307408647761279,0.07583175676224885
1.1051856821261057,0.9408831357254206,0.1643025464006851
2.4704476966607576,2.632557141628749,-0.1621094449679914
1.477595625501851,1.6319920497696845,-0.1543964242678335
1.198604627813155,1.1235221954493702,0.07508243236378487
1.6678331996534672,1.3856980406014872,0.28213515905198006
1.137338002186418,1.9719005889440018,-0.8345625867575839
0.9724624239243824,0.8642106580960962,0.10825176582828622
0.836954319103262,0.8642106580960962,-0.027256338992834195
1.7727893671579484,1.755066769416599,0.017722597741349544
0.5204040588557509,0.5785435466131446,-0.05813948775739364
1.8095348757621383,1.9196019448935087,-0.11006706913137032
1.2584245797990408,1.3282403060191004,-0.0698157262200596
2.1389424462648483,2.061886649705281,0.07705579655956729
0.2255539022083433,0.2915752326739139,-0.0660213304655706
2.169214091047756,1.3845671535396822,0.784646937508074
2.484914430537596,2.8648496983101337,-0.3799352677725376
1.4778171473920303,1.4578319775684532,0.01998516982357712
0.7483636465596418,0.8883731460077632,-0.14000949944812136
0.3174221946641377,0.37693961943373755,-0.05951742476959987
1.8664614807194888,1.6367700293686593,0.22969145135082947
1.5297843744499708,1.4767273348128884,0.053057039637082415
2.5388437093823426,2.5470122666629953,-0.008168557280652688
1.5039612512519245,1.4474179350968421,0.056543316155082346
2.458801974434188,2.343244271196313,0.11555770323787495
2.16602236821055,2.1452475671594815,0.020774801051068437
1.716188263681181,1.658702466326771,0.05748579735440984
1.933623300052932,1.8235666236011945,0.11005667645173745
0.2699848641814524,0.3842816240420833,-0.11429675986063093
1.8306698724633728,1.8944094803105604,-0.06373960784718768
1.5054440916958225,1.4245817932784717,0.08086229841735082
1.8685229912779635,1.847948165970054,0.02057482530790944
1.487396839000894,1.5295434976461941,-0.042146658645300095
1.0028425688632605,0.9756102509103476,0.02723231795291292
0.3173272567112039,0.5378360526216596,-0.2205087959104557
2.3642528139367287,2.058142939870624,0.30610987406610457
1.589116074214982,1.4572897576370778,0.1318263165779041
0.119820147805451,0.26021934406473896,-0.14039919625928796
2.461216109866647,2.6293060092688076,-0.16808989940216046
0.2996778391029505,0.5102145820512172,-0.2105367429482667
0.1588758132643684,0.1797498752256437,-0.02087406196127531
1.8629171304766197,1.8914204918400548,-0.02850336136343512
2.216990486733068,2.483187779707663,-0.2661972929745948
1.464792564311966,1.2734998043635068,0.19129275994845907
1.5179216511519564,1.3282403060191004,0.18968134513285606
0.3970389703727123,0.32372031797649725,0.07331865239621504
2.074312305676312,1.9937977896709662,0.08051451600534598
1.765194330923229,1.6315964903889153,0.13359784053431367
1.187148781492453,1.12448327568066,0.06266550581179309
2.2165610051557456,2.1502777918386267,0.06628321331711895
0.102261147331397,0.18769965219558576,-0.08543850486418876
1.3078646491839774,1.3046537655733061,0.0032108836106712335
1.8094354169904696,2.006576302898922,-0.19714088590845225
0.5404043209405122,0.4860712680240725,0.05433305291643964
0.9154680061796748,0.8760487188974355,0.03941928728223931
0.4852137243015506,0.6289923984665902,-0.1437786741650396
1.3621149079310686,1.4578319775684532,-0.09571706963738458
1.138814814703224,1.1343733653163373,0.004441449386886731
0.6175481890540682,0.7128823512250427,-0.09533416217097457
0.1783019268127911,0.26924067700769005,-0.09093875019489894
1.4150993273057066,1.3264444217284161,0.0886549055772905
0.7576585240565356,0.737585049822868,0.020073474233667565
0.3243797903938959,0.39732410048473,-0.07294431009083407
1.007969218321696,0.9266552759528539,0.08131394236884204
1.6070729097757113,1.668628273324586,-0.06155536354887481
2.306828914614699,2.16766808937442,0.13916082524027917
0.7755249427362335,0.824392157775187,-0.048867215038953526
0.7604026830541519,0.45843564181411467,0.30196704124003726
2.4329065161110424,2.37042031504072,0.062486201070322434
1.1486989105541858,1.09228578319562,0.05641312735856574
2.310662600294608,2.3878388675539455,-0.07717626725933746
2.565616212109729,2.500345796978239,0.06527041513148957
2.3966673424963294,2.579772516228333,-0.18310517373200375
2.248808263168992,2.171231957860541,0.07757630530845105
0.0340324051561668,0.17650216398030671,-0.14246975882413992
0.6641672447633936,0.61594208688768,0.048225157875713576
2.446107413147105,2.353157275540406,0.09295013760669901
0.9213858052458938,0.9275230803496175,-0.006137275103723749
1.9235327526358552,1.726363164826243,0.19716958780961225
1.608483416613517,1.4271494710931347,0.18133394552038218
1.7891819870312178,1.7118436048786303,0.07733838215258748
0.95350195850316,0.9900412539933301,-0.0365392954901701
0.5170767096843263,0.49035633942492246,0.026720370259403825
0.4498787225351658,0.5102145820512172,-0.06033585951605136
1.9194685044409685,2.5780324995119415,-0.658563995070973
0.9267023306101974,1.0916908146366497,-0.1649884840264524
0.8127134951207825,0.7876086540061812,0.025104841114601317
1.169743490121221,1.235950780469083,-0.0662072903478621
0.5166065407383912,0.5945895303482558,-0.0779829896098646
2.113173574410627,1.9520635903540955,0.16110998405653132
0.634980605590877,0.5220179556120887,0.11296264997878824
1.331011426171765,1.31002954189201,0.020981884279754892
1.4677582451997615,1.9027196211001793,-0.43496137590041783
2.2331932307004694,2.068596411264288,0.16459681943618154
1.699528913477217,1.9543119750350348,-0.25478306155781794
0.2364943711425944,0.41110313610888827,-0.17460876496629388
0.1992425267894227,0.2782974933458358,-0.07905496655641311
0.3314097197297462,0.42011375806648266,-0.08870403833673646
0.741455780089134,0.8588639071175588,-0.11740812702842474
0.5776787696405257,0.5785435466131446,-0.0008647769726188859
1.366925097546391,0.982931655357878,0.38399344218851295
0.9581267930313492,0.8872618360253028,0.07086495700604634
2.075541977486216,1.782066115857881,0.29347586162833483
1.2575565757664302,1.1822036484342429,0.07535292733218735
1.85911961235926,1.6848272877710866,0.17429232458817334
1.0073543821635762,0.9251843699494554,0.08217001221412079
1.612407518668122,1.3825703364005697,0.22983718226755223
2.05029752516225,1.828599935088919,0.22169759007333112
1.988452228661432,1.9623018622937571,0.02615036636767476
0.6516037889917953,0.8679200195639803,-0.21631623057218508
2.43232784776864,2.5353636119367504,-0.10303576416811033
0.6817081617093407,0.665496529775002,0.01621163193433872
0.1415564182086008,0.2663895604007346,-0.12483314219213379
0.275681141357492,0.49518651906741096,-0.21950537770991896
1.432500097858204,1.463521756494656,-0.03102165863645201
0.3279286614554998,0.377670611877022,-0.049741950421522185
1.235788659378969,1.2676434704866968,-0.0318548111077277
0.9741080151085716,1.3737444649433852,-0.3996364498348136
1.7369841964456283,1.6880555850502204,0.04892861139540794
0.1381929019809622,0.2119986759914615,-0.07380577401049929
0.8577683351426486,0.6920163542621621,0.16575198088048648
0.1268365146850969,0.18187776427714136,-0.055041249592044456
1.8449060438252336,1.6825621100786312,0.1623439337466024
1.5682613705538149,1.4419942183961934,0.12626715215762152
1.5705398814242306,1.7369228497510314,-0.16638296832680077
0.5899167239315412,0.5513863395434156,0.038530384388125505
1.6568068346569196,1.4572897576370778,0.19951707701984178
1.0660712455172998,0.928296227449245,0.1377750180680548
1.109670370260845,1.2346991348007437,-0.12502876453989864
0.630315083187739,0.5578769235337505,0.07243815965398848
1.453834012102776,1.3254532698037784,0.12838074229899754
1.4419351220017154,1.3979889137790975,0.043946208222617855
0.1126591137136206,0.1753857110662074,-0.0627265973525868
1.52060251818095,1.3827908009471812,0.13781171723376873
2.167478083488871,2.107446802497849,0.06003128099102195
1.0577799976277311,1.0218353246543939,0.035944672973337255
0.4556202081517212,0.45843564181411467,-0.0028154336623934517
0.531760446404784,0.4851516997892739,0.04660874661551012
0.6344833114793652,0.34205039432849277,0.29243291715087244
0.3320426394159728,0.3842816240420833,-0.05223898462611054
0.9052553948845844,0.8588639071175588,0.04639148776702562
1.4135803200587629,1.3046537655733061,0.10892655448545674
1.8090285400131567,1.8935185179814344,-0.08448997796827773
1.414484491147587,1.3825703364005697,0.0319141547470172
1.251625213990839,1.4029522209575034,-0.15132700696666435
1.241787833941918,1.1611826587003102,0.08060517524160771
0.7025402612768342,0.649907096424685,0.052633164852149195
0.3811978946889396,0.4732950217270007,-0.09209712703806111
2.1784366346853896,2.205624301413038,-0.027187666727648274
2.066875499363149,2.0482346509527805,0.018640848410368616
0.0485051687322716,0.5569737854508197,-0.508468616718548
0.1204349839635706,0.32865491044820455,-0.20821992648463394
0.6151250107183,0.5578769235337505,0.057248087184549434
2.3796644082963465,2.318937645161017,0.06072676313532943
0.780751050966338,0.7284127007826455,0.052338350183692484
2.230878552267504,2.4941817035958156,-0.2633031513283117
1.0517310938055322,1.2085349867388129,-0.15680389293328068
1.3228377205819717,1.454097721370135,-0.13126000078816324
0.7762256752098176,0.7609432384929463,0.01528243671687124
1.855417032194834,1.764018184498623,0.0913988476962111
1.1361444964200569,1.2580063800424213,-0.12186188362236439
1.1774651102931857,1.8390994120848354,-0.6616343017916497
0.2118647534577413,0.3482807669436208,-0.1364160134858795
1.172492169937572,1.0325150545321193,0.13997711540545277
1.8521032444669423,1.9719005889440018,-0.11979734447705948
2.1569083247288865,2.0159133296032827,0.14099499512560376
0.492108028062686,0.5401593306103658,-0.04805130254767981
0.5549253069206784,0.578685654057417,-0.02376034713673858
1.5690253949960216,1.7790281391571057,-0.2100027441610841
1.2020404776468858,1.1932141684221307,0.008826309224755136
1.927285062565867,1.828599935088919,0.09868512747694802
1.823459109618628,1.8521233069187995,-0.028664197300171557
1.882917392561381,2.0627064789981153,-0.1797890864367344
0.968981365650136,0.8292524149089051,0.13972895074123093
1.252117987283616,1.092387268597133,0.15973071868648292
1.1107192085618536,1.6890809881219366,-0.5783617795600831
2.125741551760464,2.068596411264288,0.05714514049617625
0.2670417876404986,0.3894746544460598,-0.1224328668055612
0.8030479074496222,0.7330675785108064,0.06998032893881578
0.2002371147592784,0.3894746544460598,-0.18923753968678136
1.866588064656734,2.483187779707663,-0.6165997150509288
1.4785133590468795,1.4870610950724619,-0.008547736025582342
1.8209997634671424,1.821968877915509,-0.0009691144483665592
1.4875053394100322,1.4474179350968421,0.04008740431319002
0.5138804652688819,0.5272376048753873,-0.01335713960650542
1.3907906905358691,1.359924737126524,0.03086595340934517
0.1504172938157735,0.2957587901280847,-0.1453414963123112
0.9434747022952028,0.7771653146492109,0.1663093876459919
0.7381239100989749,0.7217688518979662,0.016355058201008688
0.4587034310861246,0.5578769235337505,-0.09917349244762591
1.965545057598267,2.3785884872911494,-0.41304342969288244
2.510339718142632,2.632557141628749,-0.12221742348611686
0.3098768879418366,0.3482807669436208,-0.038403879001784214
2.121799365924584,1.8641234955080739,0.2576758704165103
2.4889379921233736,2.452862101017611,0.036075891105762814
0.9910793043369146,1.2138069862702592,-0.22272768193334458
1.2821500263950694,1.0788096959094817,0.20334033048558764
0.9509431545926772,0.8912399662142716,0.0597031883784056
1.0529381620280975,0.9907297496603638,0.06220841236773378
1.0507907559136618,1.0708892978506328,-0.020098541936971026
0.4004386531502291,0.32372031797649725,0.07671833517373183
1.8859554070552689,2.006576302898922,-0.12062089584365299
0.0993497167747545,0.3032630869366185,-0.203913370161864
1.7806375712671585,1.7636568081919575,0.016980763075201022
1.5541789075352723,1.65880857342103,-0.10462966588575773
1.7096556284568427,1.5437846912463167,0.16587093721052604
1.160661092623869,1.2051128011109673,-0.04445170848709834
0.9587913587018873,1.060362454389656,-0.10157109568776868
1.4118669160872162,1.3770436915815252,0.034823224505690975
1.031730831720771,1.0027770814703256,0.02895375025044533
2.31627750172075,2.3592232027518865,-0.04294570103113626
0.5512182059375179,0.5785435466131446,-0.02732534067562664
0.3798597217103943,0.3065988845543966,0.07326083715599768
1.20753783702642,1.385053654460771,-0.17751581743435096
0.6592621171951373,0.608294709605499,0.05096740758963825
0.8722712375947077,0.7313669934128676,0.1409042441818401
0.1171076347921461,0.16794344990697233,-0.050835815114826224
1.2408836628530937,1.3079181364456511,-0.06703447359255743
0.5843244263459053,0.5401593306103658,0.044165095735539506
0.7133451043832025,1.782066115857881,-1.0687210114746786
2.1552175253573496,2.110228279852623,0.044989245504726494
1.9685243017017704,2.3731014371098054,-0.40457713540803497
0.9648221792491471,1.0786805041296499,-0.11385832488050274
0.2363451828585072,0.31971234650448266,-0.08336716364597546
2.512509728857077,2.3878388675539455,0.12467086130313154
0.2901750021720816,0.377670611877022,-0.08749560970494041
1.3356769483217348,1.3770436915815252,-0.041366743259790395
0.9176606207346264,0.6670700182537066,0.2505906024809198
1.5101096138457923,1.8877455534835765,-0.3776359396377842
1.274591156963396,1.1409964550057072,0.13359470195768886
0.4743998393045449,0.5692234825828737,-0.09482364327832882
0.759927993289482,0.867665777356187,-0.10773778406670498
2.39699284549592,2.579772516228333,-0.1827796707324132
1.2952514638999606,1.1582990167868703,0.1369524471130903
1.9236774203543756,1.872520050873429,0.051157369480946624
1.4655068594949223,1.4578319775684532,0.007674881926469146
1.1528445344989702,1.2126313531919195,-0.05978681869294933
2.40469638188661,1.8943724070279433,0.5103239748586665
0.8709330646161622,0.7083252064948886,0.16260785812127354
2.351639628399544,2.5780324995119415,-0.22639287111239748
2.5142547795724384,2.5096914163238324,0.004563363248605956
0.8512221372089377,1.3859309777128939,-0.5347088405039562
0.7501719884841225,0.8457994982152557,-0.09562750973113321
0.9743295369987508,0.9454514990533759,0.028878037945374913
0.1655350324259524,0.23835401027387126,-0.07281897784791885
0.722459147864866,0.7622824274993022,-0.039823279634436215
1.7560441206385191,1.6417320618209639,0.11431205881755524
2.063787755103675,1.8388479702000777,0.22493978490359745
1.7994036399637778,1.5259525564463063,0.2734510835174715
0.1677999808401639,0.3446441854925796,-0.17684420465241568
0.7130286445400892,0.7952035095970185,-0.08217486505692928
1.6419015760462825,2.1187891558454277,-0.4768875797991452
1.4196925158495843,1.4317396666680164,-0.012047150818432106
1.4294213957425352,1.3299308946903325,0.0994905010522027
0.5259692312758104,0.4749985463120322,0.05097068496377821
1.133829818746595,2.062040049654577,-0.928210230907982
2.5148605748525923,2.5950480494313917,-0.08018747457879938
0.1320083725840483,0.15281386930524138,-0.020805496721193084
0.6903882033012831,0.824392157775187,-0.1340039544739039
0.9019868168630476,0.5793777538235668,0.3226090630394808
0.899328554180896,0.7453610571042032,0.15396749707669277
0.2603283181477615,0.3740198881934197,-0.11369157004565822
0.3438782375484107,0.3873342910953513,-0.0434560535469406
1.0541181050850863,0.9698506550728098,0.08426745001227653
1.8130114132176505,1.6315964903889153,0.18141492282873517
2.1497924998370754,2.223433572893155,-0.0736410730560797
0.9365442317310216,1.0026950810433797,-0.06615084931235804
2.383647280741336,2.39852675735271,-0.01487947661137401
1.1222564301261173,1.4674178378705052,-0.34516140774438786
0.7490869831268996,0.7155296227545702,0.03355736037232937
0.4818547291458148,0.5632972505896476,-0.08144252144383285
1.9151646505746276,1.5456654292434955,0.3694992213311321
1.8711134404132543,1.68370278902544,0.18741065138781443
2.266466722414715,2.4364206376524473,-0.1699539152377323
0.377834378714469,0.3824000701792152,-0.004565691464746169
1.8904762612335504,2.523452552134959,-0.6329762909014085
1.4127484828291983,0.9481750489449023,0.46457343388429595
1.766460170295682,1.6246702712116252,0.1417898990840567
0.7672698616497108,0.8274307604768473,-0.06016089882713649
1.247574527998989,1.097230644630641,0.15034388336834792
1.3859488549362358,1.2126313531919195,0.17331750174431626
0.1137441188176754,0.26729173172958665,-0.15354761291191124
2.328167351197013,2.6055011964303914,-0.27733384523337845
1.3806956215405548,1.3511181996624384,0.029577421878116406
1.7563967472846789,1.5983605466163007,0.1580362006683782
0.4780888570127663,0.49035633942492246,-0.012267482412156139
1.732725551019803,1.8131592279717565,-0.08043367695195358
0.6110019911203572,0.5220179556120887,0.0889840355082685
1.6913326035405818,1.7387450231623807,-0.047412419621798874
0.2000788848377217,0.20157896845965823,-0.0015000836219365155
0.7272783791176577,0.7876086540061812,-0.060330274888523494
0.9370460466612678,0.9008609029370713,0.036185143724196456
0.9559613036419744,0.6670700182537066,0.2888912853882678
1.1560407789144145,1.1219836450619547,0.03405713385245979
1.4975958875866122,1.6327139529395078,-0.1351180653528956
1.2780270067971269,0.934651355865292,0.34337565093183486
0.34004003180927,0.5440899919814094,-0.2040499601721394
1.0282949818870402,0.9713499154271105,0.056945066459929694
1.142075858195648,1.2000898909952797,-0.05801403279963169
1.481741249446635,1.4245817932784717,0.057159456168163425
1.36085358937735,1.1582990167868703,0.2025545725904796
0.0838703096277788,0.15836357639409168,-0.07449326676631288
2.484412616366853,2.5470122666629953,-0.06259965029614234
0.9323081906520378,1.09111688490765,-0.15880869425561217
0.8255934107354942,0.7330675785108064,0.0925258322246878
1.3685119175806923,1.5401285182228392,-0.1716166006421469
0.4807154737106067,0.6869390131003621,-0.2062235393897554
0.0630517727696576,0.18763376718880975,-0.12458199441915216
0.3648143167063075,0.4338500673832152,-0.0690357506769077
1.7863022024588868,1.6673340609830494,0.11896814147583745
1.6202376392492248,1.4429018412163312,0.17733579803289357
2.473779565638246,2.579772516228333,-0.10599295059008718
1.1295982984863462,1.0325150545321193,0.09708324395422685
1.87503754246786,1.8131592279717565,0.06187831449610348
2.370446386236951,2.3332735903087523,0.03717279592819889
2.1461170440787223,2.005471890786307,0.14064515329241534
1.1410270198946395,1.0859651257170033,0.055061894177636184
1.254776249965768,1.226664998338807,0.028111251626961042
1.6037817274073327,1.4271494710931347,0.176632256314198
1.2301059446591338,1.1755426230077204,0.05456332165141342
1.535643402366302,1.5891380576960694,-0.05349465532976749
2.218111658387001,2.4335811095875837,-0.2154694512005828
1.59120470917953,1.7130162396798299,-0.1218115305002998
2.41159520646648,2.3628807257088287,0.04871448075765139
1.3341127326342752,1.2740896420024679,0.06002309063180733
1.419683474212115,1.7395646372263653,-0.3198811630142504
1.747002410762948,1.7395268323543254,0.007475578408622674
2.559666767059199,2.5096914163238324,0.04997535073536641
1.445298637976186,1.30604076432896,0.13925787364722608
0.6354959829773278,0.737585049822868,-0.1020890668455402
1.6120910588250086,2.523452552134959,-0.9113614933099503
1.1840293915018358,1.1400451641911546,0.04398422731068119
0.2820645885509113,0.32677585658372627,-0.044711268032814944
1.7097505664097763,1.6880555850502204,0.021694981359555943
1.5752822582521957,1.4474179350968421,0.12786432315535357
0.3117259174880981,0.35541994085801876,-0.043694023369920676
1.0545521072279755,0.8638418761009988,0.19071023112697671
2.3831138205862823,2.2499347097237594,0.13317911086252288
2.199304903081272,2.1876850446948097,0.0116198583864624
1.1004387844794057,1.0886799797059645,0.011758804773441156
1.9032341144892555,1.9096788272411676,-0.006444712751912052
1.7545612801946215,1.7395268323543254,0.015034447840296172
1.3143656384240046,1.3024350862667071,0.011930552157297436
1.61510194815332,1.2916540584807317,0.3234478896725883
0.9646775117837948,0.9696855044339723,-0.005007992650177484
2.0210204680960304,1.9634533692651803,0.057567098830850094
2.2235728514698248,2.1452475671594815,0.07832528431034325
1.869824995681288,1.6172421525811984,0.2525828431000896
0.2762417274376263,0.37960008417316526,-0.10335835673553895
1.886493388788561,2.2560295563855943,-0.3695361675970332
2.346151310910647,2.37249853579441,-0.026347224883763065
1.0624364781402316,1.0859651257170033,-0.023528647576771755
0.587819047076356,0.6036157359626644,-0.015796688886308363
2.043330887035519,1.9864065781851106,0.056924308850408334
2.398077849587303,2.3332735903087523,0.06480425927855071
1.1410089363665323,1.0924443644955202,0.04856457187101215
1.2863589423084765,1.7451889620688077,-0.4588300197603312
0.6621780685705145,0.7876086540061812,-0.12543058543566665
0.8312218751241763,0.7330675785108064,0.09815429661336994
0.4259362748676925,0.4085860379171646,0.017350236950527897
1.0303112832454957,1.1755426230077204,-0.1452313397622247
2.4010073639252205,2.7359735070624875,-0.334966143137267
1.190105420489611,1.035424048781554,0.15468137170805707
1.0156004213594614,0.9454514990533759,0.07014892230608549
1.169273321175286,1.0762782845146683,0.09299503666061759
2.083498681751396,2.0482346509527805,0.0352640307986154
1.4953897103222888,1.4342581612589302,0.0611315490633586
0.1294405270360957,0.14910125840134622,-0.01966073136525051
0.0993497167747545,0.19341325182495545,-0.09406353505020094
1.6279456969649853,1.6520471378587707,-0.02410144089378541
1.0876221608333163,1.0090850037658452,0.07853715706747111
0.8847487970508419,0.7488729606413852,0.13587583640945666
1.8884237938315525,1.573972613373242,0.31445118045831055
0.5335642675105299,0.49405418651300737,0.03951008099752251
1.3226885322978847,1.3546459304216696,-0.03195739812378484
0.0962800562965554,0.26924067700769005,-0.17296062071113466
0.7517316833528473,0.6814855901111319,0.07024609324171549
0.0900141514029117,0.14694518620646993,-0.056931034803558225
0.5121580196598657,0.6608804321916172,-0.14872241253175145
2.566759989123175,2.500345796978239,0.06641419214493594
0.4204389152349904,0.5578769235337505,-0.13743800829876013
0.3761887875302799,0.3926573866850849,-0.016468599154804975
2.4597061432445018,2.5950480494313917,-0.1353419061868899
1.9138038732492404,1.4362742358863771,0.47752963736286325
0.8198021956065206,0.7453610571042032,0.07444113850231737
0.2005445329649221,0.23835401027387126,-0.03780947730894915
1.3021502884798306,1.1917779761320426,0.11037231234778799
1.677091910600483,1.9027196211001793,-0.22562771049969643
0.5936419081896408,0.6036157359626644,-0.00997382777302358
2.119724293163072,2.0565059824320073,0.06321831073106488
1.0379876949769449,0.8221892403328991,0.2157984546440458
0.8245807392375317,0.8684408248294406,-0.043860085591908904
0.1146030812128162,0.23835401027387126,-0.12375092906105506
1.6176291060794916,1.7790281391571057,-0.16139903307761405
0.4193222641466242,0.5043432362618847,-0.0850209721152605
0.8660053327010641,0.7663395556469673,0.09966577705409674
1.3053781788795866,1.1747018954180688,0.13067628346151783
0.1496035398611485,0.25623015032209234,-0.10662661046094385
2.4074495825216955,2.579772516228333,-0.17232293370663765
1.3340132738626065,1.2904397246244252,0.04357354923818124
2.5009363417556063,2.5950480494313917,-0.09411170767578536
0.7318715676615355,0.7166468389100794,0.015224728751456085
1.8957204540044337,1.5109875407229456,0.38473291328148806
2.1042810528191427,2.0488881783563953,0.05539287446274743
0.9865222825960832,0.8564733624670366,0.13004892012904656
0.4632966198831703,0.4031310152357443,0.060165604647425985
2.3862151270487924,2.632557141628749,-0.24634201457995664
0.575377654423268,0.5692234825828737,0.006154171840394351
0.516380498029477,0.6189067313929665,-0.10252623336348943
0.6225030458815748,1.060362454389656,-0.43785940850808114
0.1271620161656798,0.2119986759914615,-0.0848366598257817
1.5686411223655508,2.2560295563855943,-0.6873884340200436
0.9543337957327244,0.8546073604145697,0.09972643531815462
2.080989608366003,2.061886649705281,0.01910295866072209
1.1854398983396417,1.104875106406748,0.08056479193289379
1.4630068267343272,1.7177180365423035,-0.25471120980797624
2.309794596515166,1.7060062137041516,0.6037883828110142
0.5864447072947644,0.4426174730419752,0.1438272342527892
0.3588467881276703,0.37960008417316526,-0.020753296045494973
1.912899701907248,1.8033502805049684,0.10954942140227963
1.0990780071540185,0.9295199114779568,0.16955809567606173
1.3148086822043632,1.4572897576370778,-0.1424810754327146
0.9685111967042006,1.0916908146366497,-0.12317961793244914
1.0672737929211304,0.8205144201740837,0.24675937274704673
1.95658924403816,1.7636568081919575,0.19293243584620257
0.442464520315677,0.4749985463120322,-0.03253402599635519
2.0092481619322147,2.13774004670008,-0.12849188476786555
1.1583871025721877,1.0840613584696357,0.074325744102552
1.7843717974158957,1.5315893532830336,0.2527824441328621
1.5741610860919268,1.8003964388739824,-0.22623535278205553
0.5225017354577683,0.5648573386559513,-0.04235560319818299
0.5158741622804959,0.4754608165461295,0.04041334573436639
1.6324710727215055,1.4927358449498933,0.13973522777161218
1.793223631385599,1.5891380576960694,0.2040855736895295
0.6975221122275369,0.7907012690773288,-0.09317915684979194
1.992213581747921,1.036371677490478,0.9558419042574429
0.6337238078558931,0.6412195943854323,-0.0074957865295391946
0.772957097188281,0.7284127007826455,0.044544396405635456
0.2810609586904183,0.4248214602760041,-0.1437605015855858
0.2292248363884577,0.2915752326739139,-0.06235039628545619
2.185127502109796,2.2001781318430975,-0.015050629733301513
1.4833099862059975,1.8048927220816646,-0.3215827358756671
0.7592634276189439,0.7391992943682224,0.02006413325072154
0.2033700672061002,0.2526650373184599,-0.0492949701123597
0.2607758827468549,0.3446441854925796,-0.08386830274572465
1.0752169349832748,0.6670700182537066,0.40814691672956815
2.4487792380322944,2.39852675735271,0.050252480679584544
2.145271643127115,2.523452552134959,-0.37818090900784407
0.7737166008117528,0.8760487188974355,-0.10233211808568277
1.701359859748539,1.9101584792303419,-0.20879861948180278
0.9275884181709148,1.5874684678890372,-0.6598800497181224
0.7052120864151904,0.6039699443878663,0.10124214202732407
0.9035058241099916,1.005161363869042,-0.1016555397590504
1.3385115244535504,0.8564733624670366,0.4820381619865137
1.084859918560761,1.0090850037658452,0.07577491479491583
1.7648326626396,1.4638973298398483,0.3009353327997517
2.090989739408384,2.1502777918386267,-0.05928805243024282
0.59570341824178,0.6769455441417789,-0.08124212589999891
1.7201666160669395,1.457488743431764,0.2626778726351755
2.167984419237852,1.6417320618209639,0.5262523574168883
2.108815469200461,2.0402417963657387,0.06857367283472238
0.0623510402960735,0.23656161752960808,-0.17421057723353459
0.3760305576087232,0.42011375806648266,-0.04408320045775943
2.112382424802844,2.0482346509527805,0.06414777385006376
2.4539058874907296,2.344189143749995,0.10971674374073448
1.4838886555610709,1.4474179350968421,0.03647072046422872
1.2771816068581905,1.2580063800424213,0.01917522681576922
2.5040466888429145,2.4335811095875837,0.07046557925533081
2.025595573618137,1.9623018622937571,0.06329371132437989
2.2899390021489245,2.3048119439083568,-0.014872941759432212
1.1640788589294928,1.6327139529395078,-0.468635094010015
2.01112883720962,1.2138069862702592,0.7973218509393609
0.9726206538459392,1.0866743921081254,-0.11405373826218623
1.612027766856386,1.6890632957729768,-0.07703552891659071
2.4047596738552324,2.4895798523586423,-0.08482017850340995
0.5602599158130892,0.4860712680240725,0.07418864778901668
1.279943849130746,0.982931655357878,0.297012193772868
0.16485690429921,0.1797498752256437,-0.014892970926433713
1.9327281718674163,1.605314602804948,0.3274135690624682
2.396088674153928,2.3944767039764603,0.0016119701774677253
1.289175434912185,1.0352696889005266,0.2539057460116583
1.853866378963579,1.9805692293054284,-0.12670285034184947
2.403114082671043,1.7790281391571057,0.6240859435139372
0.9302105140500204,0.9277466968743072,0.002463817175713201
0.723914863143187,0.7607218363224659,-0.036806973179278946
0.2041250500108373,0.24826307606926568,-0.04413802605842837
1.910331855599792,1.9600102688979193,-0.04967841329812739
1.1962899501396933,1.347532963505382,-0.1512430133656888
0.4364608251871614,0.4085860379171646,0.027874787269996815
1.7432410594486347,2.1187891558454277,-0.375548096396793
0.3836934066308001,0.5317374662176585,-0.1480440595868584
0.1091916178955784,0.2893697075758382,-0.18017808968025978
0.6520784787564652,0.6672925499644964,-0.015214071208031199
2.045812836014839,1.9623018622937571,0.08351097372108174
0.6707179635158395,0.8054637568493082,-0.1347457933334687
0.1168183001146094,0.2119986759914615,-0.09518037587685209
1.9880769984279345,1.7387450231623807,0.24933197526555384
0.8545178403960508,1.097230644630641,-0.24271280423459018
1.1067046893730492,0.9665154899508489,0.14018919942220032
0.5730268099467599,0.5053365113880669,0.06769029855869302
1.0717313558902934,1.0786805041296499,-0.00694914823935644
1.3957591100727484,1.8121541744091634,-0.41639506433641493
0.9512912604201016,0.9909172340220805,-0.03962597360197895
1.5996948746124362,1.562142895177813,0.037551979434623295
0.7126488927283533,0.8054635142095502,-0.0928146214811969
0.6485070033480196,0.9058649537197746,-0.257357950371755
0.4481201098699356,0.3873342910953513,0.06078581877458433
1.7117126174370791,1.6367700293686593,0.0749425880684198
0.0311752249306775,0.14694518620646993,-0.11576996127579242
0.6617078996245794,0.7985669417216775,-0.1368590420970981
0.8064475902271389,0.6920163542621621,0.11443123596497673
1.8794092098810615,1.7048426026525976,0.17456660722846395
1.0904657786026015,1.8390994120848354,-0.7486336334822339
2.5530165887755807,2.7359735070624875,-0.18295691828690686
1.6406357366738291,1.5163728395109433,0.12426289716288585
0.1856437951730199,0.2526650373184599,-0.06702124214544
1.1611357823885389,1.31002954189201,-0.14889375950347117
1.0452210626748677,1.2138069862702592,-0.16858592359539148
2.3399939061729738,2.3465721376521156,-0.006578231479141827
2.4377031435233283,1.8660479658564746,0.5716551776668537
0.4256107733871096,0.5449357714350803,-0.1193249980479707
0.3899864366900202,0.38863925675886357,0.001347179931156628
1.0893807734985466,0.8513064042548664,0.2380743692436802
0.6648905815838195,0.6359394959671032,0.028951085616716332
0.203184712118967,0.19767481415721205,0.005509897961754939
0.2523354465731991,0.45843564181411467,-0.20610019524091555
2.3378238954585284,2.16766808937442,0.17015580608410863
1.9918157461549095,1.8033502805049684,0.18846546564994116
1.410976307707764,1.8768653460771432,-0.4658890383693792
0.5466973509997323,1.20707160304724,-0.6603742520475077
0.8321441294879397,1.3636245468205754,-0.5314804173326357
2.4853846012557064,2.5647973944436258,-0.07941279318791938
1.3103782444007768,1.3024350862667071,0.00794315813406965
1.3215718812095183,1.3046537655733061,0.01691811563621215
1.9597538424692929,1.924179104168991,0.03557473830030178
0.6573678789551923,0.6608804321916172,-0.0035125532364248535
2.377734003253356,2.363514949896423,0.014219053356932854
1.440633115826216,1.6166925291562844,-0.17605941333006836
0.3418845405367968,0.4577628210223376,-0.11587828048554083
0.6564139786071175,0.8684408248294406,-0.21202684622232315
1.327878473724943,0.8715723870471388,0.45630608667780415
2.0666087692856223,1.8935185179814344,0.17309025130418787
0.195806676955692,0.2526650373184599,-0.056858360362767896
2.0655599302251098,1.9101584792303419,0.15540145099476788
1.0795072263934111,1.0108522125134867,0.06865501387992445
0.9150204415805816,0.9713499154271105,-0.056329473846528866
1.205946496173384,1.2916540584807317,-0.08570756230734777
2.1455157703768077,2.0565059824320073,0.08900978794480041
1.6168379564717084,1.6880555850502204,-0.071217628578512
0.5012537175286608,0.46862634413064014,0.03262737339802063
1.569640231407309,1.0924443644955202,0.47719586691178884
1.4970579058533198,1.4690316810856974,0.0280262247676224
1.0095198715529512,0.9275230803496175,0.0819967912033337
1.0080415519277883,0.9453074045108335,0.06273414741695482
1.450759830805842,1.4483796071295953,0.0023802236762466844
2.4718582012200527,2.4895798523586423,-0.01772165113858959
1.0990147151853955,0.9909172340220805,0.10809748116331497
2.492437134178895,2.3628807257088287,0.12955640847006622
1.6037681649511284,1.6880555850502204,-0.08428742009909196
0.3083081511824744,0.2700678427675567,0.03824030841491771
1.982376199673656,1.7560863404932154,0.22628985918044053
1.1137210562526951,1.6072003195510607,-0.49347926329836556
2.18689967723123,2.1012137715993866,0.08568590563184353
0.2708890352702766,0.34934905168871155,-0.07846001641843497
0.8283149653862688,0.9778877743526019,-0.14957280896633307
1.7889288191567274,2.0989101586579793,-0.30998133950125184
1.4949195413763534,1.1582990167868703,0.3366205245894831
0.9678963605460812,0.9603812684716189,0.007515092074462326
2.4204244360893417,2.2909862063238196,0.1294382297655221
0.2410287885365843,0.26010632989779436,-0.019077541361210065
1.4987170594937131,1.4419942183961934,0.056722841097519794
1.7702260424287306,1.7175860880927212,0.05263995433600943
1.6010466103003538,1.7164904734550566,-0.11544386315470279
0.4474555441993977,0.38863925675886357,0.05881628744053413
2.6288946185293542,2.5647973944436258,0.06409722408572849
1.9425203432226537,2.0292970807581288,-0.0867767375354751
0.1705531814752497,0.1797498752256437,-0.009196693750394003
1.1344808219609284,1.0918203192123939,0.0426605027485345
0.4011574691519202,0.42011375806648266,-0.01895628891456247
2.659998099529155,2.770540763347255,-0.11054266381810018
1.801998610677307,1.644609675362563,0.15738893531474396
1.816998807240878,1.4429018412163312,0.3740969660245468
0.6348947092754123,0.7098101724997419,-0.07491546322432963
0.9909120327778884,1.0859651257170033,-0.0950530929391149
0.957810333188236,0.8872618360253028,0.07054849716293321
0.3596424585541884,0.5043432362618847,-0.1447007777076963
1.1828358859886423,1.3737444649433852,-0.1909085789547429
1.2580041403655235,1.150987242441903,0.10701689792362057
0.9735067414066562,0.9907297496603638,-0.017223008253707595
1.4213200237588344,1.2734998043635068,0.14782021939532752
0.7506059903738436,0.6754023757979021,0.07520361457594149
1.7199405733580253,1.6246702712116252,0.09527030214640009
1.2419325011541025,1.3282403060191004,-0.0863078048649979
0.1198924814115433,0.18307631928394413,-0.06318383787240084
0.1908518198750173,0.35452035474325383,-0.16366853486823654
0.0498734808399395,0.22848776911812468,-0.17861428827818518
1.294618544213734,1.1855732685340237,0.10904527567971023
0.5311022099311083,0.8207140016863907,-0.2896117917552824
1.3101250765262864,1.2580063800424213,0.052118696483865135
1.4110848081169023,1.3529860599385757,0.05809874817832661
2.146645985187217,2.1573336367237816,-0.01068765153656459
0.1473792793218857,0.3468577726501359,-0.1994784933282502
1.3922147598298793,1.3731069952807071,0.01910776454917218
0.746048968633012,0.8666582137402524,-0.12060924510724047
2.0482360146037752,2.013099730373834,0.03513628422994142
1.838468346806997,1.2409756395613625,0.5974927072456344
0.3924548234663041,0.3807412742187981,0.011713549247506005
1.332241098741172,1.3315413027002445,0.0006997960409274029
0.9437595161540048,0.9186159385753527,0.025143577578652043
2.0301661575620047,2.218127215294249,-0.18796105773224436
1.4601270421619963,1.6166925291562844,-0.15656548699428807
0.5212223336291106,0.4732950217270007,0.047927311902109915
2.29174734230123,2.121473266416209,0.17027407588502097
1.4797294689069145,1.463521756494656,0.01620771241225838
1.1477178850405343,0.9083025891630574,0.2394152958774769
1.465285337604743,1.4946567682855563,-0.02937143068081327
0.1437490327635522,0.26924067700769005,-0.12549164424413786
1.3771196253133744,1.8517700854200607,-0.4746504601066863
0.2024206876767603,0.3894746544460598,-0.18705396676929947
1.6275342991689383,2.5780324995119415,-0.9504982003430031
0.681382660228758,0.649907096424685,0.031475563804073015
0.5365073440514837,0.5692234825828737,-0.03271613853138999
1.3270873241171597,0.8546073604145697,0.47247996370258993
1.2074655034203277,0.982931655357878,0.2245338480624497
1.500728840033434,1.3736243100621723,0.12710452997126165
1.928306774688628,1.924179104168991,0.004127670519636917
0.99546905451872,1.2528818056942217,-0.25741275117550166
1.4202711854578258,1.4483796071295953,-0.028108421671769523
1.8505435506108887,1.9465852853877752,-0.09604173477688649
1.1417051480213811,1.1079534304896335,0.03375171753174766
1.234332944100648,1.6491501925196723,-0.41481724841902423
2.3267206765434896,1.8943724070279433,0.4323482695155463
2.2174244873569497,2.3376889554434,-0.1202644680864502
1.198509689860221,1.12448327568066,0.07402641417956102
0.7009127533675842,0.6039699443878663,0.09694280897971785
2.4128339214328607,2.1876850446948097,0.22514887673805095
0.3726444372874107,0.5162081100427497,-0.143563672755339
0.8265744362491456,0.793721526270539,0.03285290997860657
1.571159238654253,1.5054368264234295,0.06572241223082353
0.9311870187449368,0.9094639489674701,0.02172306977746674
0.3058623687530323,0.49518651906741096,-0.18932415031437866
2.042847156646051,1.924179104168991,0.1186680524770598
1.4230695945334273,1.0788096959094817,0.34425989862394557
1.6523537925064915,1.3856980406014872,0.26665575190500435
2.070641371496197,2.2280199905971125,-0.15737861910091544
1.1413886881782682,1.0859651257170033,0.0554235624612649
1.354809206373886,0.9760314723452039,0.378777734028682
1.7790869180359032,1.68370278902544,0.09538412901046334
0.9047490591356032,0.8642106580960962,0.04053840103950701
1.1102490396159184,1.0325150545321193,0.07773398508379903
0.1691517165280815,0.19764153505103937,-0.02848981852295787
0.8803726095784087,0.9288123555607968,-0.048439745982388094
1.4735449395100004,1.3079181364456511,0.1656268030643493
1.4438881313915484,1.2407190164405983,0.20316911495095002
1.1123467162179357,1.1343965498461712,-0.022049833628235538
0.1830036157658071,0.15281386930524138,0.030189746460565714
1.0686571745933595,1.0230210790179186,0.045636095575440905
0.6377292854072278,0.6233256160294033,0.014403669377824557
1.768263991401428,1.6705948331889224,0.09766915821250555
1.775321045902855,1.9096788272411676,-0.13435778133831255
1.3252608986645722,1.4745881808098495,-0.14932728214527735
2.195037214245802,2.3048119439083568,-0.10977472966255464
0.6401524634898282,0.6769455441417789,-0.03679308065195064
0.7936942585496723,0.7646834869436643,0.029010771606008068
1.2500926442876907,1.3264444217284161,-0.07635177744072541
1.0480646804441525,1.0218353246543939,0.0262293557897586
0.2390034455406591,0.26010632989779436,-0.021102884357135254
0.705180440430879,1.3859309777128939,-0.6807505372820148
1.2354089075672332,1.359924737126524,-0.12451582955929075
2.251131982226756,2.205624301413038,0.04550768081371803
1.8982656949523768,1.796095783934604,0.10216991101777295
0.3050666983265143,0.39732410048473,-0.0922574021582157
0.916638907599194,0.867665777356187,0.04897313024300698
1.2314848055126284,1.0918203192123939,0.13966448630023454
0.8386315562717627,0.8760487188974355,-0.03741716262567285
1.396202153853107,1.3661619870665325,0.030040166786574618
1.4663477386151242,1.6072003195510607,-0.14085258093593644
0.512628188352633,0.49960464324244935,0.013023545110183665
0.5934972409774565,0.48542898479566,0.1080682561817965
1.1535045793507732,1.9543119750350348,-0.8008073956842616
1.9196990669559464,1.7451889620688077,0.1745101048871387
2.521754877854224,2.5470122666629953,-0.025257388808771264
1.3872779862773117,1.4946567682855563,-0.10737878200824458
1.580698242388168,1.422376090180147,0.15832215220802093
0.7578755251279803,0.6754023757979021,0.08247314933007821
2.29510633821647,2.4364206376524473,-0.1413142994359773
1.116035733926157,0.8872618360253028,0.22877389790085423
1.7675090085966907,1.6158407549441292,0.15166825365256154
1.972755820443012,1.860390430890763,0.11236538955224895
0.4658735070685925,0.6349032357143796,-0.16902972864578708
1.662769842163654,1.4429018412163312,0.21986800094732284
1.7296061610291855,1.9101584792303419,-0.18055231820115636
2.428747329963221,2.4909992946348796,-0.06225196467165839
0.8352725611160269,0.8529989088486026,-0.017726347732575753
1.9557980944303768,2.1520971747147373,-0.1962990802843605
1.3212644630038748,1.1582990167868703,0.16296544621700448
1.9365889819533988,1.6890632957729768,0.24752568618042203
1.6421863899050844,1.5805398692059616,0.0616465206991228
1.626933025467023,1.6243642569984236,0.002568768468599325
1.524241806376753,1.035424048781554,0.4888177575951991
1.0133806816389337,0.9884616834903228,0.02491899814861087
1.4437977142573493,1.262379874479525,0.18141783977782433
0.0240503576418932,0.18187776427714136,-0.15782740663524816
0.7406962764656623,0.7985669417216775,-0.05787066525601525
1.7462067403364303,1.4898258996709626,0.25638084066546774
2.1461803360473453,2.4420102181253585,-0.2958298820780132
1.3226885322978847,1.2734998043635068,0.049188727934377896
1.3485161763146656,1.5401285182228392,-0.19161234190817367
1.3028012916941645,1.311533503260643,-0.00873221156647852
0.3470925654919621,0.39732410048473,-0.05023153499276789
1.5877869428739062,1.4560912976130438,0.13169564526086242
0.8746582488742618,1.216958478130569,-0.3423002292563071
1.8587579443287987,1.6705948331889224,0.18816311113987627
1.0453431257933778,0.9453074045108335,0.10003572128254434
0.9276065016990216,0.9481750489449023,-0.020568547245880753
0.4891333055374209,0.5648573386559513,-0.07572403311853043
1.946751864495574,1.8235666236011945,0.12318524089437943
0.8716699638927926,0.820653620293484,0.05101634359930862
0.8771175940130763,0.864205228831373,0.012912365181703356
0.9886199594512682,0.9900412539933301,-0.0014212945420618572
1.0525267642320504,1.1400451641911546,-0.08751839995910426
0.7886896722097474,1.0116373010350266,-0.2229476288252792
1.1487667233415433,1.0840613584696357,0.06470536487190759
1.2137223666765016,1.311533503260643,-0.09781113658414142
0.2852698746038253,0.32677585658372627,-0.04150598197990096
1.2759474134700486,1.035424048781554,0.24052336468849456
1.1870312391926774,1.0723083144012535,0.11472292479142387
0.6095191506764596,0.5053365113880669,0.10418263928839266
0.3818534187220082,0.37693961943373755,0.004913799288270626
1.932126898165501,1.910091032396917,0.022035865768584184
1.5530758189031106,1.2204162066479782,0.3326596122551324
2.1978943959902986,2.523452552134959,-0.3255581561446603
1.2662366171052046,1.235950780469083,0.03028583663612161
0.4986677884526012,0.5207520703686768,-0.022084281916075588
0.3234032856989793,0.3679442636234018,-0.04454097792442252
1.7985808443716833,1.644609675362563,0.15397116900912033
2.400067027552357,0.9516899657628944,1.4483770617894622
1.337910250751635,1.2904397246244252,0.0474705261272097
0.2706810758363016,0.31793543570479993,-0.04725435986849835
0.9601204900429632,0.9573735763768442,0.0027469136661190108
0.9384565532459056,0.8642106580960962,0.0742458951498094
0.3872648820392458,0.3973085475367318,-0.010043665497485976
0.1051364110849933,0.2663895604007346,-0.16125314931574128
1.1617506185466584,1.131262436561717,0.03048818198494141
0.3920117796859454,0.5317374662176585,-0.13972568653171308
2.320210644400153,2.013099730373834,0.3071109140263193
1.9008561440876677,1.5437846912463167,0.357071452841351
1.1200864199180076,0.9698506550728098,0.15023576484519785
0.6643571206692618,1.0446461371613351,-0.38028901649207336
1.752138101858853,1.6319920497696845,0.12014605208916862
1.7554473677553388,1.8131592279717565,-0.05771186021641772
1.7224089601343089,1.8856422886925768,-0.1632333285582679
2.087761849008628,1.8641234955080739,0.22363835350055394
2.252180821287268,2.1452475671594815,0.10693325412778654
2.2505171463218043,2.6221060968461227,-0.3715889505243184
1.6290985148563977,1.8072218730567406,-0.17812335820034297
1.6511241199370843,1.599196554691484,0.05192756524560038
1.7598054719528329,1.6880555850502204,0.07174988690261253
1.364492877573153,1.3770436915815252,-0.012550814008372102
1.603528559532842,1.2916540584807317,0.31187450105211023
1.0924639964329503,0.9275230803496175,0.16494091608333283
2.181836319741417,2.1012137715993866,0.0806225481420304
1.7682323454171165,1.9734645645443938,-0.2052322191272773
1.7555377848895382,1.3279053621317085,0.42763242275782964
1.966747605002097,2.344907066253173,-0.3781594612510757
2.31933661269362,2.205624301413038,0.11371231128058223
0.9295233440326406,0.9696855044339723,-0.04016216040133169
1.3382583565790596,1.240505914805623,0.09775244177343656
0.520589413942884,0.6657495754120701,-0.1451601614691861
1.2821816723793809,1.2039168786095984,0.07826479376978246
1.3129641734768365,1.5546510910588842,-0.24168691758204774
1.487817278434411,1.3736243100621723,0.11419296837223869
2.1713479341996518,2.173529454172262,-0.0021815199726100687
0.8292688657343433,0.7208126522689319,0.10845621346541146
1.767219673919154,1.7130162396798299,0.054203434239324055
1.578894421282422,1.4362742358863771,0.14262018539604493
0.7870380530984665,0.928296227449245,-0.14125817435077848
0.6870608538766905,0.8513064042548664,-0.1642455503781759
0.3428655660504481,0.5793777538235668,-0.23651218777311872
2.2830673019751275,2.2468456173810205,0.03622168459410702
1.231697285765338,1.1244909929013314,0.10720629286400674
1.5122434575040238,1.09111688490765,0.42112657259637376
1.102748941334133,1.1124479950007975,-0.00969905366666457
0.2946687319442907,0.4031310152357443,-0.10846228329145358
0.1263663457391618,0.19559092051072308,-0.06922457477156127
1.578501107014482,1.4578319775684532,0.12066912944602892
0.4720128280249906,0.43722799835705106,0.034784829667939554
2.5710909673955893,2.588411628904523,-0.017320661508933632
0.2370097485290452,0.4338500673832152,-0.19684031885417
1.5214886057416672,1.6158407549441292,-0.09435214920246193
2.135135887522691,2.1573336367237816,-0.022197749201090744
0.9450570015107695,0.9778877743526019,-0.032830772841832334
0.2581944744895302,0.25285123933729603,0.0053432351522341714
1.8467460324935292,1.6156988735280504,0.23104715896547878
1.8579487109397408,1.6420894761012317,0.2158592348385091
0.3849230792002072,0.3554335031625301,0.0294895760376771
1.4598377074844593,1.5054368264234295,-0.04559911893897017
1.2545230820912772,1.6166925291562844,-0.3621694470650072
2.227542161711778,2.138460433035246,0.08908172867653175
1.821017847248417,1.6593433882159054,0.16167445903251165
0.329877150026598,0.3446441854925796,-0.01476703546598157
1.8539839222760264,1.6246702712116252,0.22931365106440116
0.5956220427450505,0.7591668249971437,-0.16354478225209323
1.4999828988661663,1.3315413027002445,0.1684415961659218
0.6226838801499734,0.608294709605499,0.014389170544474417
0.9208161775282896,1.2578017305076976,-0.336985552979408
2.466437697278017,2.811785173585366,-0.34534747630734897
0.9334112792841996,1.0982956248603648,-0.16488434557616516
2.29273288939312,2.1685010917745693,0.12423179761855074
1.068150838844378,0.7098101724997419,0.358340666344636
0.1715025610045896,0.15281386930524138,0.018688691699348225
1.3908313781576502,1.0849214231071111,0.3059099550505391
0.8595179059172412,0.8642106580960962,-0.004692752178855009
0.7588203838385854,0.7391992943682224,0.019621089470363007
1.239943324961223,1.035424048781554,0.20451927617966903
0.730592165832878,0.6814855901111319,0.04910657572174615
1.3055680547854545,1.240505914805623,0.06506213997983146
2.374822572696713,2.153505642590024,0.2213169301066893
0.6797551525726757,0.7166468389100794,-0.036891686337403695
0.3209801073632112,0.4248214602760041,-0.1038413529127929
2.1127621766145794,2.061886649705281,0.05087552690929842
2.1405789968242392,2.1502777918386267,-0.009698795014387418
1.2069908136556575,1.124165124985432,0.08282568867022544
1.2233834335289273,1.226664998338807,-0.0032815648098796224
0.0762752733930593,0.1875002170899741,-0.11122494369691481
2.5037211883750032,2.2358689070421107,0.2678522813328925
0.4305354913386618,0.35541994085801876,0.07511555048064306
0.3067574979512192,0.4514139626546628,-0.14465646470344362
0.9548989026315936,0.5793777538235668,0.3755211488080268
1.2158200432785191,1.1597479158155786,0.056072127462940546
1.9603867621555195,2.010267299845051,-0.04988053768953127
0.6363820705380451,0.6869390131003621,-0.05055694256231702
1.5433559809007973,1.5401285182228392,0.0032274626779580373
0.4493226572737662,0.5317374662176585,-0.0824148089438923
0.1144132053069481,0.26924067700769005,-0.15482747170074196
1.0836980587787115,0.9911569008814625,0.09254115789724904
1.2912957158610443,1.0786805041296499,0.21261521173139442
1.6183886097029634,1.6890809881219366,-0.07069237841897325
1.7078698908792038,1.5456654292434955,0.16220446163570834
2.2403904313421785,2.291338712375394,-0.05094828103321536
1.5376913497090687,1.4690316810856974,0.06865966862337136
2.363755518812545,2.411837922511288,-0.04808240369874284
0.8970500433104801,0.8513064042548664,0.04574363905561374
1.246073604280152,1.161168988327955,0.0849046159521969
0.8552728232007881,0.9275230803496175,-0.07225025714882938
1.9720008383977785,1.4905433426406907,0.48145749575708785
2.024004231246093,2.218127215294249,-0.19412298404815598
0.9884436460016048,0.9275230803496175,0.060920565651987335
1.3801892857915734,1.6327139529395078,-0.2525246671479344
1.0179377033797654,0.9907297496603638,0.027207953719401656
0.9682218620266638,0.9888775326753533,-0.02065567064868945
0.434724816868773,0.3747105626160404,0.0600142542527326
0.3641211187618362,0.5102145820512172,-0.14609346328938094
0.5663811532413804,0.7548339204746337,-0.18845276723325333
0.3428339200661368,0.4255056046376028,-0.08267168457146601
1.7688110147721905,1.3856980406014872,0.38311297417070334
2.074312305676312,2.2401690013117106,-0.1658566956353984
0.7240414470804325,0.6200633157808249,0.10397813129960765
0.9566846402092324,0.9275230803496175,0.029161559859614883
0.6814459521973806,0.6036157359626644,0.0778302162347162
1.5733292488623627,1.3856980406014872,0.18763120826087554
0.5442380058609181,0.6043579611387739,-0.06011995527785585
1.092165620117944,1.3386967075902385,-0.24653108747229457
1.5036719165743877,1.3151209992468806,0.18855091732750706
0.5539668857538689,0.6412195943854323,-0.08725270863156342
0.460077771120884,0.4031310152357443,0.0569467558851397
0.1494769559239031,0.1753857110662074,-0.025908755142304313
1.8883424180816557,1.6072003195510607,0.281142098530595
1.3084478393577856,1.385783114487805,-0.07733527513001937
2.1759908532686194,1.917675420447559,0.2583154328210604
0.2987510639204523,0.433349449522272,-0.1345983856018197
0.9986020069655418,0.8489642566094686,0.14963775035607318
1.4412660355124427,1.4363863475408127,0.004879687971629965
0.2956633199141462,0.29387009049054436,0.0017932294236018276
1.7182633361895248,1.6951917787088064,0.02307155748071832
2.25644850759106,2.1373779545122638,0.11907055307879633
0.4829939845810226,0.5692234825828737,-0.08622949800185109
2.1500818327424374,2.0307407415889136,0.11934109115352376
0.9337277391273128,0.7098101724997419,0.2239175666275709
0.0803621261879557,0.14094555779829887,-0.06058343161034317
1.902917654646142,1.3735225801739055,0.5293950744722364
0.9314040198163812,0.9266552759528539,0.004748743863527305
0.2176876145710262,0.34902217325594476,-0.13133455868491856
0.5891210535050233,0.6796780174459144,-0.09055696394089108
0.9524305158553096,1.1755426230077204,-0.2231121071524108
1.5749567567716127,1.5546510910588842,0.020305665712728516
0.0950096961053673,0.15736452333531376,-0.06235482722994645
0.2470189212088954,0.25285123933729603,-0.0058323181284006265
0.7175494994778747,0.5516949815541554,0.1658545179237193
0.8509734901531818,0.9288123555607968,-0.07783886540761498
1.4041769418995629,1.3423643153778058,0.06181262652175712
0.0625454370206764,0.15836357639409168,-0.09581813937341528
1.026667474230958,0.9760314723452039,0.05063600188575412
2.3728288756850997,2.1156953577215205,0.2571335179635792
2.271125011305343,2.183621662715945,0.08750334858939812
2.226430030682643,2.1502777918386267,0.07615223884401612
0.7448916299228648,0.5843881106286868,0.16050351929417805
0.5105305117506155,0.5692234825828737,-0.05869297083225822
2.287479655997439,2.3055920182802696,-0.018112362282830752
1.2800613914305217,1.454097721370135,-0.17403632993961327
1.95673391175668,2.0989101586579793,-0.14217624690129926
1.1315151410731328,1.0859651257170033,0.04555001535612946
0.3649544630997573,0.5162081100427497,-0.15125364694299237
0.5349250448359172,0.4851516997892739,0.04977334504664327
2.3494334526542278,2.344189143749995,0.005244308904232664
0.6904334117417985,0.48792723923274567,0.20250617250905284
0.608786772218564,0.6608804321916172,-0.05209365997305315
1.012309238991083,1.0027770814703256,0.009532157520757423
1.4957287745122438,1.3529860599385757,0.14274271457366816
0.2918658017967865,0.5207520703686768,-0.22888626857189026
0.6765724706134357,0.6233256160294033,0.053246854584032444
1.239206425684593,1.1613607090166485,0.07784571666794449
1.5044947121664825,2.5780324995119415,-1.073537787345459
1.1956931972565126,1.1644193665090072,0.03127383074750534
0.7730610767786844,0.7607218363224659,0.012339240456218481
2.007887384606828,2.249270956458555,-0.2413835718517272
0.3486251351951104,0.39983799145963794,-0.05121285626452754
1.8404936898029225,1.7175860880927212,0.12290760171020132
0.3675177878289751,0.4754608165461295,-0.10794302871715439
0.5884067583220669,0.48542898479566,0.10297777352640691
1.6049028995676016,1.3856980406014872,0.2192048589661144
1.680066633125748,1.706724862043128,-0.02665822891737979
1.1919906170920869,1.5401285182228392,-0.3481379011307524
2.088552998616411,2.061886649705281,0.026666348911129845
1.4482643188639817,1.3254532698037784,0.12281104906020324
1.252710219348062,1.1409964550057072,0.1117137643423547
2.462924993019459,2.373126500374801,0.089798492644658
0.281594419604976,0.4860712680240725,-0.20447684841909652
2.57272751795498,2.4642359831802283,0.10849153477475149
1.6376700557860338,1.4271494710931347,0.21052058469289903
0.1249196720983101,0.25194234394974907,-0.12702267185143895
2.4355512165901576,2.363514949896423,0.07203626669373442
1.1483824507110725,0.9295199114779568,0.21886253923311572
1.8867872432721615,1.726363164826243,0.16042407844591855
1.2607392574725025,1.2740896420024679,-0.013350384529965398
0.5800205724795641,0.578685654057417,0.0013349184221470578
1.1747119096581,1.1477932963853459,0.026918613272754133
2.528025304326106,2.4790493786179555,0.04897592570815057
0.5133515251730589,0.5043432362618847,0.009008288911174223
1.1742281782559605,0.6670700182537066,0.5071581600022539
2.150072792117639,2.0537584356974294,0.09631435642020936
1.5131476283396803,1.6491501925196723,-0.136002564179992
0.2138448880131508,0.20830500625910486,0.005539881754045933
1.0930019781662428,0.9188105706292264,0.17419140753701634
1.7098590668189149,1.6520471378587707,0.0578119289601442
0.1610593861818503,0.2893697075758382,-0.12831032139398788
0.319542475612997,0.2700678427675567,0.04947463284544029
1.9782034513227995,1.9634533692651803,0.014750082057619185
2.426432651530256,2.3785884872911494,0.04784416423910676
1.4397470282654987,1.4898258996709626,-0.050078871405463854
1.0935037930964897,0.9911569008814625,0.10234689221502724
1.238162108202319,1.226664998338807,0.011497109863512156
1.022725288648246,0.9665154899508489,0.05620979869739717
2.209323115373249,2.2468456173810205,-0.03752250200777141
1.0232677912002732,0.8207140016863907,0.20255378951388248
1.5886730304346235,1.4429018412163312,0.14577118921829224
1.1408461856262406,1.0108522125134867,0.12999397311275396
2.483842988649249,2.160749414575995,0.3230935740732539
1.1155339189959106,1.1477932963853459,-0.032259377389435295
0.1950155273479087,0.25623015032209234,-0.06121462297418365
1.0946249650035902,1.2528818056942217,-0.1582568406906315
1.7373096979262113,1.7451889620688077,-0.007879264142596432
0.4332781432279214,0.4412857594133688,-0.008007616185447375
0.3325806211492654,0.40159104221511166,-0.06901042106584626
2.43156382256693,2.3944767039764603,0.03708711859046954
1.80516320910844,1.7427485234531648,0.06241468565527519
1.9483432043359388,1.9465852853877752,0.0017579189481635726
1.463960727082402,1.4340595772171383,0.02990114986526371
2.597248634218023,2.632557141628749,-0.035308507410726
1.0401577051850546,0.9251843699494554,0.11497333523559916
0.3942586445720499,0.5851784238701199,-0.19091977929806997
2.4137471333996503,2.4790493786179555,-0.06530224521830519
0.3700811125581929,0.42011375806648266,-0.05003264550828973
1.265332446269548,1.1308218319540557,0.13451061431549238
1.04895076800487,1.150987242441903,-0.10203647443703301
0.2820284217478652,0.5175078948705308,-0.23547947312266565
1.8088115389417128,1.7060062137041516,0.10280532523756114
0.976033899332828,0.9761844897961991,-0.00015059046337106974
2.3630683503141725,2.3332735903087523,0.02979476000542025
1.612502456621056,1.6420894761012317,-0.029587019480175725
1.310794163015559,1.46164557521987,-0.15085141220431098
1.0675902527642438,0.8110066928978881,0.2565835598663557
1.080122062551531,1.0708892978506328,0.009232764700898288
1.1936859377886944,1.1445462261619659,0.04913971162672848
1.0641091944899974,1.0786805041296499,-0.014571309639652474
2.047765846417344,1.9688986324878535,0.07886721392949037
0.9122717617642304,0.9713499154271105,-0.05907815366288005
0.7759589448791225,0.7661539466025356,0.009804998276586985
0.7214555180043728,0.7952035095970185,-0.07374799159264567
0.0764802188634884,0.5569737854508197,-0.4804935665873313
0.0800773123291537,0.14094555779829887,-0.06086824546914517
0.9260151605928176,0.8715723870471388,0.054442773545678835
1.683855109605638,1.5259525564463063,0.15790255315933166
0.0914508790906462,0.4206267624700093,-0.3291758833793631
1.043846722893276,1.0577649327753598,-0.01391820988208381
1.990323863314039,1.5080971258181106,0.48222673749592837
1.693547822442375,1.7130162396798299,-0.01946841723745485
1.0009121638202692,1.0708892978506328,-0.06997713403036365
1.5230935093040756,1.6300101550607895,-0.10691664575671389
1.1148377073410614,1.9719005889440018,-0.8570628816029404
1.3122046698533647,1.3264444217284161,-0.014239751875051443
1.3933992237056028,1.2407190164405983,0.15268020726500442
2.258980186335966,2.3376889554434,-0.07870876910743396
0.8794865220176913,0.9288123555607968,-0.04932583354310549
1.404827945113896,0.982931655357878,0.4218962897560181
0.8020804443921751,0.8666582137402524,-0.06457776934807735
1.7334398462027594,1.6951917787088064,0.03824806749395293
0.2383388798701212,0.26010632989779436,-0.021767450027673163
2.084945356404919,2.107446802497849,-0.02250144609292981
1.5445404447765207,1.2390442887500734,0.3054961560264473
1.012557886046839,0.9746498299152335,0.03790805613160542
1.2934340803380102,0.934651355865292,0.3587827244727182
2.306910290364596,2.2468456173810205,0.06006467298357565
0.7499278622471012,0.6569623479100082,0.09296551433709299
0.4738799410993592,0.7128823512250427,-0.23900241012568352
0.8994551381181412,0.864205228831373,0.03524990928676819
0.2682126890600178,0.25285123933729603,0.015361449722721743
0.815525466905756,0.8054635142095502,0.0100619526962058
1.4577852393229576,1.6147556682669741,-0.15697042894401658
0.2995422135282356,0.4356028010223941,-0.1360605874941585
0.5645456861513232,0.7128823512250427,-0.14833666507371956
0.151185839076715,0.20157896845965823,-0.050393129382943214
1.6429458935285566,1.5437846912463167,0.0991612022822399
1.4687347498946783,1.6188115362395925,-0.15007678634491417
1.0375582136527906,0.9251843699494554,0.11237384370333514
1.2492698486955964,1.1870661644200224,0.06220368427557399
0.1229666627084771,0.14910125840134622,-0.02613459569286912
1.2632347694143629,1.5515982310876482,-0.2883634616732853
0.1402905788361475,0.19205926735856887,-0.05176868852242136
1.2407570789158482,1.3825703364005697,-0.1418132574847215
1.423164532486361,1.2676434704866968,0.1555210619996643
1.1001223246362923,1.124165124985432,-0.024042800349139748
1.830479996557505,1.7203324061785699,0.11014759037893507
0.3384486907030661,0.1875002170899741,0.150948473613092
1.991558056702181,1.847948165970054,0.14360989073212682
1.2705766377745915,1.2475539409251075,0.023022696849483992
1.392562865657304,1.6491501925196723,-0.2565873268623684
0.1628948532719076,0.2205457213142274,-0.05765086804231978
0.3636253317586813,0.4031310152357443,-0.039505683477063014
1.7486299186721983,1.6520471378587707,0.09658278081342764
2.33836639877006,2.6221060968461227,-0.2837396980760629
0.8804811099875469,0.8205144201740837,0.0599666898134632
1.8792645421625416,1.8003964388739824,0.0788681032885592
1.0424000492524244,1.1613607090166485,-0.1189606597642241
0.130552657305727,0.20157896845965823,-0.07102631115393124
1.237560834500404,1.186566151834473,0.0509946826659311
1.1026901701842449,0.9698506550728098,0.1328395151114351
0.6313187130482321,0.9058649537197746,-0.27454624067154254
1.1705662857133157,0.9756102509103476,0.19495603480296808
1.1674016872821826,1.060767863980543,0.10663382330163973
0.810425942612897,0.7330675785108064,0.07735836410209063
1.030247991276873,0.9698506550728098,0.06039733620406318
1.149164558681386,1.4342581612589302,-0.28509360257754435
0.3948689599114348,0.4275098197158614,-0.0326408598044266
1.8605301194502333,1.8521233069187995,0.008406812531433827
0.5990398090506742,0.48542898479566,0.11361082425501423
0.2424257326650176,0.18187776427714136,0.06054796838787624
2.062413415575252,1.6243571976572524,0.4380562179179994
1.623989948926069,1.7560863404932154,-0.13209639156714648
1.188441746030483,1.1870661644200224,0.0013755816104605856
1.9701020793390984,1.8856422886925768,0.08445979064652165
1.8873478303649676,2.005471890786307,-0.11812406042133938
1.9778869914796864,2.207119709913443,-0.2292327184337568
0.6623317776733367,0.7907012690773288,-0.12836949140399212
1.1819588400653949,1.1400451641911546,0.04191367587424022
1.430126649034854,1.2904397246244252,0.13968692441042885
0.6071683061999514,0.578685654057417,0.028482652142534426
2.667629303326424,2.770540763347255,-0.1029114600208314
1.5233557188160358,1.2051128011109673,0.3182429177050685
0.5077818319342645,0.6289923984665902,-0.12121056653232565
1.4650095653834108,1.68370278902544,-0.21869322364202914
0.2101287453925207,0.41110313610888827,-0.20097439071636758
2.170516097982759,2.4364206376524473,-0.2659045396696884
2.3703604889088155,2.16766808937442,0.20269239953439566
1.6098215895920622,1.1235221954493702,0.4862993941426921
1.2431621737235097,0.8872618360253028,0.35590033769820684
1.5074694346917474,1.3568939150292858,0.15057551966246163
0.7689154528339,0.6359394959671032,0.13297595686679675
0.2467356144584503,0.5102145820512172,-0.2634789675927669
2.467260492870112,2.3944767039764603,0.07278378889365156
1.8319583171953395,1.6156988735280504,0.2162594436672891
0.8937272149577904,0.7749029495984958,0.11882426535929458
0.5296401654559248,0.545778197809412,-0.016138032353487097
0.5426104982048359,0.7219106995154222,-0.17930020131058633
0.384018908111383,0.4426174730419752,-0.05859856493059218
1.6616486702565532,1.6072003195510607,0.054448350705492476
1.61807214985985,1.667988315304842,-0.049916165444992
1.2066336661907635,1.0672893369789627,0.13934432921180084
0.8142234607302568,0.9288123555607968,-0.11458889483054002
1.4363292619598749,1.8943724070279433,-0.4580431450680684
0.1629581452405302,0.35452035474325383,-0.19156220950272362
2.007729154685271,1.9078892795202147,0.09983987516505644
0.6029322651209678,0.5692234825828737,0.03370878253809406
0.3255009623009968,0.3999265188317668,-0.07442555653076999
2.006051917516771,1.8641234955080739,0.14192842200869693
1.6129319379452105,1.6572755509527586,-0.04434361300754808
1.5138619235226365,1.5401285182228392,-0.02626659470020276
1.191949929470306,1.3156979191169889,-0.12374798964668288
1.225910591455099,1.2676434704866968,-0.041732879031597836
1.677200411009621,1.4081306286292437,0.2690697823803774
0.7943316990546337,0.7083252064948886,0.08600649255974513
1.2002818649816556,1.3980190264855286,-0.197737161503873
0.3942541237533151,0.37960008417316526,0.014654039580149825
0.9134291007275452,0.5714586754969501,0.3419704252305952
0.0916461801308966,0.1875002170899741,-0.0958540369590775
0.7794671280657776,0.9454514990533759,-0.16598437098759833
1.562985532811292,1.7060062137041516,-0.14302068089285958
0.5893244918670953,0.5207520703686768,0.06857242149841858
0.6590722412892696,0.6357121388303236,0.02336010245894593
0.3180551143503644,0.44186840135925465,-0.12381328700889027
1.9826655351106963,2.1685010917745693,-0.18583555666387297
2.402892560780864,1.9864065781851106,0.4164859825957534
2.027096497083806,1.6705948331889224,0.35650166389488347
0.93698727551138,1.0535183988401866,-0.11653112332880666
1.4845260960660325,1.4745675089703463,0.0099585870956862
1.9297534493421515,1.6420894761012317,0.28766397324091986
0.7516683913842244,0.7569767969947112,-0.005308405610486844
1.1211036122347051,1.1308218319540557,-0.009718219719350607
0.8815118650136163,0.61594208688768,0.2655697781259363
1.4942097672653,1.1755426230077204,0.3186671442575797
1.018132100104368,1.005161363869042,0.012970736235325964
1.5359191745876344,1.6147556682669741,-0.07883649367933976
0.9358796660604836,0.9275230803496175,0.00835658571086606
1.7778888914508075,1.6593433882159054,0.1185455032349021
1.462437199016723,1.4483796071295953,0.01405759188712774
0.2200384593007021,0.4112414326690122,-0.1912029733683101
1.8566828715672876,1.5321055928536365,0.32457727871365116
1.4654435675262996,1.667988315304842,-0.20254474777854248
1.9215797447650291,1.7210055903529595,0.2005741544120696
1.063702317512685,1.1300229465791738,-0.06632062906648883
0.0812165677643618,0.18763376718880975,-0.10641719942444795
0.8617466872752386,0.9188105706292264,-0.05706388335398782
0.3448502214245924,0.4248214602760041,-0.07997123885141172
0.740244191047834,0.5714586754969501,0.16878551555088395
0.0178296611887653,0.26924067700769005,-0.2514110158189248
2.003710114677732,1.890350476448224,0.11335963822950812
0.3272731374224314,0.3740198881934197,-0.04674675077098828
0.6088319806590797,0.7217688518979662,-0.11293687123888652
0.1582654979249837,0.18307631928394413,-0.024810821358960428
1.0086021380079226,1.097230644630641,-0.08862850662271837
1.2989856900486976,1.2676434704866968,0.031342219562000784
1.4324232434333768,1.4271494710931347,0.005273772340242067
2.200281407016685,2.6221060968461227,-0.42182468982943755
0.6210202056908449,0.4851516997892739,0.135868505901571
0.6741673758057745,0.6672925499644964,0.006874825841278076
0.5032248101934329,0.5440899919814094,-0.04086518178797649
1.461076421691336,1.463521756494656,-0.0024453348033202094
1.1672751033449371,1.0916908146366497,0.07558428870828737
1.284903227030155,1.1811586099677551,0.1037446170623999
0.736699840804965,0.7646834869436643,-0.027983646138699303
2.600743254695306,2.6106719333442028,-0.009928678648896572
0.8067369249046755,0.9429192426380375,-0.13618231773336198
0.7958507063015777,0.8546073604145697,-0.058756654112992024
0.1492554340337238,0.2119986759914615,-0.0627432419577377
2.7467985129168984,2.95696054986428,-0.21016203694738156
0.983845936638992,0.9083025891630574,0.07554334747593461
0.4489429054620303,0.6769455441417789,-0.22800263867974857
1.2240796451837763,1.3529860599385757,-0.12890641475479936
0.5313806945930482,0.5692234825828737,-0.037842787989825544
1.7761528831324191,1.7177180365423035,0.05843484659011566
1.1804850412589667,1.385053654460771,-0.2045686132018043
2.340391741765985,2.3592232027518865,-0.018831460985901494
0.6082171445009603,0.9009970835302883,-0.292779939029328
1.4250949375293522,1.5319526542171973,-0.10685771668784505
0.5515391865993661,0.5232586722888,0.028280514310566107
1.5402004241071336,1.3718086716084563,0.16839175249867733
0.2047760529720031,0.18769965219558576,0.01707640077641734
1.3841766798148014,1.5163728395109433,-0.13219615969614185
1.844720689497604,1.9619273181351846,-0.11720662863758058
1.97214098453806,1.860390430890763,0.11175055364729691
0.9774082391144197,1.7560863404932154,-0.7786781013787958
1.2029717736481187,1.1613607090166485,0.04161106463147024
0.9689497196658244,0.9958105380107706,-0.026860818344946136
1.3149669121259198,1.385783114487805,-0.07081620236188524
0.6089450021401207,0.6796780174459144,-0.07073301530579368
1.8144897338554848,1.7060062137041516,0.10848352015133322
1.3472865037452588,1.385053654460771,-0.03776715071551218
0.8991386782750278,0.8292524149089051,0.06988626336612269
0.8647078473442997,0.8457994982152557,0.018908349129044044
1.0645703217984632,0.9665154899508489,0.09805483184761432
0.5318553843577181,0.49035633942492246,0.0414990449327956
0.2053547225802444,0.3830980450784024,-0.177743322498158
0.6714774671393112,0.8588639071175588,-0.18738643997824755
1.9423169051137492,1.796095783934604,0.14622112117914532
1.319935331662799,1.3246781150135818,-0.004742783350782709
0.5038034798016743,0.6289923984665902,-0.12518891866491588
2.1217812821433086,2.0061366046249636,0.11564467751834506
1.0723371504109436,1.0840613584696357,-0.01172420805869212
1.563419534954181,1.573972613373242,-0.010553078419060835
1.148694389735451,1.1734165277946251,-0.024722138059174226
1.463635225601819,1.7048426026525976,-0.24120737705077855
1.0780967195556057,0.9900412539933301,0.08805546556227561
0.6575487132235907,0.5915808594873888,0.06596785373620184
1.3490812832135348,1.2390442887500734,0.11003699446346138
1.07391944962651,1.0108522125134867,0.06306723711302342
0.3353021758000399,0.3435761333508646,-0.008273957550824718
1.867252630327272,1.8944094803105604,-0.027156849983288378
1.6345235408830074,1.6188115362395925,0.015712004643414934
2.0253424057436464,2.0989101586579793,-0.07356775291433282
1.5865301451389229,1.5321055928536365,0.05442455228528642
0.1629310200749537,0.18769965219558576,-0.024768632120632073
1.5303630438050444,1.6880555850502204,-0.15769254124517595
0.4601139379239302,0.5184533949896114,-0.05833945706568122
1.7806692172514698,1.5515982310876482,0.2290709861638216
1.3377836668143896,1.3299308946903325,0.007852772124057106
0.4831522145025793,0.6796780174459144,-0.1965258029433351
1.1007235983382075,1.104875106406748,-0.004151508068540366
0.190173691748275,0.33535163859982314,-0.14517794685154814
1.363828311902615,1.3539598359160614,0.009868475986553715
1.7645930572213135,1.6172421525811984,0.14735090464011513
1.0409895424146187,1.014742604427348,0.026246937987270735
1.0403023726504068,0.9761844897961991,0.06411788285420772
0.3234032856989793,0.4255056046376028,-0.10210231893862348
2.39699284549592,2.411837922511288,-0.01484507701536808
0.2349391970926044,0.4112414326690122,-0.17630223557640778
1.260630757063364,1.4560912976130438,-0.19546054054967987
0.2333116891833542,0.32372031797649725,-0.09040862879314304
1.7225536275996614,1.3827908009471812,0.33976282665248014
0.9622471001886844,0.928296227449245,0.03395087273943942
0.2230403069915437,0.29770372903802667,-0.07466342204648296
1.878233786883304,1.7444641067772444,0.1337696801060595
2.230042194472373,2.204253345558019,0.025788848914353846
0.1730848602201561,0.18307631928394413,-0.009991459063788038
0.5016334693403968,0.6043579611387739,-0.10272449179837717
2.4308359649277693,2.373126500374801,0.057709464552968104
0.6264768774485984,0.6640504985013849,-0.0375736210527865
0.1773254221178746,0.18769965219558576,-0.010374230077711155
1.3313911779835008,1.2740896420024679,0.057301535981032936
1.826176142691164,1.7203324061785699,0.10584373651259416
1.3452973275523794,1.2580063800424213,0.08729094750995814
0.3218526324677241,0.3842816240420833,-0.062428991574359216
0.5557164565284617,0.4338500673832152,0.1218663891452465
2.3708562751524664,2.183621662715945,0.18723461243652162
0.9686965517913338,1.1219836450619547,-0.15328709327062084
2.529065100230141,2.3628807257088287,0.16618437452131252
2.3207079395243366,2.4141952166710183,-0.0934872771466817
1.323574619858602,1.097230644630641,0.22634397522796101
1.204933824675421,1.0116373010350266,0.1932965236403945
1.8292096356068133,1.7387450231623807,0.0904646124444326
0.8510413029405393,0.7771653146492109,0.07387598829132835
2.1968455569297864,2.374316468148784,-0.1774709112189976
1.421044251537502,1.262379874479525,0.15866437705797698
2.3320372019077933,2.423622651859376,-0.09158544995158291
1.9973492718311547,1.7118436048786303,0.28550566695252444
1.7053382121342973,1.5805398692059616,0.12479834292833569
0.7231553595197152,0.5316276837536755,0.19152767576603968
1.6102917585379972,1.5295434976461941,0.08074826089180309
1.6352468777034332,1.6890809881219366,-0.05383411041850339
0.1318184966781802,0.1753857110662074,-0.04356721438802719
1.1502857305884873,1.1611826587003102,-0.010896928111822968
2.045306500265858,1.9053967351784147,0.13990976508744346
2.043208824676512,1.930988424294414,0.1122204003820979
1.375532805279073,1.0108522125134867,0.3646805927655863
1.2454768513969714,1.2409756395613625,0.00450121183560892
1.2099971821652342,1.1858643635215587,0.024132818643675558
1.761966440523473,1.523932125947499,0.23803431457597402
2.11235981944333,2.1012137715993866,0.011146047843943574
1.9572040799431116,1.7177180365423035,0.23948604340080815
1.6948859954209206,1.5109875407229456,0.18389845469797494
1.8176000809427928,2.340549430552379,-0.5229493496095861
1.0012060193165406,1.0535183988401866,-0.05231237952364598
1.855417032194834,1.8235666236011945,0.03185040859363952
1.2495546625543985,1.3845671535396822,-0.13501249098528367
0.3453023068424206,0.32677585658372627,0.018526450258694316
1.328335079961506,1.5259525564463063,-0.19761747648480044
1.0730966540344156,1.1124479950007975,-0.03935134096638193
0.147356674975044,0.24031660901700372,-0.09295993404195971
1.5366786782111064,2.0988090235678207,-0.5621303453567144
1.0667403320065727,0.9884616834903228,0.07827864851624988
1.326779905911516,1.131262436561717,0.19551746934979897
1.5685145384283057,1.3539598359160614,0.2145547025122443
2.5047293382947275,2.3465721376521156,0.15815720064261196
0.2696367583540277,0.2700678427675567,-0.00043108441352901483
2.4130825677291123,2.318937645161017,0.09414492256809526
1.391193046694447,1.8768653460771432,-0.48567229938269607
1.2768967929993886,1.060767863980543,0.21612892901884573
0.8176593103108196,0.7795460355670482,0.038113274743771464
1.1021115008291715,1.1343965498461712,-0.03228504901699969
0.5501332008334632,0.49405418651300737,0.05607901432045581
1.726617876047716,1.667988315304842,0.058629560742873954
2.1433954894279483,1.917675420447559,0.22572006898038932
1.4373057666547917,1.6805811909161896,-0.24327542426139792
2.527952969201006,2.632557141628749,-0.10460417242774289
0.9648357417053516,0.9761844897961991,-0.011348748090847516
1.903867034175482,2.0989101586579793,-0.19504312448249728
1.7778843706320726,1.6147556682669741,0.16312870236509847
1.6285153246825894,1.3735225801739055,0.2549927445086839
1.7036383706189548,1.773006799633141,-0.06936842901418605
0.388322761977724,0.6189067313929665,-0.2305839694152425
0.7265098338567161,0.6804169999106329,0.04609283394608321
1.4389694411139198,1.9217931133343664,-0.48282367222044664
0.6909081015064685,0.7453610571042032,-0.054452955597734665
1.6740222501222837,1.3718086716084563,0.30221357851382735
1.1348379694258226,1.0982956248603648,0.036542344565457796
0.9742978910144394,0.7548339204746337,0.2194639705398057
1.0048679118591854,0.9275230803496175,0.07734483150956795
0.1886546845013312,0.20157896845965823,-0.012924283958327037
1.9403141674773376,1.766654291878441,0.17365987559889673
1.762251254382275,1.7427485234531648,0.019502730929110257
2.0698276165289013,2.3426297465788384,-0.27280213004993703
0.7717002994532971,1.476613514018042,-0.704913214564745
1.40627461850158,1.0446461371613351,0.36162848134024483
2.2300828810814823,2.3811699314613772,-0.1510870503798949
0.9039533887090848,0.8968925559405174,0.007060832768567393
0.155204879084254,0.19902299139347657,-0.04381811230922256
0.9372087974015592,0.9736058652964424,-0.036397067894883284
0.2854281045253819,0.40705893397826154,-0.12163082945287962
0.8376188847738001,0.7795460355670482,0.05807284920675193
1.5259190435452537,1.0230210790179186,0.502897964527335
1.9024836514905812,1.815456492737294,0.08702715875328715
0.4388478364667156,0.5714586754969501,-0.13261083903023446
1.1979897916550355,1.1409964550057072,0.05699333664932826
1.69842130402632,2.0988090235678207,-0.40038771954150065
0.1491152876402741,0.1880191348084864,-0.0389038471682123
1.0512925708439085,1.1218547050557948,-0.07056213421188628
1.2251872546346732,0.8546073604145697,0.3705798942201034
0.8868103068498132,1.0982956248603648,-0.2114853180105516
1.9672855867353904,1.8856422886925768,0.08164329804281367
0.2246361686633147,0.31971234650448266,-0.09507617784116795
0.0844489789828523,0.1265115579681492,-0.0420625789852969
1.2058832042047611,1.0000897951512984,0.20579340905346277
2.4104243050469605,2.153505642590024,0.2569186624569366
2.633053804677176,2.5353636119367504,0.09769019274042545
0.8453721509300762,0.8110066928978881,0.034365458032188156
2.585458244272933,2.5353636119367504,0.05009463233618261
2.0661159957396773,1.9078892795202147,0.1582267162194626
0.3766770397511541,0.5648573386559513,-0.18818029890479726
0.5486277560427236,0.4860712680240725,0.0625564880186511
1.9939857568693555,1.912330559954565,0.0816551969147905
0.2271271597864403,0.26010632989779436,-0.03297917011135407
0.3970118452071357,0.7128823512250427,-0.315870506017907
1.392562865657304,1.3511181996624384,0.041444665994865515
0.1104891032523431,0.24233482123847783,-0.13184571798613473
0.0985178795451903,0.26021934406473896,-0.16170146451954864
1.435917864163828,1.5472545596534903,-0.11133669548966241
2.2184597642144257,2.3055920182802696,-0.0871322540658439
0.2634748330507876,0.24826307606926568,0.01521175698152194
1.1027263369872913,1.0446461371613351,0.058080199825956136
1.365406090299447,1.2904397246244252,0.07496636567502168
0.3357723447459751,0.4255056046376028,-0.08973325989162767
2.289789812852166,2.3031620891998505,-0.013372276347684675
0.6708219431062429,0.7569767969947112,-0.08615485388846833
0.7898470109198942,0.7284127007826455,0.06143431013724865
0.2952067136775833,0.4338500673832152,-0.1386433537056319
1.600097230771014,1.457488743431764,0.1426084873392499
1.3794297821681016,1.1582990167868703,0.22113076538123133
1.670437212257634,1.6951917787088064,-0.024754566451172355
1.5167733540792792,1.65880857342103,-0.1420352193417509
1.537912871599248,1.8943724070279433,-0.35645953542869524
1.9657032875198237,1.773006799633141,0.1926964878866828
0.3982324761390734,0.4243100411814036,-0.026077565042330164
2.165642616398814,2.0292970807581288,0.13634553564068508
0.1070532534186123,0.2663895604007346,-0.15933630698212228
0.4070119762495165,0.5632972505896476,-0.15628527434013112
0.5579814049426732,0.6869390131003621,-0.12895760815768886
2.313013443758445,2.6055011964303914,-0.2924877526719465
0.3841274087736891,0.38863925675886357,-0.004511847985174455
1.1635092312118889,1.1219836450619547,0.04152558614993418
2.3287460195394147,1.7060062137041516,0.6227398058352631
0.9763594008134108,0.8463085419375121,0.13005085887589862
1.032598835753381,0.9888775326753533,0.043721303078027796
0.9673900247970998,0.8638418761009988,0.10354814869610096
1.1597252755507332,1.0577649327753598,0.10196034277537347
2.110985479914907,2.1876850446948097,-0.07669956477990292
1.5371533679757765,1.7130162396798299,-0.17586287170405335
1.6527245026807578,1.7060062137041516,-0.05328171102339385
1.9224115809819224,1.8121541744091634,0.11025740657275906
1.517053647119346,1.6025438100681588,-0.08549016294881273
1.0958184707699512,1.0859651257170033,0.009853345052947882
1.7460485104148735,1.3827908009471812,0.3632577094676923
0.5893018875202536,0.5851784238701199,0.0041234636501337185
2.4725453722501034,2.572282190956745,-0.09973681870664164
0.7052527740369713,0.7076295149587525,-0.0023767409217811952
1.0710396650541791,0.9907297496603638,0.08030991539381538
1.6039625616757311,1.5546510910588842,0.04931147061684693
2.3161237933774323,2.205350666191313,0.11077312718611942
0.9264491627357068,0.9132517264995862,0.013197436236120574
2.2564665913723343,2.1614069778079594,0.09505961356437487
2.070894539370689,1.9864065781851106,0.08448796118557844
0.5217919613467147,0.6640504985013849,-0.14225853715467018
2.4586934717465385,2.374316468148784,0.08437700359775446
0.8409733591108013,1.1733222712656113,-0.33234891215481
1.0252479257556826,0.9761844897961991,0.04906343595948348
0.2099840779271683,0.3468577726501359,-0.1368736947229676
0.1407426642539757,0.24031660901700372,-0.09957394476302803
0.557077233853849,0.6289923984665902,-0.07191516461274117
0.7522063731175173,0.6814855901111319,0.0707207830063854
0.8904993245580346,1.4674178378705052,-0.5769185133124706
1.6355723791840162,1.4490721055696307,0.18650027361438548
1.8364791713736213,2.249270956458555,-0.41279178508493386
0.9768612157436574,0.864205228831373,0.1126559869122844
1.0766093582929732,1.0840613584696357,-0.007452000176662477
1.7406054011133243,1.8388479702000777,-0.09824256908675344
0.0895774368194153,0.4206267624700093,-0.331049325650594
2.232795395107459,2.249270956458555,-0.01647556135109607
0.1839710788232541,0.34934905168871155,-0.16537797286545744
0.7893406751709131,0.8546073604145697,-0.06526668524365664
1.884468045792636,1.9096788272411676,-0.025210781448531616
0.971956088175401,0.9277466968743072,0.0442093913010938
1.4919538607417258,1.8390994120848354,-0.34714555134310965
1.8672933169363812,1.8521233069187995,0.015170010017581781
1.640445860767961,1.667988315304842,-0.027542454536880978
0.3159348334015052,0.28530718141063444,0.030627651990870752
2.1998202794550514,1.9029213806995444,0.296898898755507
1.0768670469861987,1.0325150545321193,0.04435199245407939
2.005355705861921,1.8121541744091634,0.19320153145275776
1.854237090150517,1.7797112567473758,0.07452583340314112
1.538387561363918,1.3315413027002445,0.20684625866367345
1.413290985381226,1.1110821890367402,0.30220879634448594
2.2311317201419945,2.205624301413038,0.025507418728956566
1.782337412782501,1.6246702712116252,0.1576671415708757
2.2090609068739604,2.207119709913443,0.0019411969605171997
0.5669507809589842,0.5056858463966359,0.06126493456234827
0.2045093226413081,0.40705893397826154,-0.20254961133695343
1.6929691530873014,1.5472545596534903,0.1457145934338111
0.1434732605422197,0.16794344990697233,-0.02447018936475262
1.901367001414887,1.5456654292434955,0.3557015721713914
0.7833460216798671,0.7661539466025356,0.01719207507733156
1.8086442673826864,1.7797112567473758,0.028933010635310508
1.1187618093956664,1.3386967075902385,-0.21993489819457213
1.1470533193699963,1.097230644630641,0.04982267473935531
1.931430686510652,1.382954162948958,0.5484765235616942
0.1423249634695423,0.24826307606926568,-0.10593811259972338
1.201678809110089,1.1235221954493702,0.0781566136607188
1.8363661496394128,2.1573336367237816,-0.32096748708436884
0.3842901595139806,0.433349449522272,-0.0490592900082914
0.4940022663026311,0.4754608165461295,0.018541449756501627
0.2796052434120969,0.5175078948705308,-0.23790265145843392
1.0534761437613902,0.940749831963029,0.11272631179836123
1.7007450233372516,1.562142895177813,0.13860212815943873
0.7973335467454754,0.7330675785108064,0.06426596823466901
1.1936859377886944,1.5295434976461941,-0.33585755985749977
0.9017472114447614,0.9736058652964424,-0.071858653851681
2.118521745759242,2.0565059824320073,0.06201576332723446
1.9321042928059875,1.773006799633141,0.1590974931728466
0.3301664847041347,0.37693961943373755,-0.04677313472960287
0.1814484417158172,0.2663895604007346,-0.08494111868491738
2.128707231129252,2.171231957860541,-0.04252472673128871
1.3463823329096023,1.3046537655733061,0.04172856733629615
1.8534052514019452,1.9101584792303419,-0.056753227828396646
1.2969603470527724,1.2916540584807317,0.0053062885720407404
0.1856166700074433,0.1797498752256437,0.005866794781799606
1.5618643609041911,1.359924737126524,0.20193962377766717
1.4569940897151743,1.5472545596534903,-0.09026046993831605
0.904242723386622,1.25896695206262,-0.35472422867599807
0.2342520270752246,0.34902217325594476,-0.11477014618072015
2.838879286638073,2.483187779707663,0.3556915069304103
1.318796076227591,1.2550328672172164,0.06376320901037458
1.342801815863687,1.3969619251381853,-0.054160109274498325
0.5140070492061273,0.5915808594873888,-0.07757381028126153
0.3287198110632831,0.42011375806648266,-0.09139394700319958
1.0542989393534847,1.0805082513118838,-0.02620931195839904
0.1659328677657953,0.19559092051072308,-0.029658052744927776
1.1002489085735376,1.226664998338807,-0.1264160897652693
0.6477429789058129,0.5843881106286868,0.06335486827712611
0.6300619153132483,0.5915808594873888,0.03848105582585948
0.2498761016875527,0.24826307606926568,0.0016130256182870228
0.3004011759233763,0.3747105626160404,-0.07430938669266413
0.1965300137761178,0.3830980450784024,-0.18656803130228458
0.5609470855773009,0.6670700182537066,-0.10612293267640571
1.1357828281364275,1.0982956248603648,0.0374872032760627
1.9458476931535824,1.9209697853593073,0.024877907794275123
0.7746750219785624,0.7846720997208759,-0.00999707774231351
2.177857966342988,2.061886649705281,0.11597131663770677
2.508969900192446,2.153505642590024,0.35546425760242206
0.868148217996765,1.005161363869042,-0.13701314587227698
0.5824301881059599,0.5843881106286868,-0.0019579225227268626
2.218400993824041,2.344907066253173,-0.1265060724291316
1.893767443601929,1.766654291878441,0.12711315172348803
0.3333084787884261,0.31971234650448266,0.013596132283943463
0.4834686743456926,0.6349032357143796,-0.151434561368687
0.5735331456957412,0.543338095855949,0.030195049839792154
1.6311600249085367,1.6057501243038184,0.025409900604718372
0.7098956920932672,0.7029757489690023,0.006919943124264916
0.1634644809895114,0.18307631928394413,-0.01961183829443272
1.7910491001055866,2.3370180701007968,-0.5459689699952102
1.6428419139381527,1.5163728395109433,0.12646907442720945
1.6754644029444006,1.6025438100681588,0.07292059287624175
1.2220045726754332,1.161168988327955,0.060835584347478155
0.1495854563330414,0.18769965219558576,-0.03811419586254436
0.7641052632185776,0.5316276837536755,0.2324775794649021
2.342322146808976,2.130554881877515,0.2117672649314608
1.4175631932632555,1.3330312545073628,0.08453193875589271
1.4918091932763735,1.6327139529395078,-0.14090475966313432
2.032467273791934,2.2499347097237594,-0.21746743593182538
0.7995397240097992,0.665496529775002,0.13404319423479727
2.1582193722886878,2.0482346509527805,0.10998472133590731
2.341341121295325,2.373126500374801,-0.03178537907947643
2.436667866665852,2.373126500374801,0.06354136629105067
2.251963820975327,2.344907066253173,-0.09294324527784559
2.167952773253541,2.207119709913443,-0.03916693665990234
1.0323095010758443,1.0849214231071111,-0.052611922031266856
0.4814162061841908,0.4577628210223376,0.02365338516185317
0.8145489622108397,1.3330312545073628,-0.5184822922965231
1.8160494277115384,1.6172421525811984,0.19880727513034002
0.6133437939593959,0.7569767969947112,-0.14363300303531534
0.6183122134962749,0.7219106995154222,-0.10359848601914734
2.1219395120648654,2.061886649705281,0.0600528623595844
1.6820106006249431,1.8072218730567406,-0.12521127243179753
1.2575204089633842,1.385053654460771,-0.12753324549738676
2.401441367080781,2.3031620891998505,0.0982792778809305
0.181412274912771,0.18187776427714136,-0.0004654893643703528
1.5477592935388071,1.5020568068732019,0.04570248666560528
1.4307957355241268,1.2528818056942217,0.17791392982990506
1.0671020005433696,0.9761844897961991,0.09091751074717047
0.8005885623108078,1.005161363869042,-0.2045728015582342
0.1541289156176687,0.18307631928394413,-0.028947403666275434
0.5558113944813957,0.4732950217270007,0.082516372754395
1.9781401593541763,1.890350476448224,0.08778968290595235
1.0117350904547442,0.9760314723452039,0.03570361810954026
1.3608852353616614,1.3546459304216696,0.006239304939991808
2.201181056780438,2.0537584356974294,0.14742262108300874
0.5166065407383912,0.5945895303482558,-0.0779829896098646
0.5733161446242967,0.5714586754969501,0.0018574691273466337
1.7323141532237556,1.8517700854200607,-0.11945593219630513
2.10231900179184,1.9351225529267027,0.1671964488651374
2.2035725893850637,2.3944767039764603,-0.19090411459139656
0.4337844789769026,0.597872230167277,-0.1640877511903744
1.3394021328330024,1.5515982310876482,-0.2121960982546458
0.0597831947481209,0.14910125840134622,-0.08931806365322531
2.491641462992873,2.41742614593588,0.0742153170569928
1.85674616353591,2.0988090235678207,-0.2420628600319108
0.2927338060825647,0.433349449522272,-0.14061564343970728
1.591489523038332,1.7175860880927212,-0.12609656505438926
0.8744864564965009,0.8758710617157289,-0.0013846052192280078
2.4867860651902025,2.374316468148784,0.11246959704141846
1.2070541056242805,1.1733222712656113,0.03373183435866922
1.126704951457811,1.1235221954493702,0.003182756008440757
2.300789053189473,2.500345796978239,-0.19955674378876642
0.6533759641132298,0.7607218363224659,-0.10734587220923608
1.3360024500554857,1.226664998338807,0.10933745171667875
0.5641659343395872,0.4860712680240725,0.07809466631551465
0.8759240882467151,0.9008609029370713,-0.024936814690356246
1.670111710523883,1.5437846912463167,0.1263270192775663
1.901290147243228,1.8033502805049684,0.0979398667382596
0.264794922754394,0.2700678427675567,-0.005272920013162707
1.3282627463554135,1.4474179350968421,-0.11915518874142861
1.1260177814404309,0.9665154899508489,0.15950229148958195
2.2737362581815237,2.0989101586579793,0.17482609952354444
0.672847286102168,0.5440899919814094,0.12875729412075865
1.2066743538125444,1.1822036484342429,0.024470705378301538
0.373892193131757,0.4514139626546628,-0.07752176952290585
0.0678122328725616,0.26021934406473896,-0.19240711119217735
1.0712611869443585,1.1597479158155786,-0.08848672887122011
0.0627353129265443,0.1265115579681492,-0.0637762450416049
1.414484491147587,1.3568939150292858,0.057590576118301096
2.0648185103829126,1.9217931133343664,0.14302539704854622
1.1673067493292486,1.0708892978506328,0.0964174514786158
2.034167113788269,2.1520971747147373,-0.11793006092646818
1.1138295566618337,1.0090850037658452,0.1047445528959885
1.3000887786808597,1.311533503260643,-0.011444724579783294
1.001820855727828,0.9831400348445632,0.018680820883264837
1.0846429174893166,1.0916908146366497,-0.007047897147333115
0.4434997961604813,0.49960464324244935,-0.05610484708196806
1.3774858146689062,1.7060062137041516,-0.32852039903524544
1.4676135779875774,1.3731069952807071,0.09450658270687029
1.7198772813894023,1.8072218730567406,-0.08734459166733832
0.9403733958326924,0.9603812684716189,-0.02000787263892645
1.7676627176995126,1.6025438100681588,0.16511890763135373
2.152468846300502,2.0989101586579793,0.053558687642522695
0.3763153714675252,0.5714586754969501,-0.19514330402942487
1.6002012103614176,1.382954162948958,0.2172470474124597
1.0186384358533491,0.8760487188974355,0.1425897169559136
1.639695398781959,1.59532039051349,0.04437500826846885
0.2783710500239552,0.31971234650448266,-0.04134129648052748
1.969279283747004,1.9056899829744196,0.06358930077258429
0.8892651311698926,0.7591668249971437,0.13009830617274887
1.9552601126970843,2.2280199905971125,-0.2727598779000282
1.8384231386196488,1.8072218730567406,0.031201265562908143
1.3292754178533763,1.3046537655733061,0.024621652280070183
1.5762361586002702,1.4870610950724619,0.08917506352780835
1.939156828260855,1.4362742358863771,0.5028825923744777
1.8943099469134603,1.7564015886056583,0.13790835830780201
1.8810005497214264,1.766654291878441,0.11434625784298547
2.382309108775462,2.4141952166710183,-0.031886107895556126
0.7097374621717106,1.5707055666003384,-0.8609681044286278
2.102811775337785,2.0488881783563953,0.05392359698138982
2.4054558855100816,2.353157275540406,0.052298609969675613
1.0277796045005891,0.9288123555607968,0.09896724893979236
1.655699225206023,1.668628273324586,-0.012929048118563102
1.743494227323125,1.7387450231623807,0.004749204160744425
2.151117109599913,2.1187891558454277,0.03232795375448516
0.8657250396609971,1.1755426230077204,-0.30981758334672327
0.369986174605259,0.4338500673832152,-0.06386389277795618
1.392309697782813,1.1811586099677551,0.21115108781505798
0.3479922155088838,0.40159104221511166,-0.05359882670622784
0.8395764149823677,0.7083252064948886,0.13125120848747907
2.1581832047261376,2.1354557598933104,0.02272744483282718
2.3248852094534325,2.3055920182802696,0.01929319117316286
1.709063396392397,1.7118436048786303,-0.002780208486233393
1.275603828461359,1.4081306286292437,-0.13252680016788476
1.3344472760054955,1.3141373394155555,0.02030993658993996
0.9608438268633892,0.8760487188974355,0.08479510796595369
0.6461561588715115,0.6796780174459144,-0.03352185857440293
0.8267326661707023,0.7700978158502884,0.05663485032041393
0.3271646370132929,0.3679442636234018,-0.04077962661010892
1.4521703376436477,1.4474179350968421,0.004752402546805534
0.5193190537516961,0.4749985463120322,0.04432050743966387
0.7276807352762356,0.5945895303482558,0.13309120492797977
2.1165913407162504,2.1187891558454277,-0.002197815129177272
1.5794052778501382,1.8768653460771432,-0.297460068227005
1.879228374599992,1.8877455534835765,-0.008517178883584497
1.2320227872459208,1.40435400333526,-0.1723312160893391
0.5043098155506556,0.5440899919814094,-0.03978017643075382
2.420935293416561,2.3785884872911494,0.04234680612541153
0.2131803223426129,0.2700678427675567,-0.0568875204249438
0.4954489399434828,0.7166468389100794,-0.22119789896659658
1.333321583026492,1.035424048781554,0.2978975342449379
1.0886574366781208,0.9453074045108335,0.14335003216728726
2.5054888419181998,2.5470122666629953,-0.041523424744795534
1.8758648596381924,1.7772696481057342,0.0985952115324582
1.3686385015179376,1.3141373394155555,0.054501162102382095
1.6129319379452105,1.706724862043128,-0.0937929240979174
0.2715038714283962,0.6189067313929665,-0.34740285996457027
0.6912562073338933,0.7029757489690023,-0.011719541635109021
0.9513229064044132,1.46164557521987,-0.5103226688154568
2.5213344394333785,2.4798842805533594,0.04145015888001913
1.9262723910679047,1.847948165970054,0.07832422509785064
0.9384927203021196,1.0708892978506328,-0.1323965775485132
0.3458719345600245,0.4754608165461295,-0.12958888198610496
1.7866503082863112,1.3773172626077141,0.4093330456785971
1.0362155198555103,0.9713499154271105,0.06486560442839984
1.5214886057416672,1.4745675089703463,0.04692109677132095
1.3249670431683005,1.3279053621317085,-0.0029383189634080153
1.094552631397498,1.1597479158155786,-0.06519528441808053
1.126736597442122,0.940749831963029,0.18598676547909299
0.8873347261269015,0.9288123555607968,-0.041477629433895324
0.5914764188002659,0.6657495754120701,-0.07427315661180423
1.6005402745513726,1.4767273348128884,0.12381293973848417
0.3120468981499463,0.5207520703686768,-0.20870517221873047
1.0532862678555222,0.940749831963029,0.11253643589249318
1.6541621344309718,1.3737444649433852,0.2804176694875866
0.938601220711258,0.8638418761009988,0.07475934461025913
0.4920447360940633,0.597872230167277,-0.10582749407321368
1.1093945980395126,1.0352696889005266,0.07412490913898595
0.1627366233503509,0.4426174730419752,-0.2798808496916243
2.013552015798556,1.9937977896709662,0.019754226127589813
0.393214327089776,0.3065988845543966,0.0866154425353794
1.2327099572633005,1.4946567682855563,-0.2619468110222558
1.0482229103657092,0.887004266673891,0.16121864369181826
0.1339071316427282,0.2857448918195993,-0.1518377601768711
0.8901738230774516,1.0026950810433797,-0.11252125796592805
1.0035568640462165,0.8968925559405174,0.10666430810569905
0.5584380111792363,0.545778197809412,0.012659813369824358
1.6421863899050844,1.59532039051349,0.046865999391594304
2.339451402861443,2.523452552134959,-0.18400114927351607
2.4096648014234887,2.2827564214934206,0.1269083799300681
0.8993602001652073,1.6300101550607895,-0.7306499548955822
1.074362493406869,1.2039168786095984,-0.12955438520272944
1.0674275020239523,0.9453074045108335,0.12212009751311881
0.1438349290790165,0.18307631928394413,-0.039241390204927645
2.1808643348525645,2.1354557598933104,0.0454085749592541
0.3348681736571509,0.3679442636234018,-0.03307608996625094
2.5234321150227244,2.5950480494313917,-0.07161593440866731
1.99539626142865,1.84603688409994,0.14935937732871007
1.296797596312481,1.3254532698037784,-0.028655673491297495
2.518549592813981,2.500345796978239,0.018203795835741943
0.1526596378831433,0.19767481415721205,-0.04501517627406876
1.778675520239856,1.7203324061785699,0.05834311406128623
1.3534167830641872,1.3529860599385757,0.0004307231256115429
0.8067640500702522,0.7609432384929463,0.04582081157730589
1.3119288976320322,1.4362742358863771,-0.1243453382543449
0.2338451500979121,0.48792723923274567,-0.25408208913483354
0.2444872424639889,0.4338500673832152,-0.1893628249192263
2.3274168881983397,2.2560295563855943,0.07138733181274537
2.073141404256793,2.205350666191313,-0.13220926193451987
1.4531965715978146,1.3282403060191004,0.1249562655787142
0.597981929112196,0.6289923984665902,-0.03101046935439411
1.4274683863527022,1.2051128011109673,0.22235558524173493
0.5934068238432573,0.543338095855949,0.050068727987308215
1.3420784790432612,1.1110821890367402,0.230996290006521
2.4410440556572928,2.121473266416209,0.31957078924108373
1.852971250778064,1.7395268323543254,0.11344441842373865
0.3117575634724095,0.4860712680240725,-0.174313704551663
1.5210455619613088,1.6319920497696845,-0.11094648780837568
0.2206894622618679,0.4194529453911634,-0.1987634831292955
2.0341309462257198,1.9634533692651803,0.07067757696053945
0.0756604369817718,0.19341325182495545,-0.11775281484318365
1.4662392379528175,1.2550328672172164,0.2112063707356011
1.5918376288657563,1.5983605466163007,-0.006522917750544366
1.917886205225402,1.6156988735280504,0.30218733169735157
1.5806349504195452,1.7177180365423035,-0.13708308612275832
2.190358130145964,2.0159133296032827,0.1744448005426813
1.4467091448139917,1.4342581612589302,0.012450983555061468
1.126261907677452,0.9778877743526019,0.14837413332485017
1.7926313993211531,1.4898258996709626,0.30280549965019055
0.1382426314933805,0.18769965219558576,-0.04945702070220526
1.6540174672187875,1.315290393770178,0.3387270734486094
1.8396980186169003,1.3737444649433852,0.4659535536735151
1.1191460820261372,1.0786805041296499,0.040465577896487304
1.813151559357932,1.726363164826243,0.08678839453168896
1.0996476348716224,1.0708850344252123,0.028762600446410103
1.2942071464176867,1.1445462261619659,0.14966092025572086
0.8281567354647121,0.8968925559405174,-0.06873582047580529
1.6298941855360836,1.2138069862702592,0.4160871992658244
2.446071245584556,2.3332735903087523,0.11279765527580388
0.1602049446054444,0.2695129411882645,-0.10930799658282012
1.8642191374116224,1.6963736591652157,0.16784547824640672
1.6863867883505446,1.6951917787088064,-0.008804990358261877
0.5057158013165584,0.5378360526216596,-0.03212025130510121
0.9680048609552194,0.9481750489449023,0.019829812010317083
0.0220611814490142,0.17650216398030671,-0.15444098253129251
0.1468503392260626,0.35452035474325383,-0.20767001551719122
1.920169237674056,1.5472545596534903,0.37291467802056566
1.2203408982163049,1.2962138004317276,-0.07587290221542276
1.183351263375093,1.1747018954180688,0.008649367957024312
1.646047199991067,1.7099472560525049,-0.06390005606143778
1.4381647290499322,1.527565132274678,-0.08940040322474574
0.4961722765107408,0.5043432362618847,-0.008170959751143902
1.6128505624484804,1.6243642569984236,-0.01151369454994322
0.619957804680464,0.6796780174459144,-0.059720212765450365
1.3034522946553302,1.0762617128900287,0.2271905817653015
1.8177899568486613,1.6172421525811984,0.20054780426746288
2.3206762935400254,2.3811699314613772,-0.06049363792135187
0.5920776925021815,0.5207520703686768,0.07132562213350468
1.6293516827308885,1.3568939150292858,0.2724577677016027
1.003412196580864,0.790444345850239,0.21296785073062496
2.041472814585948,2.010267299845051,0.03120551474089739
1.0716092927717829,1.2346991348007437,-0.16308984202896082
0.1758064148709306,0.19205926735856887,-0.016252852487638275
1.6333888062665345,1.5259525564463063,0.10743624982022815
2.12823706294282,1.8944094803105604,0.23382758263225933
2.294726586404733,2.2560295563855943,0.03869703001913871
2.389831809885082,2.374316468148784,0.015515341736298094
0.6381271204939029,0.49960464324244935,0.1385224772514535
0.4310719659635977,0.8679200195639803,-0.43684805360038265
1.0350220140891493,0.9831400348445632,0.05188197924458604
0.5028360167442273,0.5175078948705308,-0.01467187812630355
1.5878185888582177,1.6880555850502204,-0.10023699619200266
2.1854530025777072,2.005471890786307,0.1799811117914003
2.1469353180925785,2.091580486836328,0.0553548312562504
2.12466106671564,2.0482346509527805,0.07642641576285936
1.8753946889200823,1.766654291878441,0.1087403970416414
0.7831923125770452,0.9481750489449023,-0.1649827363678571
1.5492104879983934,1.7451889620688077,-0.19597847407041424
1.6191797593107466,1.706724862043128,-0.08754510273238125
0.9753828961184944,0.9756102509103476,-0.00022735479185320706
2.438114541319376,2.110228279852623,0.32788626146675304
2.2831441561467862,2.173529454172262,0.10961470197452439
1.3405956385993634,1.3586797089554006,-0.018084070356037207
2.41064582693714,2.3628807257088287,0.047765101228311124
0.1121527779646393,0.1875002170899741,-0.07534743912533481
0.2870917792376781,0.4384390198524132,-0.1513472406147351
1.3109795181026922,1.3046537655733061,0.006325752529386053
0.319786601850018,0.3830980450784024,-0.06331144322838439
0.8514753050834284,0.8062390788748838,0.045236226208544617
2.004691140191383,2.13774004670008,-0.13304890650869705
1.8501321528148416,1.7564015886056583,0.09373056420918324
1.9476560358375663,1.9101584792303419,0.037497556607224425
0.0423146114082661,0.26729173172958665,-0.22497712032132056
1.8261716211129255,1.7790281391571057,0.047143481955819855
1.0025577550044582,0.9408831357254206,0.06167461927903761
1.2689852969215558,1.1644193665090072,0.10456593041254858
1.9591209227830664,1.8935185179814344,0.06560240480163193
1.348552343117712,1.463521756494656,-0.11496941337694411
1.381676647054206,1.1855732685340237,0.19610337852018223
0.6685027446140462,0.6814855901111319,-0.012982845497085616
2.0564956165090327,2.13774004670008,-0.08124443019104755
1.4940153705406969,1.4572897576370778,0.03672561290361909
1.662218297974157,1.5259525564463063,0.13626574152785076
2.2806802909487414,2.1685010917745693,0.11217919917417207
2.2076368375799507,2.3592232027518865,-0.1515863651719358
2.2090699474987585,2.2280199905971125,-0.01895004309835402
0.7761307372568835,0.7488729606413852,0.02725777661549833
1.1843322888887449,1.1244909929013314,0.0598412959874135
1.2379722322964513,1.8517700854200607,-0.6137978531236095
1.210575851520308,1.131262436561717,0.07931341495859101
0.7068079480869612,0.7076295149587525,-0.0008215668717912461
1.3577025534024214,1.3827908009471812,-0.0250882475447598
1.270251136294009,1.3423643153778058,-0.07211317908379677
1.9242560886967777,1.8914204918400548,0.03283559685672288
0.5632255964477169,0.6295301376525902,-0.06630454120487339
1.1337620059592377,1.315290393770178,-0.18152838781094038
2.2360142448824165,2.005471890786307,0.23054235409610957
1.4572156116053534,1.6568830873395644,-0.19966747573421095
2.077065506311398,1.9053967351784147,0.17166877113298318
2.3718794961557594,2.2827564214934206,0.08912307466233882
0.7715420695317404,0.7550478925233104,0.016494177008430033
0.5369684713599493,0.5102145820512172,0.026753889308732126
0.9700302039511446,0.9277466968743072,0.04228350707683737
1.1850917925122166,1.0762782845146683,0.1088135079975483
1.3045011329563387,1.218072172965074,0.08642895999126465
0.224667814647626,0.29770372903802667,-0.07303591439040066
0.8844594623733051,0.8666582137402524,0.017801248633052658
0.8647485349660805,0.8221892403328991,0.04255929463318142
0.7055421087145081,0.3824000701792152,0.3231420385352929
0.9762509004042724,0.9736058652964424,0.002645035107829985
2.482599754636309,2.5647973944436258,-0.08219763980731676
1.9896819030030144,2.173529454172262,-0.18384755116924745
1.090972114351583,1.1343733653163373,-0.043401250964754334
1.505407924892776,1.4245817932784717,0.08082613161430441
1.774995544422272,1.6951917787088064,0.07980376571346559
2.006494961297129,1.847948165970054,0.15854679532707494
0.205173888311846,0.15281386930524138,0.05236001900660461
1.3546826224366404,1.3511181996624384,0.003564422774201992
0.6346098954166104,0.608294709605499,0.026315185811111363
2.3526522998975063,2.0292970807581288,0.3233552191393776
0.0891506681890363,0.3032630869366185,-0.21411241874758222
2.225815194777691,1.9351225529267027,0.29069264185098853
0.3096598868703921,0.40159104221511166,-0.09193115534471957
1.9437500150325575,2.0988090235678207,-0.15505900853526322
1.0327480240374685,0.9008609029370713,0.13188712110039713
1.4498420972608137,1.3511181996624384,0.0987238975983753
1.152053384891187,1.0352696889005266,0.1167836959906603
0.9646413449807488,0.9884616834903228,-0.02382033850957399
1.166633142021241,0.7098101724997419,0.45682296952149914
1.332182327591284,1.3141373394155555,0.018044988175728527
0.6931549663925731,0.5656056097340267,0.1275493566585464
2.518368757532912,2.423622651859376,0.09474610567353592
0.1050459939507941,0.19559092051072308,-0.09054492655992898
0.7767003649744875,0.7391992943682224,0.03750107060626506
2.175832623347062,2.3785884872911494,-0.20275586394408718
1.235639471094882,1.7210055903529595,-0.4853661192580776
0.2646321720141025,0.2700678427675567,-0.0054356707534541915
1.8016505048498823,1.7451889620688077,0.056461542781074625
1.8505480721891276,1.7564015886056583,0.09414648358346933
0.9715130443950424,0.9454514990533759,0.026061545341666492
1.895417556364357,2.0988090235678207,-0.2033914672034638
0.7495481104353653,0.793721526270539,-0.04417341583517376
0.7721975935648089,0.8666582137402524,-0.09446062017544354
2.433968917374591,2.344189143749995,0.089779773624596
0.2059695587383641,0.2663895604007346,-0.06042000166237049
0.9804055659865264,0.9756102509103476,0.004795315076178808
1.4426584588221412,1.1811191088818462,0.26153934994029493
0.6450847162236611,0.7029757489690023,-0.05789103274534113
1.603704872982506,2.223433572893155,-0.619728699910649
1.650066239998606,1.4429018412163312,0.20716439878227466
0.7628710698304358,0.5945895303482558,0.16828153948218005
0.98667147088017,1.005161363869042,-0.018489892988871937
1.1564205307261504,0.934651355865292,0.22176917486085834
0.6480730012051305,0.7985669417216775,-0.15049394051654708
2.5089382542081347,2.8648496983101337,-0.35591144410199904
0.6884713607144961,0.6200633157808249,0.06840804493367125
0.4533416972813052,0.4577628210223376,-0.004421123741032429
2.0380776536398377,2.013099730373834,0.0249779232660039
1.6296410176615932,1.6880555850502204,-0.05841456738862716
2.792404897887765,2.8648496983101337,-0.07244480042236878
1.1388253634490504,1.1435180006844525,-0.004692637235402142
0.6424671411632901,0.4851516997892739,0.15731544137401615
1.8016866716529285,1.6568830873395644,0.14480358431336415
1.295283109884272,1.3511181996624384,-0.055835089778166314
2.3157078740031465,2.107446802497849,0.2082610715052975
1.834743163814737,1.6705948331889224,0.16414833062581446
1.92855090193832,2.1685010917745693,-0.23995018983624927
0.2056078904547351,0.26139917869563384,-0.05579128824089874
2.219440789728077,2.0627064789981153,0.15673431072996147
1.028258815083994,1.0708850344252123,-0.04262621934121835
1.6975035704812913,1.4429018412163312,0.25460172926496005
1.275599307642624,1.2039168786095984,0.07168242903302557
0.7474956422738636,0.737585049822868,0.00991059245099557
1.0148680429015662,0.7453610571042032,0.269506985797363
1.2404134939071585,1.092387268597133,0.14802622531002552
1.2739220704741232,0.7098101724997419,0.5641118979743813
1.8261128507225413,2.1187891558454277,-0.29267630512288645
1.9821230317991656,1.8233008279722807,0.15882220382688494
0.2747634078124634,0.4112414326690122,-0.1364780248565488
0.1350825538809823,0.17650216398030671,-0.041419610099324405
2.255146500656057,2.110228279852623,0.14491822080343386
1.618320796915606,1.457488743431764,0.16083205348384189
0.8212262649005304,0.7313669934128676,0.08985927148766282
0.7796750874997526,0.9746498299152335,-0.19497474241548096
0.2509339816260309,0.25240860709921603,-0.0014746254731851094
2.028886755986515,1.9623018622937571,0.066584893692758
1.3577748872616815,1.3770436915815252,-0.01926880431984368
1.4108858905735648,1.3423643153778058,0.06852157519575908
0.9758892318674756,0.9008609029370713,0.07502832893040423
1.70816826719421,1.5983605466163007,0.10980772057790933
1.3373089770497195,1.3718086716084563,-0.034499694558736804
0.8629040262385536,0.8529989088486026,0.009905117389950924
0.739104935612626,0.824392157775187,-0.08528722216256102
0.7706559819710231,0.8912399662142716,-0.12058398424324845
1.0647737601605354,1.0577649327753598,0.007008827385175609
0.4899244551452042,0.545778197809412,-0.05585374266420773
1.8293090951379856,1.782066115857881,0.04724297928010457
2.387386028468312,2.3785884872911494,0.008797541177162582
0.8232516078964558,0.9958105380107706,-0.17255893011431478
1.24497051564799,1.3770436915815252,-0.13207317593353518
2.098869589501905,2.218127215294249,-0.11925762579234389
1.4736082314786232,1.4483796071295953,0.02522862434902784
1.043882889696322,0.887004266673891,0.15687862302243094
1.6093875877023411,1.5891380576960694,0.02024953000627172
0.8354533953844252,0.9266552759528539,-0.0912018805684287
1.3763917676742137,1.6300101550607895,-0.2536183873865758
0.1391694066758787,0.3999265188317668,-0.26075711215588804
0.5642292263082098,0.5362590232265577,0.0279702030816521
2.4795255725798717,2.37042031504072,0.10910525753915179
0.5233742605622813,0.6200633157808249,-0.09668905521854354
1.8894364653295157,1.4560912976130438,0.4333451677164719
1.7065226760100207,1.9520635903540955,-0.24554091434407477
1.511845622164181,1.4317396666680164,0.0801059554961645
1.1761992709207325,1.1858643635215587,-0.009665092600826153
1.8987403847170463,1.4638973298398483,0.434843054877198
0.4827543791627364,0.5162081100427497,-0.0334537308800133
2.4094342389085117,2.3754627178806427,0.033971521027869045
0.2813050849274393,0.49518651906741096,-0.21388143413997168
0.8234821714241045,0.7213692458702816,0.1021129255538229
2.381766605463931,2.353157275540406,0.02860932992352483
0.8633154240346009,0.8642106580960962,-0.0008952340614952758
0.9148350864934482,0.7313669934128676,0.18346809308058065
1.667073696029995,1.40435400333526,0.26271969269473505
1.982231531955136,1.9096788272411676,0.07255270471396846
0.2619558258038438,0.37451264321676847,-0.11255681741292467
0.2924083046019818,0.40705893397826154,-0.11465062937627973
1.4641053945477545,1.454097721370135,0.010007673177619525
1.014696250523805,0.934651355865292,0.08004489465851305
0.6629737389970327,0.61594208688768,0.04703165210935267
1.1737941761130717,1.1644193665090072,0.009374809604064449
1.5957165224798455,1.555403364142634,0.04031315833721161
0.985364943885936,0.887004266673891,0.098360677212045
1.5958973564950765,1.4767273348128884,0.11917002168218804
2.1734094447581263,2.0988090235678207,0.07460042119030552
1.5280393244941128,1.6057501243038184,-0.07771079980970552
0.2138900964536665,0.2663895604007346,-0.05249946394706809
0.943302909917442,1.0535183988401866,-0.11021548892274458
0.4673292223469137,0.5317374662176585,-0.06440824387074479
0.8559238261619538,1.0026950810433797,-0.14677125488142584
0.8520178076354558,1.5874684678890372,-0.7354506602535814
2.186031670920109,1.9029213806995444,0.28311029022056466
1.1122020490057514,1.523932125947499,-0.41173007694174757
0.1947216718516372,0.23835401027387126,-0.043632338422234074
1.9933302318236157,1.766654291878441,0.22667593994517476
1.796044644808042,1.7164904734550566,0.07955417135298548
0.1560909666449713,0.2695129411882645,-0.11342197454329322
1.602371220822695,1.4081306286292437,0.19424059219345136
2.005229121924676,1.8388479702000777,0.16638115172459833
1.2001552810444105,1.1613607090166485,0.03879457202776204
1.9001644540110565,2.1614069778079594,-0.26124252379690294
2.2052317427722894,2.0537584356974294,0.15147330707485995
1.0538558955731263,1.1079534304896335,-0.05409753491650715
1.818902087877796,1.9351225529267027,-0.11622046504890671
0.16926021693722,0.23835401027387126,-0.06909379333665128
1.5007424024896383,1.3979889137790975,0.1027534887105408
0.7257819762175557,1.1811191088818462,-0.45533713266429054
1.4068984965503368,1.3264444217284161,0.08045407482192068
1.1352041587813544,1.1343965498461712,0.0008076089351831683
0.4619946134545031,0.4031310152357443,0.058863598218758806
1.7597512216216795,1.7130162396798299,0.04673498194184966
1.05476910829942,0.9453074045108335,0.10946170378858644
1.237917981965298,1.31002954189201,-0.07211155992671214
0.316603919890778,0.3807412742187981,-0.06413735432802009
0.472424225821038,0.5035548036474642,-0.031130577826426198
0.3467896681050532,0.433349449522272,-0.08655978141721882
0.9810068396884418,0.940749831963029,0.04025700772541285
1.5920636715746708,1.523932125947499,0.06813154562717183
2.497355823950188,2.811785173585366,-0.3144293496351782
2.398982020929295,2.483187779707663,-0.084205758778368
1.4255515437659154,1.311533503260643,0.11401804050527242
1.536931846085597,1.3864406795280868,0.15049116655751016
2.470809364691219,2.4941817035958156,-0.023372338904596557
2.4258991913752017,2.318937645161017,0.10696154621418463
0.686084349434942,0.7217688518979662,-0.03568450246302424
1.1050590981888602,1.0859651257170033,0.019093972471856846
0.8776962633681498,0.7749029495984958,0.10279331376965395
0.8094223127524038,0.9958105380107706,-0.18638822525836674
0.6187869032609449,0.5516949815541554,0.06709192170678946
1.1740835107906082,1.5315893532830336,-0.35750584249242534
0.3617898646686242,0.37960008417316526,-0.01781021950454109
0.8945500105498848,0.7959102460338179,0.09863976451606693
0.5515708325836773,0.5035548036474642,0.04801602893621315
1.1102852064189643,1.0805082513118838,0.02977695510708056
0.8826511204488244,0.8457994982152557,0.03685162223356875
0.7825548720720837,0.7894434043343873,-0.0068885322623035705
0.9541393990081216,1.0000897951512984,-0.04595039614317675
0.3153019137152786,0.32677585658372627,-0.011473942868447662
0.574256482516167,0.6036157359626644,-0.02935925344649737
1.1223287639853774,0.982931655357878,0.13939710862749943
0.9294871772295946,0.9188105706292264,0.010676606600368177
1.4669625747732435,1.4745881808098495,-0.007625606036606003
1.49278569797129,1.4572897576370778,0.035495940334212106
0.7465191375789471,0.7607218363224659,-0.014202698743518871
1.4931021578144033,1.42734789604569,0.06575426176871324
0.2225475336987669,0.34902217325594476,-0.12647463955717786
1.3300936926267362,1.347532963505382,-0.01743927087864594
1.757092958939528,1.6315964903889153,0.1254964685506128
1.7187063799698832,1.6025438100681588,0.11616256990172436
2.340581617671853,2.130554881877515,0.21002673579433795
0.8571173319283147,0.8666582137402524,-0.009540881811937685
1.7416497185955984,1.6072003195510607,0.13444939904453768
0.3984042685168343,0.466084329114253,-0.06768006059741871
1.739497791662428,1.9688986324878535,-0.22940084082542556
0.2234652672437955,0.49518651906741096,-0.27172125182361545
0.9442432475561444,0.9713499154271105,-0.02710666787096605
0.1621353496484356,0.19205926735856887,-0.02992391771013328
2.4596338106510807,2.4941817035958156,-0.034547892944734926
2.1320662270444912,1.917675420447559,0.21439080659693222
0.8519861616511443,1.1811191088818462,-0.32913294723070197
1.329166917444238,1.2740896420024679,0.0550772754417701
0.9259789937897716,0.8715605776758804,0.0544184161138912
2.4343803151706385,2.3785884872911494,0.05579182787948911
0.996988061765664,1.0708850344252123,-0.07389697265954831
2.035143617723682,2.483187779707663,-0.4480441619839808
0.5691207914202618,0.7217688518979662,-0.1526480604777044
0.1189702270477798,0.1753857110662074,-0.056415484018427595
0.0858594858206578,0.25623015032209234,-0.17037066450143454
2.115868004655328,2.2358689070421107,-0.12000090238678274
0.2949038162906744,0.4255056046376028,-0.13060178834692837
0.8609148500456745,1.3386967075902385,-0.47778185754456404
1.8013656909910802,1.8855058211561504,-0.08414013016507016
0.3872648820392458,0.43413837104434655,-0.046873489005100744
1.2758569963358497,1.0723083144012535,0.2035486819345962
1.2977017671481377,1.454097721370135,-0.15639595422199726
1.4530383416762578,1.3736243100621723,0.07941403161408545
1.437450433866976,1.3254532698037784,0.1119971640631976
0.508152542108531,0.6289923984665902,-0.12083985635805916
1.052490597429004,1.2984221796144815,-0.2459315821854775
0.8382201584757153,1.1755426230077204,-0.3373224645320051
0.0957691997288393,0.26021934406473896,-0.16445014433589966
1.3027289578349044,1.1445462261619659,0.1581827316729385
0.5278905946813321,0.49405418651300737,0.03383640816832478
0.5376149535023803,0.5272376048753873,0.010377348626993022
1.803061011687688,1.7444641067772444,0.05859690491044356
1.3002831754054622,1.1445462261619659,0.15573694924349635
1.3543028706249045,0.8513064042548664,0.5029964663700381
1.657154940484344,1.5805398692059616,0.07661507127838241
0.6589592198082286,0.6672925499644964,-0.008333330156267804
1.5492421339827047,1.667988315304842,-0.11874618132213732
1.76476032878034,1.7772696481057342,-0.01250931932539423
2.145777978876096,2.1876850446948097,-0.04190706581871373
0.0940331914104509,0.32865491044820455,-0.23462171903775364
0.7012246923919626,0.5945895303482558,0.10663516204370682
1.8215241829973985,1.7636568081919575,0.05786737480544102
1.6857629103017877,1.6890809881219366,-0.0033180778201489236
2.371820725765375,2.8648496983101337,-0.49302897254475875
1.3617894064504856,1.2346991348007437,0.12709027164974196
1.7101122346934057,1.6417320618209639,0.0683801728724418
1.02587180380444,1.005161363869042,0.020710439935398117
2.125357278370489,2.0627064789981153,0.06265079937237372
0.4608734415474021,0.6796780174459144,-0.21880457589851227
0.2718836232401322,0.4426174730419752,-0.17073384980184297
1.090284944334203,1.1218547050557948,-0.03156976072159168
1.9550340692286663,1.5319526542171973,0.423081415011469
1.4275633243056365,1.2734998043635068,0.15406351994212963
2.141971420133938,1.9311829234656235,0.21078849666831467
1.1545217716674705,1.0434217445111384,0.11110002715633205
1.8229482522914084,2.0402417963657387,-0.2172935440743302
0.5460825148416127,0.5513863395434156,-0.005303824701802906
1.310070826195133,1.385053654460771,-0.07498282826563796
2.099050424782975,1.382954162948958,0.7160962618340172
0.1306340328024566,0.19764153505103937,-0.06700750224858276
1.414918493037308,1.5515982310876482,-0.13667973805034017
0.9887284598604066,0.928296227449245,0.06043223241116158
0.4818547291458148,0.545778197809412,-0.06392346866359716
2.4715643467364528,2.37042031504072,0.10114403169573283
1.2998717776094149,1.65880857342103,-0.3589367958116152
0.3631822879783228,0.3679442636234018,-0.00476197564507902
1.5907616653991712,1.6568830873395644,-0.06612142194039317
0.5730901019153826,0.48542898479566,0.08766111711972258
0.8000098929557343,0.9025927935829555,-0.1025829006272212
1.9199522348304363,1.9311829234656235,-0.01123068863518717
1.3286696233327262,1.1747018954180688,0.1539677279146574
0.5468058514088707,0.35541994085801876,0.19138591055085197
1.4789564028272382,1.4572897576370778,0.021666645190160372
0.5066244932241175,0.49405418651300737,0.012570306711110146
2.306720414458728,2.1156953577215205,0.1910250567372076
1.929174780999749,1.9101584792303419,0.019016301769407162
1.5646853743266345,1.5259525564463063,0.03873281788032812
1.49278569797129,1.3315413027002445,0.1612443952710454
1.017010928197267,1.0000897951512984,0.01692113304596865
1.538704021207031,1.4483796071295953,0.09032441407743574
0.2975801625009331,0.4248214602760041,-0.12724129777507098
2.12823706294282,2.218127215294249,-0.08989015235142928
1.34244014732689,1.2904397246244252,0.052000422702464855
1.3866767125753965,1.476613514018042,-0.0899368014426456
1.858265170782854,1.8877455534835765,-0.029480382700722618
1.448011150989491,1.4271494710931347,0.020861679896356344
0.127103245015792,0.20157896845965823,-0.07447572344386622
2.4722289124069903,2.374316468148784,0.09791244425820622
1.7641816594252662,1.6367700293686593,0.12741163005660683
1.6243968259033814,1.3315413027002445,0.2928555232031369
0.7648014748734269,1.2000898909952797,-0.4352884161218529
0.2077688590253751,0.2526650373184599,-0.044896178293084815
1.895354264395734,1.7395646372263653,0.15578962716936862
2.491352127555833,2.452862101017611,0.0384900265382222
0.4600054375147918,0.43413837104434655,0.025867066470445232
1.836682609482526,1.7203324061785699,0.11635020330395607
0.0810899838271164,0.19341325182495545,-0.11232326799783905
1.1018628537734156,1.0352696889005266,0.06659316487288902
1.569567897548049,1.3661619870665325,0.20340591048151646
0.2628328717270914,0.4206267624700093,-0.15779389074291789
2.3776797519095307,1.9805692293054284,0.3971105226041023
1.9304180150126893,2.062040049654577,-0.1316220346418877
1.8841108993404132,1.8856422886925768,-0.0015313893521635702
0.7963208752475128,1.0577649327753598,-0.26144405752784694
1.500918715939302,1.3636245468205754,0.1372941691187266
0.5239845759016661,0.49405418651300737,0.029930389388658774
1.711396157593966,1.4342581612589302,0.2771379963350358
2.487843944875513,2.572873211957438,-0.0850292670819246
0.3236564535734701,0.30569712263208737,0.017959330941382745
2.303646232402291,2.2001781318430975,0.10346810055919331
1.9429905114090853,1.815456492737294,0.12753401867179126
1.0614509318078458,1.0446461371613351,0.016804794646510635
1.214952039245909,1.1409964550057072,0.07395558424020177
0.3043207571592468,0.4194529453911634,-0.11513218823191662
1.918930522707676,1.9056899829744196,0.013240539733256451
0.3498412450551453,0.4248214602760041,-0.07498021522085879
0.6882814848086283,0.7907012690773288,-0.10241978426870058
2.109538807793062,2.0292970807581288,0.08024172703493315
0.8497709427493512,0.9288123555607968,-0.07904141281144561
2.491659546774148,2.3785884872911494,0.11307105948299867
2.1430292998192484,2.006576302898922,0.13645299692032653
1.661617024272242,1.8944094803105604,-0.23279245603831855
1.0373050457783,1.0000897951512984,0.037215250627001595
2.0431364895514124,1.8855058211561504,0.15763066839526196
2.1493765804627896,2.160749414575995,-0.011372834113205332
0.2381580456017226,0.25240860709921603,-0.01425056149749343
0.4983422869720183,0.7548339204746337,-0.2564916335026154
0.070741746957311,0.2205457213142274,-0.1498039743569164
0.1224196393377149,0.25194234394974907,-0.1295227046120342
1.648809442263622,1.6188115362395925,0.029997906024029408
1.2722041456838418,1.1515961638389436,0.12060798184489818
1.946354028902564,1.9543119750350348,-0.007957946132470806
0.7182728362983006,0.7569767969947112,-0.03870396069641058
0.8842786281049066,1.0352696889005266,-0.15099106079561997
2.327321950245405,2.291338712375394,0.03598323787001112
1.0913247409977422,0.9909172340220805,0.1004075069756617
1.2583522461929484,1.6147556682669741,-0.35640342207402576
1.5325330542663218,1.8390994120848354,-0.3065663578185136
2.7489323586004724,2.483187779707663,0.26574457889280945
2.207288731752526,2.1373779545122638,0.06991077724026207
0.7710357337827594,0.7083252064948886,0.06271052728787074
0.882049846746909,0.9131128767800908,-0.031063030033181782
0.2577695142372784,0.34934905168871155,-0.09157953745143316
1.342403980523844,1.3299308946903325,0.012473085833511366
0.1070532534186123,0.25194234394974907,-0.14488909053113677
1.891018764545082,1.8877455534835765,0.0032732110615054655
1.515896308156031,1.6880555850502204,-0.1721592768941893
1.829593908996788,1.706724862043128,0.12286904695366019
1.858549984641656,1.7369228497510314,0.1216271348906246
0.8293592828685425,0.8274307604768473,0.0019285223916952754
1.4742411511648497,1.37005455471064,0.10418659645420969
1.1890158945668217,0.8045108303564338,0.3845050642103879
1.3803791616974417,1.09111688490765,0.28926227678979166
0.4228259267677125,0.37451264321676847,0.04831328355094405
0.9273171667683172,0.9907297496603638,-0.06341258289204654
0.1215335517769976,0.14694518620646993,-0.025411634429472335
2.454534285598718,2.4141952166710183,0.04033906892769945
0.3303834857755793,0.4338500673832152,-0.10346658160763589
2.482057251324778,2.4642359831802283,0.017821268144549762
2.5344268337817923,2.572282190956745,-0.0378553571749527
1.1394356787884354,1.2740896420024679,-0.13465396321403245
1.599147851241674,1.4029522209575034,0.19619563028417053
2.503685020812454,2.4642359831802283,0.039449037632225625
2.037024295532766,2.0537584356974294,-0.016734140164663458
1.756523331221924,1.6951917787088064,0.061331552513117504
1.4606333779109772,1.3529860599385757,0.10764731797240157
1.620309973108485,1.9734645645443938,-0.3531545914359089
1.592642340929744,1.5401285182228392,0.052513822706904856
2.1902631921930293,2.3754627178806427,-0.18519952568761333
1.550037804409223,1.3264444217284161,0.22359338268080675
0.0365640839010733,0.1265115579681492,-0.0899474740670759
1.0120199043135465,1.3246781150135818,-0.3126582107000353
0.5059011564036916,0.5915808594873888,-0.08567970308369721
0.6861612038597689,0.9058649537197746,-0.21970374986000574
0.9539359606460492,0.9573735763768442,-0.0034376157307949295
0.3474180669725449,0.3435761333508646,0.0038419336216802824
1.6656631894453575,1.6805811909161896,-0.01491800147083211
1.6492750903908229,1.8033502805049684,-0.1540751901141455
0.2514086713907009,0.32372031797649725,-0.07231164658579636
1.3465496044686285,1.1755426230077204,0.1710069814609081
0.5282884297680072,0.6640504985013849,-0.1357620687333777
2.325486483155348,2.307408647761279,0.01807783539406893
1.4563295240446366,1.4483796071295953,0.00794991691504121
0.3613423000695306,0.4687269806322612,-0.1073846805627306
0.6841358608638437,0.6608804321916172,0.02325542867222652
2.3367208075858703,2.4364206376524473,-0.09969983006657701
1.359908730666745,1.2346991348007437,0.12520959586600133
1.4482643188639817,1.3141373394155555,0.1341269794484261
0.8956576200007814,0.8679200195639803,0.02773760043680107
1.292055219484516,1.036371677490478,0.255683541994038
1.4399097790057902,0.8715723870471388,0.5683373919586514
1.0201936099033393,1.25896695206262,-0.2387733421592808
2.4114957469353078,2.343244271196313,0.06825147573899493
2.042697967349292,1.828599935088919,0.21409803226037316
2.3924719913176378,2.362748802633143,0.02972318868449486
1.6620917140369118,1.5983605466163007,0.06373116742061113
2.057313890522889,1.573972613373242,0.48334127714964703
1.0354921830350845,1.2962138004317276,-0.2607216173966431
1.93234842005568,1.9937977896709662,-0.06144936961528624
1.346897710296053,1.3299308946903325,0.016966815605720553
0.8912588281815065,1.2578017305076976,-0.36654290232619113
2.1310219095622176,2.121473266416209,0.009548643146008562
1.0908636136892764,1.1917779761320426,-0.10091436244276619
0.5699571494685607,0.48542898479566,0.0845281646729007
2.4049495497611004,2.353157275540406,0.051792274220694434
2.2128674656161182,1.990103519298917,0.2227639463172013
0.4827091707222207,0.597872230167277,-0.11516305944505628
0.5123298120376266,0.49405418651300737,0.018275625524619254
0.2825483199530508,0.31161609344106755,-0.029067773488016757
1.2746634905694882,1.0788096959094817,0.19585379466000652
0.9842799385287132,0.7076295149587525,0.2766504235699607
1.515896308156031,1.3969619251381853,0.11893438301784576
1.0811347340494937,0.790444345850239,0.29069038819925463
2.41542437056815,2.5353636119367504,-0.11993924136860024
2.4379698736008555,2.3785884872911494,0.05938138630970613
0.1841247879260759,0.24233482123847783,-0.05821003331240193
0.5262540451346124,0.4732950217270007,0.05295902340761166
1.6527516278463343,1.6025438100681588,0.05020781777817551
0.9217339110733184,1.124165124985432,-0.20243121391211372
1.997493939549675,1.8935185179814344,0.10397542156824047
1.654125967627926,1.0924443644955202,0.5616816031324059
1.244500346702055,1.2085349867388129,0.03596535996324213
1.3973097633040037,1.3856980406014872,0.011611722702516536
2.0773819661545114,2.0627064789981153,0.014675487156396105
1.8419991348468296,2.006576302898922,-0.16457716805209222
1.644831090131032,1.555403364142634,0.08942772598839799
1.1827499896731783,1.186566151834473,-0.003816162161294656
1.7125354130291737,1.6246702712116252,0.08786514181754845
0.8459101326633688,0.887004266673891,-0.0410941340105222
1.4768361218783788,1.422376090180147,0.05446003169823177
2.22928721242714,2.2468456173810205,-0.01755840495388039
2.260928675160232,2.307408647761279,-0.04647997260104697
2.3121816075415524,2.2001781318430975,0.11200347569845492
1.495475606637753,1.7560863404932154,-0.2606107338554624
2.0283080851124344,1.8856422886925768,0.14266579641985766
0.3160297713544393,0.3554335031625301,-0.03940373180809076
2.1868454258874057,2.0061366046249636,0.18070882126244214
1.8382332627137807,1.668628273324586,0.16960498938919466
1.5193683247928085,1.1110821890367402,0.4082861357560683
0.6952345597196514,0.7083252064948886,-0.013090646775237191
1.870670396632896,1.6319920497696845,0.23867834686321143
1.8526638315597483,1.6848272877710866,0.16783654378866175
0.6260112293213979,0.4851516997892739,0.14085952953212394
0.1074827347427667,0.20157896845965823,-0.09409623371689152
0.5207657273925478,0.34205039432849277,0.17871533306405502
0.3478656315716384,0.4754608165461295,-0.12759518497449107
2.1048371183337102,1.9623018622937571,0.1425352560399531
1.1026223573968874,1.0000897951512984,0.10253256224558904
1.85926428007778,1.796095783934604,0.06316849614317621
0.7225766901646414,0.7985669417216775,-0.07599025155703609
1.9115615299413744,1.7175860880927212,0.19397544184865323
0.7685989929907866,0.7609432384929463,0.007655754497840284
1.0924007044643276,1.092387268597133,1.3435867194599993e-05
0.0234716880336519,0.48792723923274567,-0.46445555119909376
1.636187215342136,1.7395646372263653,-0.10337742188422938
0.89942349213383,0.8872618360253028,0.012161656108527152
1.0787929312104552,0.9083025891630574,0.17049034204739777
0.8647485349660805,0.7795460355670482,0.08520249939903235
0.575775489763111,0.7985669417216775,-0.22279145195856653
1.5803184905764318,1.3539598359160614,0.22635865466037042
0.8062667559587404,0.7646834869436643,0.04158326901507614
1.305599700769766,1.2039168786095984,0.10168282216016755
0.3333612220112223,0.31793543570479993,0.015425786306422384
1.2514443799756088,1.1858643635215587,0.0655800164540501
0.1604897584642464,0.2893697075758382,-0.12887994911159179
0.7617951063638504,1.1400451641911546,-0.37825005782730425
2.0041486368798527,1.917675420447559,0.08647321643229366
1.2238897692779087,1.1858643635215587,0.03802540575635005
0.4049233412849685,0.4275098197158614,-0.022586478430892898
2.023298978966446,2.342568088414173,-0.3192691094477267
1.528229200399981,1.5891380576960694,-0.060908857296088526
2.6377916616990773,2.3370180701007968,0.30077359159828054
2.210200162309168,1.981427337314037,0.22877282499513085
0.8261946844374094,0.7155296227545702,0.11066506168283918
2.375898536163298,2.373126500374801,0.0027720357884968294
1.911873468206249,1.6593433882159054,0.2525300799903436
0.7566051649367922,0.8463085419375121,-0.08970337700071995
2.4197598704188032,2.4790493786179555,-0.05928950819915224
2.445203241805113,2.6106719333442028,-0.16546869153908972
1.3484076759055277,0.9025927935829555,0.44581488232257216
2.5644453106902096,2.41742614593588,0.14701916475432952
1.61854683962452,1.5386911892448427,0.07985565037967723
1.342498918476778,1.1747018954180688,0.16779702305870914
0.6380909536908569,0.4851516997892739,0.15293925390158297
1.6358888390271296,1.6025438100681588,0.033345028958970735
2.2555172118429945,2.2401690013117106,0.015348210531283879
0.8448025232124722,0.8758710617157289,-0.03106853850325675
1.24815319760723,1.2368746405877198,0.011278557019510194
2.0895023781457507,2.0402417963657387,0.049260581780012025
0.8244858012845976,0.8366975778458785,-0.012211776561280918
0.5694824597038908,0.578685654057417,-0.009203194353526234
0.2543246227660781,0.3468577726501359,-0.09253314988405781
1.201547704354109,1.1343965498461712,0.06715115450793774
0.1313935364259286,0.32865491044820455,-0.19726137402227595
1.0082947198022787,0.8715605776758804,0.13673414212639834
0.9906272189190864,1.46164557521987,-0.4710183563007836
0.9946462589266254,0.8758710617157289,0.11877519721089647
0.8321622130160469,0.7795460355670482,0.05261617744899871
0.3715368278365141,0.43722799835705106,-0.06569117052053697
2.213491344677547,2.0627064789981153,0.1507848656794315
2.316245855736439,2.2401690013117106,0.07607685442472834
2.5072610170396343,2.4790493786179555,0.028211638421678842
2.0412106060866595,2.13774004670008,-0.09652944061342073
1.9003543299169243,1.8718412892429988,0.02851304067392557
1.0986666093579711,1.5176751724284163,-0.4190085630704452
1.4459496411905195,1.5315893532830336,-0.08563971209251409
1.9331169643039503,2.173529454172262,-0.24041248986831154
1.149092224822126,1.1244909929013314,0.024601231920794664
1.1653130523176347,1.1858643635215587,-0.02055131120392395
0.1992786935924689,0.2663895604007346,-0.0671108668082657
0.6180906916060956,1.5707055666003384,-0.9526148749942428
1.9226014568877905,1.8048927220816646,0.11770873480612587
1.7628208820998792,1.9087559505566314,-0.1459350684567522
0.4116006439746595,0.38863925675886357,0.022961387215795936
1.2160732111530097,1.161168988327955,0.054904222825054694
1.463449870514686,1.4363863475408127,0.027063522973873155
1.913234245531636,1.815456492737294,0.09777775279434198
2.308781925017203,2.3332735903087523,-0.024491665291549225
1.1399420145374164,1.0886799797059645,0.051262034831451864
1.92526876019474,1.42734789604569,0.49792086414905
1.268289085266706,1.2580063800424213,0.01028270522428465
1.685771951939257,1.755066769416599,-0.06929481747734179
1.0008443510329117,0.9603812684716189,0.04046308256129283
1.5537991557235369,1.6963736591652157,-0.14257450344167877
2.238839778110923,2.2280199905971125,0.010819787513810297
0.2967257209245272,0.26139917869563384,0.035326542228893365
1.9808571924267129,1.930988424294414,0.0498687681322989
0.3008080529006889,0.31793543570479993,-0.017127382804111024
1.759466407762878,1.7564015886056583,0.003064819157219789
2.1190280815082234,2.344907066253173,-0.22587898474494938
0.0809001079212484,0.24031660901700372,-0.15941650109575534
0.9339809070018036,0.8684408248294406,0.06554008217236296
1.6184835476558974,1.8003964388739824,-0.18191289121808496
2.017385701478465,1.8935185179814344,0.12386718349703063
2.4086837759098376,2.3628807257088287,0.045803050201008944
0.3627528066541683,0.5863397433270587,-0.22358693667289042
0.643818876851208,0.7894434043343873,-0.14562452748317933
1.3999680259861556,1.2051128011109673,0.19485522487518825
0.0388847895016269,0.5569737854508197,-0.5180889959491928
0.5867991423190513,0.5569737854508197,0.029825356868231623
0.630423583850045,0.7894434043343873,-0.15901982048434227
0.5437226284744673,0.5449357714350803,-0.001213142960613034
0.5651786058375498,0.29387009049054436,0.2713085153470054
1.3090219878941245,1.3156979191169889,-0.006675931222864362
1.798074508622702,1.4745881808098495,0.32348632781285236
0.9510064465612998,1.1218547050557948,-0.17084825849449492
1.3986388946450796,1.42734789604569,-0.02870900140061039
0.4196070780054262,0.4412857594133688,-0.0216786814079426
1.2543015602010978,0.9760314723452039,0.2782700878558939
1.9670052944548264,2.006576302898922,-0.039571008444095446
2.1184720159936554,1.9623018622937571,0.15617015369989828
1.776555239290997,1.4340595772171383,0.3424956620738586
1.3632903301693229,1.3246781150135818,0.03861221515574109
2.119597709225827,2.483187779707663,-0.3635900704818358
0.6930645492583739,1.5707055666003384,-0.8776410173419645
2.1597881093012177,2.0565059824320073,0.10328212686921034
2.578211313865639,2.579772516228333,-0.0015612023626943028
2.3828922986961025,2.3878388675539455,-0.004946568857842948
2.5755846971677983,2.811785173585366,-0.2362004764175678
0.9707535407715704,1.104875106406748,-0.13412156563517752
1.705415066559124,1.6319920497696845,0.07342301678943941
1.3436336530932511,1.0116373010350266,0.33199635205822453
0.8469182833425968,0.8221892403328991,0.024729043009697693
1.8247249489910813,1.7427485234531648,0.08197642553791651
2.2197888955555016,2.1502777918386267,0.06951110371687497
0.0450135617121988,0.1265115579681492,-0.08149799625595039
0.5973670927009085,0.34205039432849277,0.2553166983724157
1.4964023818202512,1.3151209992468806,0.18128138257337056
0.6912923741369393,0.7216033759423446,-0.030311001805405247
1.2634156036827613,1.4797910333999005,-0.2163754297171392
1.1792689313989315,0.934651355865292,0.2446175755336395
1.6496774465494004,1.6172421525811984,0.032435293968201995
0.9072084042744172,0.9603812684716189,-0.053172864197201686
0.549699198690574,0.5232586722888,0.026440526401774078
2.013805183673047,2.068596411264288,-0.054791227591240776
1.2092738453448084,1.0786805041296499,0.13059334121515853
1.1016096858989248,1.2039168786095984,-0.10230719271067357
0.972200214412422,1.0325150545321193,-0.060314840119697344
1.799118826104976,1.7444641067772444,0.05465471932773158
1.302530040291567,1.4560912976130438,-0.15356125732147685
0.0900774433715345,0.19559092051072308,-0.10551347713918857
0.460041604317838,0.5207520703686768,-0.06071046605083874
0.0873784930676018,0.14094555779829887,-0.05356706473069707
2.3942215610795587,2.5353636119367504,-0.14114205085719167
0.7586350287514522,0.5440899919814094,0.21454503677004277
1.671269049487198,1.5983605466163007,0.07290850287089734
1.8563347657398628,1.668628273324586,0.1877064924152767
1.62734442326307,1.4767273348128884,0.15061708845018162
0.9728738217204296,0.8968925559405174,0.07598126577991215
1.7833500842804633,1.766654291878441,0.016695792402022347
2.153363974486018,1.8855058211561504,0.2678581533298674
1.0808182742063803,0.9958105380107706,0.08500773619560975
2.1468629854991583,2.523452552134959,-0.37658956663580057
0.1472300910377986,0.1880191348084864,-0.04078904377068779
0.6937517192757537,0.6359394959671032,0.057812223308650545
1.0019881272868545,0.9909172340220805,0.011070893264773951
1.356929487322745,1.382954162948958,-0.0260246756262128
1.8464612186347276,1.815456492737294,0.031004725897433527
2.1672610831769306,2.4335811095875837,-0.2663200264106531
1.9595187583760776,1.6572755509527586,0.302243207423319
0.3176889249948328,0.3830980450784024,-0.06540912008356958
0.5530581938463099,0.5449357714350803,0.008122422411229624
1.5411724079833151,2.058142939870624,-0.516970531887309
1.9137405812806172,1.9087559505566314,0.004984630723985806
0.8017956305333732,0.7391992943682224,0.06259633616515081
1.4836354876865805,1.7772696481057342,-0.2936341604191537
0.8302453704292598,1.20707160304724,-0.3768262326179801
2.1032819435242165,2.2818418927561064,-0.1785599492318899
1.9006029762131769,1.766654291878441,0.13394868433473595
2.1259223845098547,1.990103519298917,0.13581886521093778
1.2500338731378031,1.1660600455910761,0.083973827546727
1.0071012142890856,1.218072172965074,-0.21097095867598847
1.7091809386921728,1.5983605466163007,0.11082039207587213
1.404873153554412,1.912330559954565,-0.5074574064001531
0.65255768933987,0.7219106995154222,-0.06935301017555218
1.2509154398797857,1.0116373010350266,0.23927813884475913
0.0926588516288592,0.25194234394974907,-0.15928349232088987
1.9489942078034403,1.872520050873429,0.07647415693001136
1.243003943801953,1.9734645645443938,-0.7304606207424409
1.385220997297075,1.4690316810856974,-0.08381068378862233
2.209788764513121,2.130554881877515,0.07923388263560582
2.2654902184793024,2.0627064789981153,0.2027837394811871
0.4708554890616759,0.5368676492443869,-0.066012160182711
1.4590510786954107,1.3079181364456511,0.1511329422497596
2.205801370489893,1.9311829234656235,0.27461844702426963
2.2022253742627127,2.1685010917745693,0.03372428248814341
0.0068485046327334,0.11323063541466322,-0.10638213078192982
2.05825422942743,2.006576302898922,0.05167792652850833
0.9738864932183924,0.9911569008814625,-0.017270407663070086
2.41824086317186,2.4420102181253585,-0.0237693549534983
1.4798379695692208,1.9351225529267027,-0.4552845833574819
0.0918270141461273,0.32865491044820455,-0.23682789630207723
1.6812375345452673,1.5321055928536365,0.1491319416916308
2.106211457862134,2.13774004670008,-0.03152858883794618
0.3007990112632193,0.4356028010223941,-0.13480378975917484
1.2920235735002046,1.3254532698037784,-0.03342969630357384
0.5544370546998042,0.6796780174459144,-0.12524096274611018
0.5488492779329028,0.4384390198524132,0.11041025808048965
2.3740630690732414,2.344189143749995,0.029873925323246286
1.6432623533716697,1.527565132274678,0.11569722109699176
1.959084755220517,1.8877455534835765,0.07133920173694053
2.08424914475007,2.0537584356974294,0.030490709052640508
2.1835361597377525,1.6848272877710866,0.4987088719666659
0.5277097604129336,0.49960464324244935,0.02810511717048425
2.454886913004381,2.6293060092688076,-0.17441909626442653
1.5116286210927363,1.8877455534835765,-0.3761169323908402
0.1162034639564896,0.32865491044820455,-0.21245144649171493
2.239346113859904,2.6106719333442028,-0.37132581948429877
0.3755242218597419,0.3926573866850849,-0.017133164825342995
1.6687373707422914,1.6417320618209639,0.027005308921327575
1.1503761477226864,1.1917779761320426,-0.041401828409356245
1.6336917036534433,1.9096788272411676,-0.27598712358772426
0.6204957864137566,0.7569767969947112,-0.13648101058095463
1.832862486005653,1.7444641067772444,0.08839837922840865
1.859698280701662,1.6825621100786312,0.17713617062303078
1.0583496253453353,0.9884616834903228,0.06988794185501246
0.848220289518096,0.8054635142095502,0.042756775308545825
1.431645656281798,1.31002954189201,0.12161611438978803
0.6314136510011659,0.61594208688768,0.015471564113485825
0.1809330643293663,0.2782974933458358,-0.09736442901646952
1.1242456063189965,1.4638973298398483,-0.3396517235208518
0.3359893458174197,0.4243100411814036,-0.0883206953639839
1.6324981978870825,1.555403364142634,0.07709483374444859
1.592353006252207,1.359924737126524,0.23242826912568315
1.5030932472193144,1.3264444217284161,0.17664882549089822
1.742377576234759,1.658702466326771,0.08367510990798799
1.5407293642029567,1.910091032396917,-0.3693616681939602
0.0998876985080472,0.25194234394974907,-0.15205464544170189
1.7711754219580704,1.6214097191671497,0.14976570279092072
0.2944155640698,0.32677585658372627,-0.03236029251392625
0.5400788194599293,0.5513863395434156,-0.011307520083486344
1.40627461850158,1.3586797089554006,0.0475949095461794
2.612836542280474,2.5353636119367504,0.0774729303437236
1.7422509922975138,1.6568830873395644,0.08536790495794944
0.6683128687081782,0.8054637568493082,-0.13715088814112997
1.4369368648586525,1.4490721055696307,-0.012135240710978268
1.151135651346158,1.0840613584696357,0.06707429287652222
1.911995530565256,1.8718412892429988,0.04015424132225731
2.436523201479011,2.171981103933935,0.26454209754507607
1.9251602600387696,1.6156988735280504,0.3094613865107192
0.4960321301172911,0.5232586722888,-0.027226542171508883
2.1329206686208977,2.0347683120975146,0.09815235652338306
1.3797281584831078,1.476613514018042,-0.09688535553493427
1.312349337065549,1.3156979191169889,-0.0033485820514398412
0.150634294887218,0.2119986759914615,-0.0613643811042435
1.6581676119823066,1.4342581612589302,0.2239094507233763
0.8179848120445705,0.8883731460077632,-0.07038833396319266
0.1317552047095576,0.20157896845965823,-0.06982376375010063
2.626408147971796,2.588411628904523,0.03799651906727286
0.907787073629491,0.7749029495984958,0.13288412403099514
1.5054757376801335,1.42734789604569,0.07812784163444353
1.0941095876171394,0.9907297496603638,0.10337983795677563
0.0002887442428182,0.15836357639409168,-0.1580748321512735
1.8269989382832583,1.9029213806995444,-0.0759224424162861
0.6812379927634056,0.7155296227545702,-0.03429162999116464
0.8114024473078135,0.7284127007826455,0.082989746525168
0.0510895906999744,0.15836357639409168,-0.10727398569411728
0.9555634683021312,1.0672893369789627,-0.11172586867683143
0.3035476910795703,0.3740198881934197,-0.07047219711384939
0.9691983667215804,0.9403254884620447,0.028872878259535772
1.0167035099916233,0.9275230803496175,0.08918042964200579
0.989270962412434,1.3330312545073628,-0.34376029209492887
0.7073323673640496,0.7083252064948886,-0.0009928391308390294
0.9681495284205716,0.8715605776758804,0.0965889507446912
2.3775757733317997,2.363514949896423,0.014060823435376513
2.215295165783292,2.0627064789981153,0.1525886867851769
0.853319813810955,0.7550478925233104,0.09827192128764461
2.02646357739758,1.8121541744091634,0.21430940298841672
2.3137729473819166,2.160749414575995,0.15302353280592174
1.6947774950117822,1.6192916622351958,0.07548583277658638
1.200449136540682,1.235950780469083,-0.03550164392840105
0.2197129575669513,0.1875002170899741,0.0322127404769772
2.302995228934789,2.41742614593588,-0.11443091700109109
1.3214633805472125,1.0230210790179186,0.29844230152929385
0.8271757099510608,0.9408831357254206,-0.11370742577435977
0.6527385236082685,0.5207520703686768,0.13198645323959168
2.4230329690059067,2.3376889554434,0.08534401356250676
1.6572001489248598,1.4271494710931347,0.23005067783172506
0.2063447897313652,0.19767481415721205,0.008669975574153138
2.425130647126932,2.572873211957438,-0.14774256483050596
0.8965753535458102,0.8513064042548664,0.04526894929094383
0.5701696297212706,0.6295301376525902,-0.05936050793131964
0.8163573041353204,0.6200633157808249,0.19629398835449552
0.7368264247422102,0.6359394959671032,0.10088692877510697
2.3242206437828945,2.353157275540406,-0.02893663175751149
2.4798239486417097,2.374316468148784,0.10550748049292569
0.7057817141327942,0.7952035095970185,-0.08942179546422424
1.92044952995462,1.7451889620688077,0.17526056788581235
1.6794427550769908,1.3718086716084563,0.3076340834685345
0.844350437794644,0.9132517264995862,-0.06890128870494217
1.308099733530361,1.4560912976130438,-0.14799156408268277
1.8942014467574892,1.8718412892429988,0.022360157514490497
2.360283503694776,2.121473266416209,0.23881023727856698
1.3450079928748426,1.454097721370135,-0.1090897284952923
1.1162527349976017,1.0090850037658452,0.10716773123175649
0.2190031834558977,0.2782974933458358,-0.05929430988993811
1.188875748173372,1.1611826587003102,0.027693089473061816
1.6832628775411924,1.463521756494656,0.21974112104653631
1.7754476298401,1.644609675362563,0.1308379544775371
1.1275593930342165,1.09228578319562,0.0352736098385964
0.8196123197006527,1.0026950810433797,-0.18308276134272694
0.3268029684764961,0.3435761333508646,-0.01677316487436853
1.1443001187349109,1.0886799797059645,0.05562013902894636
0.5407298224210951,0.5232586722888,0.017471150132295166
1.0601941340728618,0.9900412539933301,0.07015288007953169
1.7491362544211797,1.6158407549441292,0.13329549947705055
1.207140001939745,1.161168988327955,0.0459710136117899
1.8250052412716449,1.6673340609830494,0.1576711802885955
1.5080842708498672,1.4572897576370778,0.05079451321278938
2.423399158614606,2.8648496983101337,-0.4414505396955275
2.2404853692951123,2.3048119439083568,-0.06432657461324442
0.2859027942900519,0.433349449522272,-0.14744665523222011
1.0811709008525396,1.2138069862702592,-0.13263608541771954
0.1343953838636024,0.1875002170899741,-0.05310483322637172
1.5429129371204384,1.5295434976461941,0.013369439474244293
0.9672408365130128,0.4687269806322612,0.49851385588075164
1.8424467002054268,2.3137751562518556,-0.4713284560464288
2.2834606159899,2.249270956458555,0.034189659531344674
0.1386992377299435,0.16794344990697233,-0.029244212177028828
1.7004556886597149,1.5805398692059616,0.11991581945375329
0.8684013858712557,0.9058649537197746,-0.0374635678485189
1.2720233114154431,1.1917779761320426,0.0802453352834005
0.8684104275087254,0.7330675785108064,0.13534284899791904
0.3626759522293414,0.37451264321676847,-0.011836690987427068
0.5114346828394399,0.5785435466131446,-0.06710886377370462
0.7493582345294975,0.7216033759423446,0.027754858587152875
2.138870113671428,1.8048927220816646,0.3339773915897635
0.9530317895572248,0.9132517264995862,0.03978006305763859
1.4073957906618486,1.3079181364456511,0.09947765421619748
0.6356858588831956,0.61594208688768,0.01974377199551558
1.865267973940456,1.7395646372263653,0.12570333671409073
1.0484399114371536,0.9665154899508489,0.08192442148630474
0.6277743628053628,0.6043579611387739,0.02341640166658887
1.1873929077294745,1.161168988327955,0.02622391940151947
1.5922806726461152,1.5983605466163007,-0.006079873970185501
0.1628586864688614,0.1880191348084864,-0.025160448339624997
1.269586570623471,1.161168988327955,0.10841758229551601
1.5272165289020183,1.31002954189201,0.21718698701000827
0.5679318064726356,0.824392157775187,-0.2564603513025514
1.6057935079470536,1.4690316810856974,0.13676182686135618
1.300631281232887,1.3046537655733061,-0.004022484340419075
0.2317565151333642,0.3032630869366185,-0.07150657180325432
0.7005872518870011,0.9843819066346746,-0.2837946547476735
0.1183373073615532,0.19902299139347657,-0.08068568403192336
2.121365362769023,1.847948165970054,0.27341719679896914
1.1750600154855246,1.1870661644200224,-0.012006148934497807
2.270372740688045,2.344907066253173,-0.07453432556512762
1.419584015440446,1.463521756494656,-0.04393774105421011
1.011513568564565,1.3330312545073628,-0.3215176859427977
1.640129400924848,1.4898258996709626,0.15030350125388536
1.5242508480142227,1.6805811909161896,-0.1563303429019669
0.7547290102249541,0.7846720997208759,-0.029943089495921837
0.1401820781738413,0.2526650373184599,-0.11248295914461862
2.4141359258361845,2.572873211957438,-0.15873728612125326
1.463956206263667,1.5805398692059616,-0.1165836629422945
0.3032583561488657,0.3725879024608907,-0.06932954631202498
0.2786242178984457,0.48792723923274567,-0.20930302133429995
0.4108411403511876,0.5053365113880669,-0.09449537103687933
0.5648892711600131,0.6295301376525902,-0.06464086649257716
2.316562315579552,2.423622651859376,-0.10706033627982414
2.312543275572013,2.344907066253173,-0.0323637906811598
2.6007568168983424,2.770540763347255,-0.16978394644891281
1.286273045993012,0.982931655357878,0.3033413906351341
2.307131812254776,2.8648496983101337,-0.5577178860553578
0.833315030907459,0.8666582137402524,-0.03334318283279347
0.7367947787578988,1.0446461371613351,-0.30785135840343636
1.986426885665507,1.9465852853877752,0.03984160027773176
1.4919176939386796,1.796095783934604,-0.30417808999592433
1.0998691567618015,1.124165124985432,-0.02429596822363056
1.407938293213876,1.3568939150292858,0.05104437818459018
1.7412699667838625,1.422376090180147,0.3188938766037155
1.3858765213301434,1.4946567682855563,-0.10878024695541288
1.5971631958675296,1.2138069862702592,0.38335620959727046
1.8646893055980545,1.6890632957729768,0.1756260098250777
1.6414675739033937,1.4905433426406907,0.15092423126270305
2.30390392185502,1.8660479658564746,0.4378559559985453
1.0885127692127687,1.0723083144012535,0.016204454811515223
0.5308924423721737,0.5648573386559513,-0.033964896283777635
2.3411512453894567,2.588411628904523,-0.24726038351506618
1.0122414262037256,0.9275230803496175,0.08471834585410809
0.8972082732320368,0.7959102460338179,0.1012980271982189
1.1726730042059703,1.2605563367237904,-0.0878833325178201
1.695193413626564,1.4429018412163312,0.2522915724102328
1.029886322993244,1.1300229465791738,-0.10013662358592978
1.4339422506803208,1.8517700854200607,-0.41782783473973995
0.873537076967161,0.8062390788748838,0.06729799809227721
1.8362621710616809,1.8877455534835765,-0.05148338242189565
0.5877467134702636,0.48542898479566,0.10231772867460365
0.464345458184179,0.4031310152357443,0.0612144429484347
2.0828883674246828,1.910091032396917,0.17279733502776584
2.2433561132426454,1.8121541744091634,0.431201938833482
1.4681922473426507,1.422376090180147,0.04581615716250376
1.4475048152405097,1.3079181364456511,0.13958667879485853
0.4800780332056454,0.6769455441417789,-0.19686751093613347
2.004975954050185,2.0347683120975146,-0.029792358047329603
0.9380225513561844,1.2126313531919195,-0.2746088018357351
1.345853392813779,1.3299308946903325,0.015922498123446482
0.3383040234908816,0.3679442636234018,-0.0296402401325202
1.6844970709293343,1.6848272877710866,-0.0003302168417522733
0.0832554732164913,0.2205457213142274,-0.1372902480977361
0.7372242600820533,1.0535183988401866,-0.3162941387581333
1.2896003951644364,1.2039168786095984,0.08568351655483797
0.2223893037772102,0.25623015032209234,-0.03384084654488215
1.217908678243067,1.1863131877437743,0.03159549049929278
1.3603156076440577,1.3735225801739055,-0.013206972529847816
2.000821289480603,1.9634533692651803,0.03736792021542246
1.3601980653442816,0.8564733624670366,0.5037247028772449
2.475013759026388,2.4798842805533594,-0.0048705215269713165
0.3105278909030023,0.433349449522272,-0.12282155861926969
0.6315085889540999,0.9009970835302883,-0.2694884945761884
0.3464099162933172,0.40159104221511166,-0.05518112592179447
1.0344885531745915,1.3770436915815252,-0.34255513840693363
1.4056326571778837,1.2734998043635068,0.1321328528143768
0.2461870839793312,0.45843564181411467,-0.21224855783478347
2.55374896799298,2.572873211957438,-0.019124243964457666
0.835778896865008,0.7959102460338179,0.03986865083119007
0.4129825185385316,0.5102145820512172,-0.0972320635126856
0.0900910058277388,0.2695129411882645,-0.17942193536052573
1.0811347340494937,1.1218547050557948,-0.04071997100630109
2.391531652413096,2.500345796978239,-0.10881414456514316
2.324094059845649,2.3055920182802696,0.01850204156537938
2.590702437043816,2.5470122666629953,0.04369017038082079
0.5273300086011976,0.4514139626546628,0.07591604594653478
1.9135868729372996,2.1012137715993866,-0.18762689866208704
2.079701163634036,2.6106719333442028,-0.5309707697101667
0.4300954612686812,0.6189067313929665,-0.18881127012428528
0.6625216535792045,1.216958478130569,-0.5544368245513644
0.9226878114213932,0.8968925559405174,0.0257952554808758
2.569617168335993,1.7790281391571057,0.7905890291788875
0.6562828738511375,0.5220179556120887,0.13426491823904874
0.3116942715037868,0.5632972505896476,-0.2516029790858608
0.0912483447910537,0.26021934406473896,-0.16897099927368525
1.6554279738034252,1.782066115857881,-0.12663814205445578
0.5048161512996368,0.49405418651300737,0.010761964786629385
2.10838146857658,1.9351225529267027,0.17325891564987717
1.346707834390185,1.1747018954180688,0.17200593897211625
1.2140478681570848,1.2475539409251075,-0.033506072768022754
1.7028788669954829,1.9209697853593073,-0.21809091836382444
2.329867191193348,2.3137751562518556,0.01609203494149236
0.2666936818130739,0.41110313610888827,-0.14440945429581437
1.97228565225658,1.6890632957729768,0.28322235648360317
1.0874955768960712,1.0090850037658452,0.07841057313022604
1.1721802309131937,1.0762617128900287,0.09591851802316498
2.396197174309898,2.411837922511288,-0.015640748201390053
1.4127484828291983,1.3156979191169889,0.09705056371220944
2.5750060288253964,2.4941817035958156,0.08082432522958083
1.0613243478706005,0.9295199114779568,0.13180443639264372
2.27728964904919,2.3048119439083568,-0.027522294859166685
0.6756863830527183,1.1811191088818462,-0.5054327258291279
0.4050680087503209,0.4860712680240725,-0.08100325927375163
1.3044287993502468,0.7098101724997419,0.5946186268505049
0.1856166700074433,0.2663895604007346,-0.08077289039329127
1.5513307689472526,1.6158407549441292,-0.06450998599687652
2.489182119373066,1.9520635903540955,0.5371185290189706
0.941783902670498,0.7846720997208759,0.15711180294962213
1.9118870304092856,1.5891380576960694,0.32274897271321623
0.4050680087503209,0.4426174730419752,-0.03754946429165429
0.8446397724721807,0.9911569008814625,-0.14651712840928177
0.8813536350920598,0.7663395556469673,0.11501407944509245
1.810289858566876,1.6214097191671497,0.18888013939972637
1.246358418138954,1.3770436915815252,-0.1306852734425712
0.4348333172779113,0.31971234650448266,0.11512097077342864
1.5694955639419568,1.6417320618209639,-0.0722364978790071
0.2785925719141344,0.45843564181411467,-0.17984306989998028
2.011115275006584,1.917675420447559,0.09343985455902493
1.0393258679554904,0.9188105706292264,0.12051529732626398
1.9885516881926044,1.573972613373242,0.4145790748193625
2.310011596827107,2.2280199905971125,0.08199160622999457
0.8336812202629905,0.8062390788748838,0.027442141388106744
1.7703661888221802,1.5163728395109433,0.25399334931123696
0.4993549584699808,0.5793777538235668,-0.08002279535358603
1.0219296182217277,0.9251843699494554,0.09674524827227227
2.608021831086912,2.5470122666629953,0.06100956442391681
2.200570742453725,2.344907066253173,-0.14433632379944772
2.1261167819939613,2.171981103933935,-0.045864321939973696
1.1828132816418009,1.1733222712656113,0.009491010376189601
0.9649668464613316,0.9277466968743072,0.037220149587024354
0.8025054046444267,1.2126313531919195,-0.41012594854749285
0.6393567930633101,0.8004832291250658,-0.1611264360617557
1.2729093989761606,1.3423643153778058,-0.06945491640164514
1.0542356473848622,1.2346991348007437,-0.18046348741588147
0.9385288871051656,1.2000898909952797,-0.26156100389011416
0.9062273787607662,1.0805082513118838,-0.17428087255111757
0.1502048135630638,0.1797498752256437,-0.02954506166257989
1.0084755540706771,0.9277466968743072,0.08072885719636991
1.0708633516045152,0.9958105380107706,0.0750528135937446
1.9232795847613648,1.9805692293054284,-0.0572896445440636
2.138427069891069,1.9217931133343664,0.2166339565567026
1.733579992596209,2.0989101586579793,-0.36533016606177027
1.60237574164143,1.5967459771076593,0.00562976453377062
1.2568694057490508,1.1870661644200224,0.06980324132902838
0.9623673549290676,0.9429192426380375,0.01944811229103005
2.434642523669927,2.6106719333442028,-0.1760294096742756
1.6998770193046413,1.7395268323543254,-0.03964981304968407
0.8481479559120038,0.7216033759423446,0.12654457996965918
0.9499937750633372,0.7663395556469673,0.18365421941636983
0.7634090515637284,0.7216033759423446,0.04180567562138382
1.3782588807485825,1.216958478130569,0.1613004026180136
1.779909713627998,1.68370278902544,0.09620692460255809
0.3089727168530123,0.35541994085801876,-0.04644722400500645
0.3908725242507376,0.37960008417316526,0.011272440077572332
2.3677971641795974,2.363514949896423,0.004282214283174213
1.6370190528248678,1.3151209992468806,0.3218980535779872
2.2069722719094127,2.13774004670008,0.06923222520933248
2.1896483562880777,2.1012137715993866,0.08843458468869114
1.380632329571932,1.3024350862667071,0.07819724330522493
1.617344292220689,1.476613514018042,0.140730778202647
1.6028504314060998,1.4340595772171383,0.16879085418896156
2.3915632983974078,2.3055920182802696,0.08597128011713817
1.4376900392852625,1.385053654460771,0.05263638482449151
1.2199656672233037,1.1858643635215587,0.03410130370174502
1.2631940817925822,1.1855732685340237,0.07762081325855852
1.2038488195713664,1.1660600455910761,0.037788773980290236
0.9183116239489598,1.0108522125134867,-0.09254058856452685
0.7866055580639343,0.867665777356187,-0.08106021929225271
2.308528757142713,2.223433572893155,0.08509518424955775
1.3817896685352469,1.5295434976461941,-0.14775382911094725
2.219326864184556,2.6544512250747756,-0.43512436089021955
2.29568952813711,1.990103519298917,0.305586008838193
2.061002908484278,1.890350476448224,0.17065243203605385
2.534752336781383,2.5950480494313917,-0.06029571265000877
2.36380977015637,1.9217931133343664,0.44201665682200364
2.699058287325815,2.770540763347255,-0.07148247602144009
0.8650559531717241,0.4687269806322612,0.3963289725394629
0.8989171563848486,0.8221892403328991,0.07672791605194951
1.7965148137539773,1.8660479658564746,-0.06953315210249733
1.856841101488844,1.4638973298398483,0.39294377164899563
0.2684296901314623,0.37541700979625203,-0.10698731966478975
0.5305578990009534,0.6412195943854323,-0.1106616953844789
0.6345827702510338,0.6357121388303236,-0.0011293685792898023
1.5319317805644066,1.3282403060191004,0.20369147454530623
1.2562636112284005,1.3264444217284161,-0.07018081050001568
1.0002792441340425,0.9573735763768442,0.042905667757198285
0.4957382746210195,0.9573735763768442,-0.4616353017558247
0.2326742486783929,0.3842816240420833,-0.15160737536369043
2.4036475428260973,2.3811699314613772,0.02247761136472004
1.16854998435486,1.1611826587003102,0.007367325654549672
1.0779384896340491,1.097230644630641,-0.01929215499659187
1.0254739684645968,0.9266552759528539,0.09881869251174291
1.5194406583989004,1.3151209992468806,0.20431965915201977
1.6688639546795363,1.6805811909161896,-0.011717236236653328
2.531229685557036,2.6544512250747756,-0.1232215395177394
2.052539868470116,1.9311829234656235,0.12135694500449268
1.5737270842022055,1.5319526542171973,0.04177442998500824
2.239694219687329,2.010267299845051,0.22942691984227803
1.85817023282992,1.8856422886925768,-0.027472055862656664
1.3599448974697912,1.3246781150135818,0.0352667824562094
0.3151753297780332,0.3554335031625301,-0.04025817338449689
1.5138935695069478,1.8233008279722807,-0.3094072584653329
1.297403390833131,1.1747018954180688,0.12270149541506226
0.3378338545449464,0.3482807669436208,-0.010446912398674402
0.649293632137068,0.7029757489690023,-0.053682116831934246
1.3388596302809748,1.1870661644200224,0.15179346586095233
0.4841332400162306,0.597872230167277,-0.11373899015104638
1.5199831609509276,1.5401285182228392,-0.02014535727191169
0.214541099668,0.25285123933729603,-0.03831013966929603
1.6297133512676851,1.815456492737294,-0.1857431414696089
1.7349724159059077,1.706724862043128,0.028247553862779773
1.5276279266980657,1.5874684678890372,-0.059840541190971486
0.335492051705908,0.4243100411814036,-0.08881798947549557
2.168016065222164,1.9937977896709662,0.17421827555119762
0.2915764671192498,0.4356028010223941,-0.14402633390314434
0.6450349867112428,0.578685654057417,0.06634933265382581
0.9845195439469996,0.9516899657628944,0.032829578184105146
2.039411306559152,2.523452552134959,-0.48404124557580674
0.3098588044137297,0.40705893397826154,-0.09720012956453183
1.1889842485825104,1.2578017305076976,-0.06881748192518722
2.411604247091278,2.7359735070624875,-0.32436925997120936
0.2137092624384359,0.19902299139347657,0.014686271044959343
1.1940476060723235,1.1219836450619547,0.07206396101036883
1.1831613874692253,1.6420894761012317,-0.4589280886320064
0.905183061278492,1.20707160304724,-0.3018885417687479
0.7823243085444348,0.8004832291250658,-0.018158920580630955
1.6025520550910934,1.5891380576960694,0.013413997395024024
0.3447959710934392,0.37451264321676847,-0.02971667212332929
0.7895486346048881,0.7313669934128676,0.05818164119202052
1.287846303571109,1.1597479158155786,0.1280983877555304
1.813187726920482,1.7395268323543254,0.07366089456615654
0.358055638519887,0.3747105626160404,-0.016654924096153434
0.5137493605129019,0.5632972505896476,-0.04954789007674576
1.751233931023197,2.4141952166710183,-0.6629612856478213
0.1425690897065633,0.2857448918195993,-0.143175802113036
1.663832243174035,1.4490721055696307,0.21476013760440438
1.2508657103673673,1.1582990167868703,0.09256669358049696
2.364044854249585,2.2909862063238196,0.07305864792576555
2.5470083733346662,2.5096914163238324,0.03731695701083382
1.773368036513022,1.6520471378587707,0.12132089865425133
0.3499859125204976,0.35541994085801876,-0.005434028337521157
0.3519163175634888,0.37451264321676847,-0.02259632565327968
1.6762691150083884,1.5321055928536365,0.14416352215475192
1.1309455133555288,1.0116373010350266,0.11930821232050226
0.7661215645770333,0.8004832291250658,-0.03436166454803247
0.8350555600445821,0.7391992943682224,0.09585626567635974
1.997674772299066,2.4642359831802283,-0.4665612108811623
0.4673925143155363,0.4749985463120322,-0.007606031996495899
2.332459149209171,2.183621662715945,0.14883748649322603
0.7059715900386623,0.6039699443878663,0.10200164565079595
0.8077134295995921,0.7155296227545702,0.09218380684502192
0.0734949475923969,0.19559092051072308,-0.12209597291832618
0.8686952413675273,0.887004266673891,-0.01830902530636369
1.3363641183391146,1.422376090180147,-0.08601197184103238
1.3085111313264084,1.4483796071295953,-0.13986847580318695
0.3374224567488991,0.40159104221511166,-0.06416858546621257
0.2713230371599978,0.30569712263208737,-0.03437408547208959
1.9394099961353457,1.8718412892429988,0.06756870689234695
1.9695369731997328,1.9543119750350348,0.015224998164697912
2.2940303747498847,2.207119709913443,0.0869106648364415
2.374695988759468,2.3055920182802696,0.06910397047919847
1.3860437928891698,1.2916540584807317,0.09438973440843812
0.3179601763974304,0.466084329114253,-0.1481241527168226
0.7560355372191881,0.71991681457678,0.03611872264240812
1.985052546137083,2.205624301413038,-0.22057175527595496
0.874011766731831,0.7959102460338179,0.07810152069801313
1.1056558510720405,1.1110821890367402,-0.005426337964699712
1.285947544512429,0.7591668249971437,0.5267807195152854
1.691884147730079,1.4081306286292437,0.28375351910083535
1.1655978661764366,1.1733222712656113,-0.007724405089174713
2.1222243259236677,2.061886649705281,0.060337676218386704
2.067621440783584,1.9209697853593073,0.1466516554242765
2.2279852054921365,2.3137751562518556,-0.08578995075971907
1.5931486766787255,1.5967459771076593,-0.003597300428933803
1.4478484002491996,1.6158407549441292,-0.16799235469492957
1.4545573489232018,1.2962138004317276,0.15834354849147414
1.177370172340252,0.8110066928978881,0.366363479442364
1.4352804236588663,1.3156979191169889,0.11958250454187747
1.5565116687368414,2.1520971747147373,-0.5955855059778958
0.4434997961604813,0.4917776948205856,-0.04827789866010429
2.19906077583158,2.107446802497849,0.09161397333373111
1.1002805545578491,0.9760314723452039,0.12424908221264519
1.8658104772519872,1.6980311803740968,0.1677792968778904
1.7285934895312232,1.476613514018042,0.2519799755131811
1.252276217205173,1.060767863980543,0.19150835322463
2.2356525743202766,2.3426297465788384,-0.10697717225856174
0.8614799569445437,0.820653620293484,0.040826336651059725
1.0201212762972471,0.9746498299152335,0.045471446382013614
0.9193604622499686,0.9186159385753527,0.0007445236746158601
2.4096512392204525,2.373126500374801,0.03652473884565133
2.4876088607822973,2.362748802633143,0.12486005814915435
1.3142707004710703,1.3024350862667071,0.011835614204363187
1.1408190604606645,1.0840613584696357,0.05675770199102881
2.6677739710449444,2.770540763347255,-0.10276679230231078
0.5102411770730788,0.5516949815541554,-0.041453804481076606
1.1721485849288822,1.7560863404932154,-0.5839377555643332
0.2370730404976679,0.4194529453911634,-0.1823799048934955
1.1357104945303358,0.7771653146492109,0.3585451798811249
0.0696929086563023,0.17650216398030671,-0.10680925532400441
1.7033852027444645,1.7118436048786303,-0.008458402134165821
0.5060458236158761,0.5056858463966359,0.0003599772192401929
0.1124828002639569,0.4338500673832152,-0.3213672671192583
2.1923970353449254,2.1614069778079594,0.03099005753696593
0.107378755152363,0.19902299139347657,-0.09164423624111356
1.7819757442457038,1.9142310797739035,-0.13225533552819968
2.3084609435958514,2.3055920182802696,0.002868925315581805
1.882600932718268,1.9096788272411676,-0.027077894522899548
0.61201466261832,0.6796780174459144,-0.06766335482759434
1.551737645924565,1.9217931133343664,-0.37005546740980133
0.8218184969649762,0.9911569008814625,-0.16933840391648625
1.0334442356923177,1.0708892978506328,-0.03744506215831511
0.0902040273087797,0.14094555779829887,-0.05074153048951917
0.9594875703567366,0.9746498299152335,-0.015162259558496927
1.5722171185927312,1.31002954189201,0.2621875767007211
1.7789377297518163,1.930988424294414,-0.15205069454259768
0.3128968189076175,0.45843564181411467,-0.14553882290649717
0.5643829354110318,0.6043579611387739,-0.03997502572774214
0.7128839770747368,0.7155296227545702,-0.002645645679833386
1.3311063641246987,1.3586797089554006,-0.02757334483070184
0.5869148762406995,0.6769455441417789,-0.09003066790107939
1.2946999197104636,1.3731069952807071,-0.07840707557024351
1.1109452512707676,1.1308218319540557,-0.019876580683288125
1.5291469339450094,1.3845671535396822,0.14457978040532726
2.3680955402414363,2.362748802633143,0.005346737608293406
1.118314244796573,1.150987242441903,-0.03267299764532994
0.9916579739451562,0.9665154899508489,0.025142483994307296
1.67832158316989,1.527565132274678,0.15075645089521217
0.4481427142167775,0.4275098197158614,0.0206328945009161
1.3565180895266975,1.262379874479525,0.09413821504717257
2.162667893873549,2.1187891558454277,0.043878738028121145
2.0636159629790822,1.7636568081919575,0.29995915478712476
1.5531481525092028,1.5259525564463063,0.027195596062896454
0.9233026478326808,1.0786805041296499,-0.1553778562969691
0.6824902696796545,0.7216033759423446,-0.039113106262690045
2.0116351729586013,1.7118436048786303,0.299791568079971
1.976987341715932,2.204253345558019,-0.22726600384208706
1.199038629956044,1.1300229465791738,0.06901568337687025
0.0950458629084134,0.2695129411882645,-0.17446707827985114
1.1622750378237467,1.1219836450619547,0.040291392761792055
1.5720634094899095,1.7772696481057342,-0.20520623861582465
0.6965410867138855,0.7985669417216775,-0.10202585500779204
1.0375898596371018,1.0230210790179186,0.014568780619183208
0.5974032595039546,0.6233256160294033,-0.02592235652544872
2.405392593541459,2.4420102181253585,-0.03661762458389939
0.1369632296647229,0.26139917869563384,-0.12443594903091093
2.242257544416547,2.3137751562518556,-0.07151761183530869
1.66823103499331,1.5967459771076593,0.07148505788565074
0.8711319821594997,0.8457994982152557,0.025332483944244033
1.9662940117164085,2.0061366046249636,-0.039842592908555075
0.7486529812371785,1.0116373010350266,-0.2629843197978481
1.2708298056490823,1.1445462261619659,0.12628357948711644
1.6428057471351067,1.599196554691484,0.043609192443622824
1.624179824831937,1.6188115362395925,0.005368288592344506
0.7190730275435533,1.1219836450619547,-0.4029106175184014
1.4474686484374637,1.2368746405877198,0.2105940078497439
1.0218934514186817,1.1244909929013314,-0.10259754148264966
2.4868674409401006,2.423622651859376,0.0632447890807244
0.7641685551872003,0.7749029495984958,-0.010734394411295534
1.203161649553987,1.1660600455910761,0.037101603962910845
0.0392042630551183,0.20157896845965823,-0.1623747054045399
0.8042052461597691,0.8054637568493082,-0.001258510689539083
2.445745745116645,2.452862101017611,-0.007116355900965932
1.688014296006627,1.599196554691484,0.08881774131514297
0.992779145852257,1.3735225801739055,-0.3807434343216485
0.854138088584315,0.7208126522689319,0.13332543631538307
1.3769071450606645,1.3079181364456511,0.06898900861501334
1.805267188698844,1.5319526542171973,0.2733145344816468
2.275327598021888,2.3370180701007968,-0.061690472078908876
2.3307080705667174,2.1876850446948097,0.14302302587190763
1.1330341483200768,1.1409964550057072,-0.007962306685630471
1.161931452815057,1.1822036484342429,-0.020272195619185807
1.6782492495637975,1.3856980406014872,0.29255120896231035
0.9481899539575912,0.8758710617157289,0.07231889224186228
0.6841675068481552,0.7216033759423446,-0.03743586909418939
1.35564104360345,1.3264444217284161,0.029196621875033912
0.1587808753114345,0.26924067700769005,-0.11045980169625555
0.3369658505123361,0.3807412742187981,-0.043775423706462036
1.890069385015742,1.877198630932478,0.012870754083263991
1.2663812845705569,1.3856980406014872,-0.11931675603093028
0.4178710696870378,0.3747105626160404,0.04316050707099739
0.3271375118477165,0.5162081100427497,-0.1890705981950332
0.613850129708377,0.6804169999106329,-0.06656687020225582
1.079724227211688,1.2962138004317276,-0.2164895732200396
1.6655727723111582,1.7210055903529595,-0.055432818041801335
0.508057604155597,0.5378360526216596,-0.02977844846606259
2.6530540667619373,2.5470122666629953,0.10604180009894204
1.2548440627531254,1.385053654460771,-0.13020959170764557
0.309130946774569,0.4275098197158614,-0.1183788729412924
1.2327099572633005,1.161168988327955,0.07154096893534545
0.3921700096075021,0.3973085475367318,-0.005138537929229692
1.592660424457851,1.5437846912463167,0.04887573321153438
1.1314202031201988,1.0230210790179186,0.10839912410228014
1.8825918920934697,1.6705948331889224,0.21199705890454723
0.7802447152173565,0.9573735763768442,-0.17712886115948767
0.2770735646671904,0.39732410048473,-0.12025053581753958
2.206465936160431,2.3592232027518865,-0.1527572665914554
2.002254399399411,1.9619273181351846,0.04032708126422646
1.1407738520201487,1.1644193665090072,-0.023645514488858543
0.1428945911871462,0.24233482123847783,-0.09944023005133162
0.3288644785286353,0.4860712680240725,-0.1572067894954372
1.0308989944912068,0.7128823512250427,0.3180166432661641
0.3673821622542602,0.377670611877022,-0.01028844962276182
2.4667586786993687,2.3785884872911494,0.08817019140821936
1.1745853257208547,0.8564733624670366,0.3181119632538181
1.2468014619193124,1.0849214231071111,0.16188003881220125
1.4849013270590337,1.4674178378705052,0.01748348918852849
0.6914777292240726,0.6672925499644964,0.024185179259576195
0.7083269553339052,0.649907096424685,0.05841985890922019
0.9600571980743404,0.8679200195639803,0.09213717851036007
1.9959252025371448,1.9600102688979193,0.03591493363922549
1.3778113161494887,1.422376090180147,-0.04456477403065828
1.5775019979727236,1.4572897576370778,0.12021224033564581
0.8126502031521599,0.8463085419375121,-0.03365833878535229
1.33493552822637,1.3511181996624384,-0.01618267143606844
1.2619282424201288,1.150987242441903,0.11094099997822582
2.4449862414931727,2.307408647761279,0.1375775937318937
0.0314645596082143,0.32865491044820455,-0.29719035083999024
1.1332240242259448,1.1515961638389436,-0.018372139612998772
1.3823032375435704,1.4560912976130438,-0.07378806006947336
0.6380547868878108,0.6608804321916172,-0.022825645303806374
2.016052048559151,1.9634533692651803,0.052598679293970774
1.5206341641652614,1.315290393770178,0.20534377039508334
2.288600827651372,2.4790493786179555,-0.19044855096658342
0.8255617647511828,1.4081306286292437,-0.5825688638780608
2.3386512126288617,2.4420102181253585,-0.10335900549649679
1.6235649886738173,1.562142895177813,0.06142209349600436
0.4457783070308972,0.49960464324244935,-0.05382633621155214
1.4098415730912908,1.25896695206262,0.15087462102867066
0.7714471315788064,0.793721526270539,-0.022274394691732646
1.362982911963679,1.7060062137041516,-0.3430233017404727
0.6274579029622495,0.5692234825828737,0.05823442037937576
1.208826280745715,1.097230644630641,0.11159563611507406
1.3388912762652865,1.0924443644955202,0.2464469117697663
0.6207489542882473,0.5220179556120887,0.09873099867615853
0.6155590128611891,0.8274307604768473,-0.2118717476156582
0.3936890168544459,0.5175078948705308,-0.12381887801608493
0.4472023763249071,0.4749985463120322,-0.027796169987125086
0.4875510063218544,0.3725879024608907,0.1149631038609637
1.0792043290065023,0.8110066928978881,0.26819763610861425
0.7116543047584977,0.6462407079050569,0.06541359685344073
0.7454341324748922,0.6920163542621621,0.05341777821273008
2.490425353386006,2.153505642590024,0.33691971079598204
1.681829766609713,1.562142895177813,0.11968687143190015
1.8466782189466684,1.764018184498623,0.08266003444804548
0.8149106304944684,0.8274307604768473,-0.012520129982378836
0.8018589225019959,0.7569767969947112,0.044882125507284654
1.075628332779322,0.8872618360253028,0.18836649675401906
2.17872597012243,2.3048119439083568,-0.12608597378592679
1.8640383021305529,1.6825621100786312,0.18147619205192167
0.7080376206563685,0.649907096424685,0.05813052423168352
2.065162094632099,1.8855058211561504,0.1796562734759486
0.5599886644104914,0.7548339204746337,-0.19484525606414227
1.939025722745371,1.8235666236011945,0.11545909914417662
2.093119060982041,2.1520971747147373,-0.05897811373269635
0.6282490525700327,0.46862634413064014,0.15962270843939258
1.38367034406582,1.2368746405877198,0.14679570347810023
2.025102800072192,1.8478160758853925,0.17728672418679947
1.3480686117155722,1.3586797089554006,-0.010611097239828338
0.5593195779212188,0.6043579611387739,-0.045038383217555156
2.375979911913196,2.3754627178806427,0.0005171940325534585
1.3126567552711927,1.3423643153778058,-0.029707560106613018
0.1819547774647985,0.19764153505103937,-0.015686757586240885
1.619912137768642,1.4429018412163312,0.17701029655231082
2.4475902528315,2.8648496983101337,-0.4172594454786336
2.439443672660452,2.5950480494313917,-0.15560437677093963
1.3532178655208498,1.1435180006844525,0.20969986483639724
1.474842424866765,1.4745881808098495,0.0002542440569155424
0.7777311200005572,0.7876086540061812,-0.009877534005623967
1.4205695617728322,1.3151209992468806,0.10544856252595158
1.39470123013427,1.4342581612589302,-0.03955693112466019
1.2560420893382211,1.1244909929013314,0.13155109643688978
1.2239575820652662,1.2368746405877198,-0.012917058522453617
2.101781020058548,1.8521233069187995,0.2496577131397486
0.1880217648151046,0.2782974933458358,-0.09027572853073121
1.9291024458746493,1.872520050873429,0.05658239500122031
0.8369724026313692,0.9009970835302883,-0.0640246808989191
1.7569844585303898,1.8121541744091634,-0.05516971587877362
2.4792226749397948,2.41742614593588,0.061796529003914635
1.631521693192166,1.476613514018042,0.1549081791741238
1.3968350735393338,1.454097721370135,-0.05726264783080115
1.1356743274741217,1.1079534304896335,0.027720896984488208
1.5069630989427665,1.4572897576370778,0.04967334130568868
1.896118289597444,1.42734789604569,0.468770393551754
0.4462846427798785,0.3725879024608907,0.07369674031898782
2.3905913135085544,2.171981103933935,0.2186102095746194
1.8116687194203704,1.8033502805049684,0.008318438915402071
0.3424541682544008,0.41484329770723827,-0.07238912945283749
0.7874961664433862,0.8064557556997317,-0.018959589256345555
1.0109755868312724,0.9603812684716189,0.050594318359653556
1.5164252482518543,1.2528818056942217,0.2635434425576326
0.9383480528367674,0.9736058652964424,-0.035257812459675075
1.8275685660008627,1.890350476448224,-0.06278191044736126
0.6964145027766403,0.8004832291250658,-0.10406872634842546
2.036156289221645,2.0488881783563953,-0.012731889134750318
0.3392895698232677,0.40159104221511166,-0.06230147239184397
0.7775864525352049,0.8588639071175588,-0.08127745458235391
2.199919738986224,2.2468456173810205,-0.04692587839479634
1.796270687516956,1.755066769416599,0.04120391810035717
1.8549106964458528,1.4429018412163312,0.4120088552295216
0.4469175624661051,0.4085860379171646,0.03833152454894051
1.9005668111823055,2.058142939870624,-0.1575761286883186
0.3525537580684502,0.3740198881934197,-0.021466130124969507
2.487830382672477,2.362748802633143,0.12508158003933412
1.4314874263602415,1.30604076432896,0.12544666203128152
2.2183286586989417,1.7560863404932154,0.46224231820572625
1.4897793294617134,1.6568830873395644,-0.16710375787785092
1.2079356723662629,1.4081306286292437,-0.20019495626298078
1.886823410834711,1.847948165970054,0.03887524486465699
2.096193243038478,1.8641234955080739,0.23206974753040432
0.9558889697827144,0.8968925559405174,0.058996413842197004
1.2518648194091255,1.1244909929013314,0.12737382650779416
1.2168960067451045,1.6327139529395078,-0.4158179461944034
0.853188709054975,0.5368676492443869,0.3163210598105881
0.7285668228369526,0.7700978158502884,-0.04153099301333574
1.472532268012038,1.4578319775684532,0.014700290443584896
0.8213212028534645,0.8292524149089051,-0.007931212055440562
1.4017085551232786,1.910091032396917,-0.5083824772736383
2.117350844339722,2.3592232027518865,-0.24187235841216426
2.260860861613371,2.16766808937442,0.09319277223895117
1.2214259033203598,1.0230210790179186,0.19840482430244122
0.8736817444325133,0.7663395556469673,0.10734218878554602
1.0124539064564353,0.7771653146492109,0.2352885918072244
2.437798081476262,1.9520635903540955,0.4857344911221666
1.3151251420474763,1.1811191088818462,0.1340060331656301
2.2357384716484123,2.173529454172262,0.062209017476150485
1.406613682691535,1.3735225801739055,0.03309110251762948
2.1093941400745417,2.1113590016052903,-0.001964861530748596
0.939758559674573,1.0325150545321193,-0.09275649485754633
1.2577374100348286,1.463521756494656,-0.20578434645982746
2.0899454219261093,2.0488881783563953,0.041057243569714075
0.129549027445234,0.14910125840134622,-0.01955223095611222
0.2138177628475742,0.2205457213142274,-0.006727958466653194
0.2452377044499913,0.31971234650448266,-0.07447464205449136
2.400202652114401,2.3944767039764603,0.005725948137940584
0.7792139601912871,0.6814855901111319,0.09772837008015522
2.3717212662342027,2.363514949896423,0.008206316337779462
1.7388648719762012,1.8033502805049684,-0.06448540852876716
2.5471982492405343,2.95696054986428,-0.40976230062374563
1.9196267343625253,1.5386911892448427,0.3809355451176826
1.722372793331263,1.4905433426406907,0.23182945069057226
0.5522670442385267,0.608294709605499,-0.056027665366972346
2.3611515074742178,2.342568088414173,0.018583419060044903
1.8251227845840925,1.872520050873429,-0.04739726628933649
0.1242686688839765,0.16794344990697233,-0.04367478102299582
1.1945901086243509,1.092387268597133,0.10220284002721791
1.032815836824826,1.0535183988401866,-0.020702562015360693
1.2751698263184696,1.46164557521987,-0.1864757489014004
2.053516372405529,1.7955670717022525,0.2579493007032767
1.7323141532237556,1.6192916622351958,0.11302249098855977
0.5317966132078302,0.5945895303482558,-0.06279291714042556
0.2561450202915742,0.31793543570479993,-0.06179041541322572
1.9845462103881024,1.766654291878441,0.2178919185096615
0.7790331261760565,1.1219836450619547,-0.3429505188858982
1.2133833024865466,1.2051128011109673,0.008270501375579276
2.362887515033103,2.362748802633143,0.00013871239996010587
2.4784405659568094,2.632557141628749,-0.1541165756719396
2.105632789519732,1.9142310797739035,0.1914017097458287
2.192433202907475,1.9196019448935087,0.27283125801396646
1.6179455659226047,1.65880857342103,-0.04086300749842531
1.1236669369639227,0.7098101724997419,0.41385676446418085
0.9910069707308224,0.8205144201740837,0.17049255055673873
0.9539495231022536,0.7663395556469673,0.18760996745528624
1.519051864949695,1.3731069952807071,0.1459448696689878
1.4618042793304966,1.3151209992468806,0.14668328008361597
0.8357065632589159,0.9736058652964424,-0.13789930203752654
1.0889467713556575,0.8760487188974355,0.21289805245822202
0.3750133652920258,0.5368676492443869,-0.16185428395236112
0.5776154776719028,0.6569623479100082,-0.07934687023810538
0.8512266580276725,0.7952035095970185,0.056023148430654035
0.848220289518096,0.8642106580960962,-0.01599036857800018
0.8780579319049465,0.7846720997208759,0.0933858321840706
1.6611106885232605,1.7048426026525976,-0.04373191412933708
0.2508526061293012,0.26010632989779436,-0.00925372376849315
0.7418897822320232,0.6359394959671032,0.10595028626491998
1.9101012930848145,1.706724862043128,0.20337643104168657
0.2864769428263906,0.5516949815541554,-0.26521803872776484
2.320169957791044,2.2909862063238196,0.029183751467224628
1.4649733985803646,1.4342581612589302,0.03071523732143433
0.5638494744964739,0.8054637568493082,-0.24161428235283422
0.4332058096218291,0.43413837104434655,-0.0009325614225174639
1.3928160335317945,1.347532963505382,0.04528307002641241
0.4339653132453011,0.3973085475367318,0.036656765708569294
1.8341283253781064,1.821968877915509,0.01215944746259745
1.1105444022205466,1.0788096959094817,0.0317347063110649
0.2384971097916778,0.25623015032209234,-0.01773304053041455
2.0931733123258653,2.1156953577215205,-0.022522045395655166
2.3531224680839378,2.2818418927561064,0.07128057532783139
0.6234072169703992,0.6357121388303236,-0.012304921859924378
0.96514768072973,0.8457994982152557,0.11934818251447432
2.386183481064481,1.7790281391571057,0.6071553419073754
2.097459082410932,1.9135378272804702,0.18392125513046187
1.6043965638186202,1.5515982310876482,0.05279833273097201
1.175240849753923,1.1244909929013314,0.0507498568525917
2.563251803911177,2.4895798523586423,0.07367195155253459
1.5648752502325023,1.7564015886056583,-0.19152633837315602
1.1820763823651703,1.1409964550057072,0.041079927359463086
0.8085452668291562,0.7646834869436643,0.04386177988549189
0.4443813629024638,0.4754608165461295,-0.03107945364366571
1.620309973108485,1.6147556682669741,0.00555430484151076
0.3839827413083369,0.43413837104434655,-0.05015562973600968
1.8363706712176515,1.764018184498623,0.07235248671902861
0.1437625952197564,0.2957587901280847,-0.1519961949083283
0.9984573395001894,1.2578017305076976,-0.25934439100750817
1.803707493830119,1.6156988735280504,0.18800862030206855
1.893455505337054,1.6593433882159054,0.23411211712114866
1.7343711422039922,1.8003964388739824,-0.06602529666999013
0.8283646948986871,0.9696855044339723,-0.14132080953528514
2.1250408185273764,2.4420102181253585,-0.3169693995979821
0.6425756418255965,0.7700978158502884,-0.1275221740246919
0.5110006806965508,0.5440899919814094,-0.03308931128485859
0.976070066135874,1.8478160758853925,-0.8717460097495185
1.2315887851030318,1.315290393770178,-0.08370160866714627
0.3398953643439177,1.5707055666003384,-1.2308102022564207
0.9897727773426804,1.0446461371613351,-0.05487335981865471
1.4828036504570163,1.4081306286292437,0.07467302182777269
1.228699958893231,1.2916540584807317,-0.06295409958750064
1.954925569072696,1.097230644630641,0.8576949244420551
0.9297086991197738,0.7453610571042032,0.18434764201557063
0.5178362133077983,0.5362590232265577,-0.018422809918759442
1.2077910049009108,1.0840613584696357,0.12372964643127515
0.9779371792102424,0.934651355865292,0.04328582334495035
1.5745272754474584,1.9600102688979193,-0.3854829934504609
0.9950576567226728,1.09111688490765,-0.09605922818497725
1.054009604675948,0.9900412539933301,0.06396835068261786
0.6410204677756065,0.6357121388303236,0.005308328945282881
1.2083515909810452,1.186566151834473,0.02178543914657216
2.067585273221035,1.9135378272804702,0.15404744594056474
1.6162954539196808,1.599196554691484,0.01709889922819685
1.943456160548957,1.8914204918400548,0.052035668708902305
2.038932095216244,2.204253345558019,-0.16532125034177492
1.366581512537701,1.4745881808098495,-0.10800666827214855
0.2407439746777823,0.3446441854925796,-0.10390021081479728
2.0599766747832797,1.8944094803105604,0.16556719447271928
0.6874225224134876,0.7191171127026087,-0.03169459028912114
0.3674544958603525,0.3725879024608907,-0.005133406600538182
0.423042927839157,0.5053365113880669,-0.08229358354890992
1.7919035416819924,1.6673340609830494,0.12456948069894302
0.4114695392186793,0.38863925675886357,0.02283028245981572
0.4779306270912097,0.7661539466025356,-0.28822331951132585
1.658294195919552,1.5295434976461941,0.12875069827335794
0.4900962475229651,0.4687269806322612,0.021369266890703897
1.4069617885189598,1.42734789604569,-0.0203861075267302
2.256998243908765,2.183621662715945,0.0733765811928202
0.3609806315327338,0.5317374662176585,-0.1707568346849247
2.1097558081050027,2.2001781318430975,-0.09042232373809478
0.6973005903373577,0.6765959928600802,0.020704597477277487
1.760130973433416,1.6673340609830494,0.0927969124503667
0.4439744859251512,0.5232586722888,-0.07928418636364876
0.818789524108558,0.9888775326753533,-0.1700880085667953
1.862379148743327,1.9805692293054284,-0.11819008056210145
1.3655869245678454,1.4363863475408127,-0.07079942297296737
1.814453566292935,1.5456654292434955,0.2687881370494396
0.969053699256228,0.8999694865494354,0.06908421270679255
1.7961441035797103,1.4490721055696307,0.3470719980100796
1.74168136457991,1.668628273324586,0.073053091255324
1.2486233665531654,1.3141373394155555,-0.06551397286239014
1.1745220337522322,1.0982956248603648,0.07622640889186738
1.8055429609201763,1.930988424294414,-0.12544546337423768
1.3690951077545006,1.3586797089554006,0.010415398799100029
1.6123171015339226,1.5020568068732019,0.11026029466072074
2.0093114539008377,1.3773172626077141,0.6319941912931235
1.6816489323413146,1.4898258996709626,0.19182303267035206
0.877406928690613,1.2984221796144815,-0.4210152509238685
0.783630835538669,0.8679200195639803,-0.08428918402531138
0.8478721836906713,0.7846720997208759,0.06320008396979537
0.1493820179709691,0.2857448918195993,-0.1363628738486302
1.7237109663098085,1.9734645645443938,-0.24975359823458532
2.506881265227898,2.3731014371098054,0.13377982811809241
1.7657323126565216,1.9465852853877752,-0.18085297273125356
0.8731573251554251,1.2000898909952797,-0.32693256583985464
1.317277068980647,1.5020568068732019,-0.18477973789255486
1.860448743700336,1.7444641067772444,0.11598463692309169
0.9834481012991492,1.0805082513118838,-0.0970601500127346
0.7316545668432589,0.6920163542621621,0.03963821258109679
0.2159968149463212,0.25240860709921603,-0.036411792152894834
0.1439705546537315,0.2695129411882645,-0.12554238653453303
0.9677516930807288,1.0352696889005266,-0.06751799581979778
0.5645140401670118,0.5656056097340267,-0.0010915695670149494
2.26440521185624,2.4909992946348796,-0.22659408277863946
1.0736481982239126,1.060362454389656,0.013285743834256625
0.8865933060315365,0.7488729606413852,0.13772034539015132
1.3418253111687704,1.2475539409251075,0.09427137024366283
1.4416141413398675,1.5240801726631663,-0.08246603132329877
2.1537753722820647,2.0565059824320073,0.0972693898500574
0.2800392455549861,0.40159104221511166,-0.12155179666012556
2.461442153335065,2.6221060968461227,-0.16066394351105773
0.1982750637319758,0.2893697075758382,-0.0910946438438624
0.4190284086503528,0.5449357714350803,-0.12590736278472753
0.2240891452925526,0.29770372903802667,-0.07361458374547405
0.4042000044645427,0.4412857594133688,-0.0370857549488261
1.281607523843042,1.1611826587003102,0.12042486514273176
2.235232135899431,2.1614069778079594,0.07382515809147172
0.2306805516667789,0.24826307606926568,-0.017582524402486782
1.859481280389721,1.860390430890763,-0.0009091505010421219
1.142871528622166,0.9907297496603638,0.15214177896180225
1.62924318232175,1.2676434704866968,0.36159971183505313
0.5211273956761768,0.5184533949896114,0.0026740006865654253
2.405745220947122,2.3376889554434,0.06805626550372201
1.3784261523076085,1.1477932963853459,0.23063285592226257
0.7115412832774567,0.6754023757979021,0.036138907479554616
0.1892243122189351,0.29770372903802667,-0.10847941681909157
2.02689758055314,1.9623018622937571,0.06459571825938304
2.472436872094133,2.4141952166710183,0.05824165542311466
0.1640341087071155,0.2893697075758382,-0.1253355988687227
0.8798979198137387,0.867665777356187,0.012232142457551665
0.8091239364373978,0.8883731460077632,-0.07924920957036541
1.5850473046950246,1.6420894761012317,-0.05704217140620704
2.5091462138952774,2.3592232027518865,0.1499230111433909
1.522691153145498,1.8390994120848354,-0.31640825893933733
1.1146975609476115,0.9907297496603638,0.12396781128724776
0.6344019359826354,0.4514139626546628,0.18298797332797256
0.3111879357548056,0.4356028010223941,-0.12441486526758855
1.1318948928848689,0.9958105380107706,0.1360843548740983
1.5869641472818117,1.755066769416599,-0.16810262213478722
2.1376042742989743,2.523452552134959,-0.38584827783598463
1.3745201337811104,1.422376090180147,-0.047855956399036614
1.0281503146748556,0.790444345850239,0.2377059688246166
2.124765045293372,1.990103519298917,0.13466152599445524
0.5530581938463099,0.5232586722888,0.029799521557509978
0.3913472140154075,0.5496208706487973,-0.15827365663338977
2.135253430835138,1.9623018622937571,0.17295156854138072
0.5306211909695762,0.5362590232265577,-0.005637832256981556
0.6212010397060755,0.7219106995154222,-0.10070965980934665
0.3204014380081377,0.37451264321676847,-0.054111205208630775
0.297905663981516,0.3830980450784024,-0.08519238109688637
2.26049919358291,1.990103519298917,0.270395674283993
1.129128129793579,1.1110821890367402,0.01804594075683874
1.699782081351707,1.8944094803105604,-0.1946273989588534
1.1001223246362923,1.0805082513118838,0.019614073324408565
1.3579557212769118,1.2931536391632736,0.06480208211363814
0.6322319257745257,0.7219106995154222,-0.0896787737408965
2.0547822117779826,1.726363164826243,0.3284190469517396
0.9020727131785122,0.7488729606413852,0.15319975253712703
2.023267332982135,1.9087559505566314,0.11451138242550352
2.1831021591138704,2.2827564214934206,-0.09965426237955022
2.525457458018649,2.249270956458555,0.27618650156009394
2.600236918946325,2.7359735070624875,-0.13573658811616252
0.4070210178869861,0.4338500673832152,-0.026829049496229107
0.3647645871938893,0.5043432362618847,-0.1395786490679954
1.1629079575099734,1.1124479950007975,0.05045996250917595
2.1919991997519146,2.0627064789981153,0.12929272075379927
0.6897372000869493,0.5809479084390741,0.10878929164787521
2.367702226226664,2.006576302898922,0.3611259233277422
0.9427784906403536,0.8221892403328991,0.12058925030745449
0.2700571977875445,0.3842816240420833,-0.11422442625453882
2.071961462212476,1.9619273181351846,0.11003414407729117
1.474557611007963,2.223433572893155,-0.7488759618851921
2.532039822755406,2.3628807257088287,0.1691590970465775
0.5246717459190459,0.545778197809412,-0.021106451890366085
0.2505225838299837,0.40705893397826154,-0.15653635014827783
0.1333058579408129,0.3032630869366185,-0.16995722899580562
2.0457766684522896,1.8388479702000777,0.20692869825221183
2.3230316585821003,2.121473266416209,0.20155839216589122
1.2131075302652146,1.1597479158155786,0.053359614449635995
1.4922431954192623,1.8131592279717565,-0.32091603255249423
1.4066453286758465,1.262379874479525,0.14426545419632153
1.4220569230354647,1.5546510910588842,-0.1325941680234195
0.2281172269375611,0.24826307606926568,-0.020145849131704585
1.0637384843157311,0.9453074045108335,0.11843107980489764
2.1622881420618127,2.0402417963657387,0.12204634569607409
0.5424884350863254,0.5272376048753873,0.015250830210938093
0.3586569122218023,0.4917776948205856,-0.1331207825987833
1.11338199206274,1.124165124985432,-0.010783132922692173
0.5351601291823008,0.6765959928600802,-0.14143586367777938
1.6572182324529667,1.65880857342103,-0.0015903409680633196
1.964627324053238,2.160749414575995,-0.19612209052275698
1.5030570804162684,1.3856980406014872,0.11735903981478124
0.6449626531051506,0.6569623479100082,-0.01199969480485763
0.3152069757623446,0.34934905168871155,-0.03414207592636698
2.512943732012637,2.5647973944436258,-0.051853662430988656
1.3343342545244548,1.42734789604569,-0.09301364152123526
1.3686611058647793,1.1235221954493702,0.24513891041540914
1.3441761556452785,1.912330559954565,-0.5681544043092865
1.8550056343987864,1.7564015886056583,0.09860404579312809
2.2119723374306024,2.1373779545122638,0.07459438291833864
0.4768953512464052,0.5207520703686768,-0.04385671912227157
0.1390021351168525,0.18307631928394413,-0.044074184167091635
0.5267287348992823,0.5175078948705308,0.009220840028751454
0.0599278619603054,0.22848776911812468,-0.1685599071578193
2.5680619935264994,2.632557141628749,-0.06449514810224954
1.7319931725619075,1.8877455534835765,-0.155752380921669
0.882144784699843,0.8366975778458785,0.04544720685396453
0.5902738713964353,0.3747105626160404,0.21556330878039487
1.4130694634910466,1.5874684678890372,-0.1743990043979906
1.2259467582581454,1.0849214231071111,0.14102533515103421
0.1235588947729228,0.1880191348084864,-0.0644602400355636
1.1820221320340176,1.0918203192123939,0.09020181282162376
2.608243352977092,2.811785173585366,-0.2035418206082742
1.252782552954154,1.1515961638389436,0.1011863891152105
0.0561303438429456,0.23656161752960808,-0.18043127368666248
0.5146535313485582,0.4860712680240725,0.028582263324485657
1.808522204264176,1.7203324061785699,0.08818979808560612
1.482912150866155,1.9688986324878535,-0.48598648162169855
2.109376056293267,2.0159133296032827,0.09346272668998434
1.062581145605584,0.9083025891630574,0.15427855644252664
1.139001676898714,1.2676434704866968,-0.1286417935879829
0.5024562649324914,0.578685654057417,-0.0762293891249256
0.2524213428886636,0.31161609344106755,-0.059194750552403974
0.9349122030030366,0.8588639071175588,0.07604829588547779
1.7066763851128426,1.877198630932478,-0.17052224581963538
1.1202175246739876,0.887004266673891,0.23321325800009662
1.5031655808254067,1.3386967075902385,0.16446887323516823
0.3398908435251829,0.3926573866850849,-0.05276654315990198
2.099629093125377,2.0565059824320073,0.043123110693369604
0.8164477212695196,0.737585049822868,0.0788626714466516
0.7562254131250563,0.6754023757979021,0.08082303732715423
0.3951944616451855,0.4577628210223376,-0.0625683593771521
0.9416392352051456,1.315290393770178,-0.3736511585650325
0.5258742933228765,0.5184533949896114,0.007420898333265091
2.2008962429216368,1.2962138004317276,0.9046824424899091
1.084520854370806,1.1932141684221307,-0.10869331405132465
2.141243562494777,2.1187891558454277,0.0224544066493495
1.3744478001750182,1.1747018954180688,0.19974590475694942
0.9084019100407784,0.9696855044339723,-0.06128359439319386
0.6291984320993727,0.8588639071175588,-0.22966547501818613
1.1969273906446545,1.20707160304724,-0.01014421240258545
0.9379863845531384,0.7663395556469673,0.1716468289061711
1.7931693810544456,1.755066769416599,0.03810261163784667
1.3737244633545924,1.599196554691484,-0.2254720913368915
0.3585936202531797,0.4255056046376028,-0.06691198438442308
1.669275352475584,1.4927358449498933,0.1765395075256906
0.2378687109241859,0.43413837104434655,-0.19626966012016064
2.041834485148088,1.8660479658564746,0.17578651929161349
1.650445991810342,1.6172421525811984,0.033203839229143606
0.8517962857452765,1.0446461371613351,-0.1928498514160586
0.2015210376598385,0.2700678427675567,-0.06854680510771818
2.225295296825673,1.9311829234656235,0.2941123733600495
1.7570296669709056,1.877198630932478,-0.1201689639615724
0.8633787160032236,1.4081306286292437,-0.5447519126260201
1.822441916542427,1.9465852853877752,-0.12414336884534816
0.9829372447314328,0.9831400348445632,-0.00020279011313040218
2.107043294079027,2.2280199905971125,-0.12097669651808562
0.6263728978581946,0.3747105626160404,0.2516623352421542
2.345866497051845,2.010267299845051,0.3355991972067942
0.7452653538075094,0.928296227449245,-0.18303087364173565
0.0148278134979237,0.1814251706478264,-0.1665973571499027
0.3103018481940882,0.377670611877022,-0.06736876368293382
1.4720892242316792,1.4690316810856974,0.0030575431459818336
0.4357374883667356,0.49960464324244935,-0.06386715487571376
0.8569229352037121,0.8912399662142716,-0.034317031010559496
0.4847435553556155,0.34205039432849277,0.1426931610271227
2.3318473260019257,2.291338712375394,0.0405086136265318
0.6491986941841342,0.7894434043343873,-0.14024471015025308
0.7511304096509318,0.8205144201740837,-0.0693840105231519
0.1983383557005985,0.4194529453911634,-0.2211145896905649
0.4540017421331085,0.35541994085801876,0.09858180127508975
2.413159421900772,2.4895798523586423,-0.07642043045787039
0.5611640866487454,0.5035548036474642,0.05760928300128121
0.9682851539952864,0.9408831357254206,0.02740201826986577
2.3083660056429176,2.483187779707663,-0.1748217740647453
1.7298774124317833,1.5080971258181106,0.22178028661367266
1.277529712685615,1.0982956248603648,0.1792340878252503
0.7522696650861399,1.1755426230077204,-0.4232729579215805
0.1628586864688614,0.3032630869366185,-0.14040440046775712
1.4452850755199818,1.37005455471064,0.07523052080934178
0.9217655570576296,0.7488729606413852,0.17289259641624444
0.9209156362999584,0.8999694865494354,0.020946149750523002
0.6310384200081648,0.5785435466131446,0.052494873395020236
2.5220080457287146,2.5780324995119415,-0.056024453783226846
1.2475383611959423,1.1870661644200224,0.06047219677591986
0.1363483932534355,0.2119986759914615,-0.07565028273802599
1.168839319032397,1.0805082513118838,0.08833106772051313
0.6771511399685092,0.6039699443878663,0.07318119558064284
2.0953568852433477,2.107446802497849,-0.012089917254501259
0.463585954560707,0.4577628210223376,0.005823133538369385
1.889535924860688,2.4335811095875837,-0.5440451847268957
0.280744498847305,0.39131409704244186,-0.11056959819513684
0.4883964062607907,0.5102145820512172,-0.02181817579042644
0.9250883854103192,0.867665777356187,0.05742260805413224
0.9224346435469024,1.1235221954493702,-0.20108755190246774
1.4573060287395527,1.4946567682855563,-0.03735073954600354
0.6738509159626611,0.649907096424685,0.023943819537976085
0.6981866778980746,0.6796780174459144,0.018508660452160264
2.235724909445376,2.207119709913443,0.028605199531932968
1.195440029382022,1.186566151834473,0.00887387754754898
2.176655418939157,1.9029213806995444,0.2737340382396125
1.2337587955643092,2.7359735070624875,-1.5022147114981783
0.4287717550619878,0.5401593306103658,-0.11138757554837803
0.6123763309019488,0.5220179556120887,0.09035837528986002
1.513513817695212,1.3661619870665325,0.14735183062867963
0.7932195687850023,0.864205228831373,-0.07098566004637064
1.90595566914003,1.7564015886056583,0.14955408053437158
0.1101636017717603,0.2526650373184599,-0.1425014355466996
1.2242695210896448,1.1613607090166485,0.06290881207299637
1.7269659818751408,1.8233008279722807,-0.09633484609713983
1.9312724565890949,1.7772696481057342,0.15400280848336068
1.75095363798313,1.7177180365423035,0.0332356014408266
0.8264840191149464,0.7846720997208759,0.041811919394070474
1.9190118984575733,1.9623018622937571,-0.04328996383618389
1.9062450045770705,1.7395646372263653,0.16668036735070513
1.293479288778526,1.385783114487805,-0.09230382570927897
1.2290932731611712,1.5707055666003384,-0.3416122934391672
0.8608786832426285,0.7846720997208759,0.07620658352175258
1.5402727579663935,1.3859309777128939,0.15434178025349965
1.2574978046165426,1.161168988327955,0.09632881628858758
1.8906073667490344,1.9027196211001793,-0.012112254351144935
0.8608153912740059,0.8205144201740837,0.040300971099922145
2.462513595223412,2.4941817035958156,-0.03166810837240375
0.6070236387345991,0.30569712263208737,0.3013265161025117
0.3427706280975142,0.37451264321676847,-0.031742015119254285
0.8370085694344152,0.790444345850239,0.04656422358417611
1.5673617205368933,1.4474179350968421,0.11994378544005113
0.3577256162205695,0.30569712263208737,0.052028493588482105
2.6369462607474694,2.500345796978239,0.13660046376923018
1.1388886554176731,1.0434217445111384,0.0954669109065347
1.941724672036632,1.9465852853877752,-0.004860613351143295
0.515738536705781,0.5232586722888,-0.007520135583019005
1.6095684217175714,1.6057501243038184,0.003818297413753058
2.2723980836839703,2.291338712375394,-0.018940628691423544
0.4654937552568565,0.4255056046376028,0.039988150619253704
1.4718450979946582,1.0849214231071111,0.3869236748875471
1.943460682127196,2.138460433035246,-0.1949997509080501
2.339790468064069,2.3426297465788384,-0.0028392785147692834
1.3546509764523291,1.216958478130569,0.13769249832176023
0.1432562594707752,0.2957587901280847,-0.1525025306573095
1.0969577262051593,1.1343733653163373,-0.037415639111177956
0.3136382390029824,0.18187776427714136,0.13176047472584101
0.2314310136527814,0.29387009049054436,-0.06243907683776295
2.339663884126824,2.6293060092688076,-0.2896421251419836
0.6767834437577884,1.5707055666003384,-0.89392212284255
2.216023023422453,2.0402417963657387,0.1757812270567145
0.5476467305290722,0.5692234825828737,-0.021576752053801496
0.1019898959287993,0.3999265188317668,-0.29793662290296746
2.1222876178922903,1.9217931133343664,0.20049450455792384
1.0052160176866105,0.9756102509103476,0.02960576677626292
0.8367192347568785,1.5707055666003384,-0.73398633184346
1.6178506279696707,1.5319526542171973,0.08589797375247343
2.1049139725053694,1.8855058211561504,0.21940815134921898
0.335966741470578,0.4255056046376028,-0.08953886316702481
0.6898637840241948,0.6796780174459144,0.010185766578280409
0.861321727022987,0.7749029495984958,0.08641877742449122
0.09710285188865,0.15736452333531376,-0.06026167144666375
1.452183900099852,1.30604076432896,0.146143135770892
0.5343554171183131,0.43413837104434655,0.10021704607396659
0.3257541301754875,0.41484329770723827,-0.08908916753175078
1.3097769706988616,1.605314602804948,-0.2955376321060865
1.7893176126059327,2.342568088414173,-0.5532504758082402
1.7614601047744918,1.7427485234531648,0.018711581321326998
0.2712507035539057,0.44186840135925465,-0.17061769780534897
0.2368198726231772,0.25240860709921603,-0.01558873447603884
1.990947742375468,1.8521233069187995,0.13882443545666856
1.6808577827335314,1.4317396666680164,0.24911811606551493
0.4862263957995132,0.43413837104434655,0.05208802475516666
0.2560967978875126,0.19902299139347657,0.05707380649403604
2.125307548604903,1.9688986324878535,0.15640891611704966
1.725880976771086,1.6963736591652157,0.029507317605870442
2.198147563864789,2.483187779707663,-0.28504021584287376
2.584807240805432,2.5950480494313917,-0.010240808625959552
1.4536170110313316,1.766654291878441,-0.31303728084710936
1.2392380716689044,1.035424048781554,0.2038140228873504
0.755434263517273,0.6814855901111319,0.0739486734061412
0.1166374658462108,0.24233482123847783,-0.125697355392267
0.5172665855901943,0.4732950217270007,0.04397156386319362
1.7725361992834578,1.667988315304842,0.10454788397861581
2.4308992568963923,2.4420102181253585,-0.011110961228966154
1.8140557306999243,1.782066115857881,0.031989614842043324
1.2220543021878516,1.186566151834473,0.0354881503533786
2.2950746922321583,1.9864065781851106,0.30866811404704775
1.2492065567269737,1.161168988327955,0.08803756839901866
0.1675603754218776,0.19767481415721205,-0.030114438735334453
1.2743379890889055,1.8121541744091634,-0.5378161853202579
1.401898431029147,1.6890632957729768,-0.28716486474382985
0.843120765225237,0.7795460355670482,0.06357472965818889
0.2192563513303884,0.4426174730419752,-0.22336112171158679
2.0820881771921016,1.7175860880927212,0.3645020890993804
2.249612974979812,2.4642359831802283,-0.21462300820041635
1.5128221268590971,1.4245817932784717,0.08824033358062544
1.9702241416981048,2.3731014371098054,-0.4028772954117006
1.441392619449688,1.3264444217284161,0.11494819772127185
0.649049505900047,0.4851516997892739,0.16389780611077304
1.19325645646454,1.1870661644200224,0.006190292044517598
1.9237090663386869,2.0292970807581288,-0.10558801441944188
0.9092653932546538,0.7453610571042032,0.16390433615045064
0.8380302825698475,0.7795460355670482,0.058484247002799306
2.41539272458384,2.3616636602167977,0.053729064367042056
2.109660870152069,2.0565059824320073,0.053154887720061605
0.4692912733742162,0.43413837104434655,0.03515290232986967
0.5440390883175806,0.5272376048753873,0.016801483442193343
1.0536027276986355,1.0027770814703256,0.05082564622830987
0.9282213378571412,1.3735225801739055,-0.44530124231676427
2.282633298819567,2.205350666191313,0.07728263262825408
2.225019523591669,1.9619273181351846,0.2630922054564846
0.5074563304536817,0.597872230167277,-0.09041589971359532
0.2533481180711616,0.3446441854925796,-0.09129606742141799
2.263523645873761,2.6055011964303914,-0.3419775505566305
1.9745641631269963,1.9056899829744196,0.06887418015257674
2.190358130145964,2.0159133296032827,0.1744448005426813
0.2037995485302545,0.26139917869563384,-0.057599630165379334
0.1365653943248799,0.2205457213142274,-0.08398032698934749
2.243139110399025,2.2401690013117106,0.00297010908731421
1.7654791447820308,1.6072003195510607,0.15827882523097014
1.224965732744494,1.1445462261619659,0.08041950658252817
0.3194249333132212,0.39732410048473,-0.0778991671715088
0.834074534530931,0.7548339204746337,0.07924061405629734
0.2276425371728912,0.24826307606926568,-0.02062053889637447
2.329035354976455,2.2001781318430975,0.12885722313335757
1.8540562548694468,1.7387450231623807,0.11531123170706614
1.490941189243763,1.2407190164405983,0.2502221728031646
2.510393969486456,2.5470122666629953,-0.036618297176539194
0.8525874353530598,0.8564733624670366,-0.003885927113976839
0.7191046735278648,0.7646834869436643,-0.0455788134157995
2.531967490161986,2.5353636119367504,-0.003396121774764449
0.4376543307003546,0.5809479084390741,-0.14329357773871948
2.107911300390148,2.3731014371098054,-0.2651901367196574
0.6983810746226776,0.6233256160294033,0.07505545859327434
1.5086629404581084,1.3856980406014872,0.12296489985662129
1.4455698893787838,1.755066769416599,-0.30949688003781506
2.5918597737286206,2.3465721376521156,0.24528763607650506
2.1966345845449373,2.6544512250747756,-0.4578166405298383
0.8798301070263812,0.8292524149089051,0.05057769211747609
1.243193819707821,1.30604076432896,-0.06284694462113904
0.0921660783360823,0.26729173172958665,-0.17512565339350433
0.647458165047011,0.6200633157808249,0.027394849266186183
1.951453553954926,2.016798785512642,-0.0653452315577161
0.7341139117289053,0.9058649537197746,-0.17175104199086932
0.8601553464222027,0.7330675785108064,0.1270877679113963
1.2263265100698812,1.186566151834473,0.039760358235408244
2.115180833625277,2.1113590016052903,0.0038218320199865374
0.2200746261037483,0.377670611877022,-0.1575959857732737
1.3370512883564942,1.5163728395109433,-0.17932155115444903
0.8047477487117964,0.7700978158502884,0.03464993286150808
0.7231553595197152,0.6359394959671032,0.08721586355261202
1.4690964181783073,1.0788096959094817,0.39028672226882555
0.1794773490510451,0.1797498752256437,-0.0002725261745986085
1.3089858210910783,1.1855732685340237,0.12341255255705463
1.972127422335024,2.1573336367237816,-0.18520621438875762
1.1262347825118757,1.1308218319540557,-0.0045870494421800245
0.2788819065916711,0.46862634413064014,-0.18974443753896902
0.6575215880580141,0.6608804321916172,-0.0033588441336031005
0.6617802334838395,0.6769455441417789,-0.015165310657939357
0.5125196879434946,0.4749985463120322,0.03752114163146236
1.9708751451656068,1.382954162948958,0.5879209822166489
2.0122500088635533,1.9135378272804702,0.09871218158308315
1.870548334273889,1.6315964903889153,0.2389518438849736
2.0080184901223115,2.218127215294249,-0.21010872517193757
0.6157805347513684,0.5220179556120887,0.09376257913927966
0.7955297256397296,0.7155296227545702,0.08000010288515935
1.92935561374914,1.6156988735280504,0.3136567402210897
2.200317574579235,2.1012137715993866,0.09910380297984833
2.2169407569674817,2.1156953577215205,0.10124539924596121
1.071188853338266,0.9453074045108335,0.12588144882743257
0.3365680151724931,0.4248214602760041,-0.08825344510351102
1.8237122774931187,1.3737444649433852,0.4499678125497335
0.6534256936256483,0.5863397433270587,0.06708595029858955
1.04941641613207,0.950096875818481,0.09931954031358903
1.9300382632009527,1.9465852853877752,-0.01654702218682247
0.1200461905143651,0.14694518620646993,-0.026898995692104827
1.2780993404032188,1.2984221796144815,-0.020322839211262655
1.4099048650599133,1.3141373394155555,0.09576752564435775
0.652232187859287,0.6672925499644964,-0.015060362105209335
2.46675415712113,2.6106719333442028,-0.14391777622307256
0.6551255348878225,0.6754023757979021,-0.02027684091007953
1.2046444899978843,1.3737444649433852,-0.16909997494550089
1.565191710075616,1.6417320618209639,-0.07654035174534779
2.21523187381467,2.1502777918386267,0.06495408197604347
2.347552774845144,2.2401690013117106,0.10738377353343331
2.0411834816805863,2.3731014371098054,-0.3319179554292191
1.628103926886542,1.6572755509527586,-0.02917162406621654
0.1817875059057722,0.1875002170899741,-0.005712711184201913
1.3575624070089716,1.1747018954180688,0.18286051159090277
1.4783234831410117,1.4362742358863771,0.04204924725463455
0.6571418362462782,0.6569623479100082,0.00017948833627001726
0.4848294516710798,0.5648573386559513,-0.08002788698487151
0.9686332598227112,0.8489642566094686,0.11966900321324259
1.784308505447273,1.6246702712116252,0.1596382342356477
0.9692707003276728,0.9736058652964424,-0.0043351649687696225
1.363321976153634,1.8121541744091634,-0.44883219825552945
0.2878648453173545,0.39131409704244186,-0.10344925172508734
1.6478691046249196,1.8660479658564746,-0.21817886123155494
1.2838137011073658,1.1932141684221307,0.09059953268523513
1.5694639179576455,1.3718086716084563,0.19765524634918918
2.112920406536136,2.0061366046249636,0.10678380191117265
1.5984199936025136,1.30604076432896,0.29237922927355364
1.2422218358316393,1.235950780469083,0.006271055362556233
0.8967200210111625,0.7216033759423446,0.17511664506881797
0.9043919116707088,0.864205228831373,0.0401866828393358
0.4070119762495165,0.38863925675886357,0.018372719490652945
0.5205261219742614,0.608294709605499,-0.08776858763123763
2.061147576202798,1.8048927220816646,0.25625485412113336
1.3807589135091776,1.3264444217284161,0.05431449178076142
1.4193308475659552,1.523932125947499,-0.10460127838154376
0.6124124979581629,0.5053365113880669,0.10707598657009598
1.8831705604358715,1.8914204918400548,-0.008249931404183286
1.660093496206563,2.1520971747147373,-0.4920036785081743
1.1247157752649315,1.1343965498461712,-0.009680774581239726
0.1797305169255357,0.15281386930524138,0.02691664762029433
1.504842817993907,1.4578319775684532,0.04701084042545389
0.1304170317310122,0.14910125840134622,-0.01868422667033401
0.1924838486030022,0.2782974933458358,-0.08581364474283362
0.289297956248834,0.40705893397826154,-0.11776097772942756
1.4943770388243258,1.315290393770178,0.17908664505414773
0.0982948505466541,0.5569737854508197,-0.45867893490416556
2.133336587995183,2.062040049654577,0.07129653834060612
0.9865946164553432,0.9008609029370713,0.08573371351827186
0.7661938981831257,0.5656056097340267,0.20058828844909893
2.3558349821099145,2.171981103933935,0.18385387817597953
2.171709604761791,1.9465852853877752,0.225124319374016
1.4474686484374637,1.3079181364456511,0.13955051199181256
0.4726638312393243,0.4749985463120322,-0.0023347150727078825
0.5970461120390603,0.9009970835302883,-0.30395097149122796
1.4532915095507486,1.385053654460771,0.0682378550899776
0.9737282632968356,0.8513064042548664,0.12242185904196923
1.9669374809079652,1.9078892795202147,0.059048201387750465
2.3713867226098144,2.500345796978239,-0.1289590743684248
2.354632434706084,2.3731014371098054,-0.01846900240372129
1.9713362727272403,2.2909862063238196,-0.3196499335965792
1.5392103569560127,1.3736243100621723,0.16558604689384038
1.8246526138659815,1.6166925291562844,0.20796008470969718
1.893392213368432,1.8072218730567406,0.08617034031169135
0.3160614173387506,0.37541700979625203,-0.05935559245750144
0.4771123523178498,0.5496208706487973,-0.07250851833094746
1.471483429711029,1.3979889137790975,0.07349451593193157
2.2235728514698248,1.5321055928536365,0.6914672586161883
1.8942466549448371,1.8517700854200607,0.04247656952477641
1.186958905586585,1.1858643635215587,0.0010945420650263493
1.4319304701406,0.8715723870471388,0.5603580830934611
1.1036350288948502,0.8715723870471388,0.23206264184771142
1.26980809251365,1.1477932963853459,0.12201479612830401
2.239029654016791,2.2560295563855943,-0.016999902368803443
2.05800106155294,1.7955670717022525,0.26243398985068755
2.469145689725755,2.2909862063238196,0.17815948340193533
0.2838367636723458,0.433349449522272,-0.14951268584992622
0.3090812172621507,0.44186840135925465,-0.13278718409710394
1.4017175967607485,1.5546510910588842,-0.15293349429813574
2.3710250545793534,2.107446802497849,0.2635782520815044
1.3211062330823182,0.8872618360253028,0.4338443970570154
0.2469149416184919,0.25623015032209234,-0.009315208703600447
0.980301586396123,1.2085349867388129,-0.2282334003426899
0.8689800552263294,0.7646834869436643,0.10429656828266509
0.23356033623911,0.25285123933729603,-0.01929090309818604
1.3996199201587307,1.3969619251381853,0.002657995020545423
1.467563848475159,1.5386911892448427,-0.07112734076968374
0.5374250775965124,0.5232586722888,0.014166405307712404
0.4202083517073415,0.37960008417316526,0.040608267534176234
0.9294871772295946,0.7749029495984958,0.1545842276310988
1.685374116852582,1.5805398692059616,0.10483424764662042
0.7296111403192266,0.7907012690773288,-0.06109012875810227
2.404822965823855,2.2827564214934206,0.12206654433043429
1.983352706140748,1.7955670717022525,0.1877856344384956
1.3139542406279572,1.6572755509527586,-0.3433213103248014
1.5224379852710073,1.9734645645443938,-0.4510265792733865
2.2542784968766143,2.4141952166710183,-0.15991671979440403
0.8126321196240527,0.7846720997208759,0.027960019903176758
1.4066769746601575,1.3024350862667071,0.10424188839345039
2.45938064277659,2.37042031504072,0.08896032773587015
0.4654304632882338,0.7488729606413852,-0.2834424973531514
2.264283149497233,1.9217931133343664,0.34249003616286666
1.7903664509069417,1.7395268323543254,0.05083961855261632
0.2706358673957859,0.3725879024608907,-0.1019520350651048
1.2657257605374883,1.4797910333999005,-0.21406527286241217
0.9830005367000556,0.9909172340220805,-0.007916697322024935
1.7963972714542014,1.7427485234531648,0.053648748001036584
2.143617011318127,1.9937977896709662,0.149819221647161
1.0330961298648929,1.0840613584696357,-0.05096522860474284
2.438910212505397,2.6293060092688076,-0.19039579676341045
1.945639733466439,1.9619273181351846,-0.01628758466874558
0.6561743731888313,0.6357121388303236,0.02046223435850769
1.149019891216034,1.1932141684221307,-0.04419427720609659
0.7204790133094563,0.7952035095970185,-0.07472449628756217
2.2582071205094576,2.3878388675539455,-0.12963174704448788
1.317485028414622,1.060767863980543,0.2567171644340791
0.8781664323140849,0.8679200195639803,0.010246412750104517
1.4957287745122438,1.4690316810856974,0.02669709342654647
0.730461061076898,0.9573735763768442,-0.22691251529994616
1.3188593681962135,1.3737444649433852,-0.05488509674717168
0.3786888202908751,0.43413837104434655,-0.055449550753471466
0.128391688735087,0.19902299139347657,-0.07063130265838957
1.0059438753257706,0.9436452371876389,0.062298638138131635
0.6849270104716271,0.6672925499644964,0.01763446050713069
2.202234414887511,2.3376889554434,-0.13545454055588912
0.8114024473078135,0.8064557556997317,0.00494669160808181
0.993823463334531,1.1477932963853459,-0.1539698330508149
1.4287342257251554,1.2204162066479782,0.20831801907717717
0.6004774408008885,0.6036157359626644,-0.0031382951617758836
1.7327888429884255,1.4927358449498933,0.2400529980385322
0.3481052369899247,0.3807412742187981,-0.03263603722887343
2.5224194435247616,2.3465721376521156,0.17584730587264596
0.7394530414400508,0.6920163542621621,0.047436687177888626
0.1637492948483135,0.2695129411882645,-0.10576364633995103
2.3896148095731413,2.6544512250747756,-0.2648364155016343
1.3767398735016383,1.1747018954180688,0.2020379780835695
1.013602203529113,1.2578017305076976,-0.2441995269785846
1.0728886946004406,1.0805082513118838,-0.0076195567114432095
0.3022954141633215,0.33535163859982314,-0.033056224436501636
1.0979071057344991,1.0434217445111384,0.05448536122336067
2.155452609450565,2.0537584356974294,0.10169417375313561
0.589446554985606,0.5578769235337505,0.03156963145185554
1.011875236848194,1.240505914805623,-0.22863067795742897
2.421043793572532,2.6221060968461227,-0.20106230327359054
0.5813090161988591,0.7894434043343873,-0.2081343881355282
1.9729728232866317,1.9053967351784147,0.06757608810821703
0.5559198948905341,0.49518651906741096,0.060733375823123104
2.4256008153133632,2.318937645161017,0.10666317015234617
1.3475396716197492,1.1917779761320426,0.15576169548770658
2.1871935317148306,2.1012137715993866,0.08597976011544395
2.0195331068333973,1.9053967351784147,0.11413637165498258
2.444624573462712,2.3754627178806427,0.06916185558206944
1.2095270132192992,0.9516899657628944,0.2578370474564048
2.2109144577452926,2.130554881877515,0.08035957586777753
0.3561704419174116,0.18187776427714136,0.17429267764027023
1.468590082429326,1.5437846912463167,-0.07519460881699058
2.1135894937849127,1.990103519298917,0.12348597448599574
1.7284849891220848,1.828599935088919,-0.10011494596683423
1.501031737420343,1.4429018412163312,0.058129896204011766
1.2159647107438714,1.1409964550057072,0.07496825573816412
2.0516537809093984,1.9805692293054284,0.07108455160396998
2.257750514526063,2.2280199905971125,0.02973052392895026
0.4886495741352814,0.5648573386559513,-0.07620776452066996
0.9632217965054736,0.9429192426380375,0.02030255386743607
1.8149237344793665,1.6825621100786312,0.1323616244007353
1.4180062370436142,1.2734998043635068,0.14450643268010732
1.1959463651310034,1.605314602804948,-0.4093682376739447
1.8730121994719344,1.796095783934604,0.07691641553733053
1.9641842802728795,1.981427337314037,-0.017243057041157472
1.9117785302533148,1.9465852853877752,-0.03480675513446041
1.250598980036672,1.3246781150135818,-0.07407913497690988
1.3820066693535236,1.1811586099677551,0.20084805938576844
1.2709383063113886,1.2039168786095984,0.0670214277017902
0.6291984320993727,0.529537889259901,0.09966054283947168
0.7210938497207438,0.7894434043343873,-0.06834955461364356
2.192433202907475,2.1113590016052903,0.08107420130218479
1.0273049147359192,0.9275230803496175,0.09978183438630173
1.868676699621282,1.6980311803740968,0.17064551924718518
2.404407046449569,2.362748802633143,0.04165824381642613
2.011822036166763,2.0061366046249636,0.005685431541799346
2.5019490132535687,2.0292970807581288,0.4726519324954399
2.111238647789397,2.3426297465788384,-0.23139109878944142
0.4775101876576927,0.4085860379171646,0.06892414974052813
1.2085098209026015,1.0918203192123939,0.11668950169020764
0.5185957169312703,0.5449357714350803,-0.02634005450381005
1.3167707332316658,1.311533503260643,0.005237229971022828
1.211660856877531,1.2409756395613625,-0.029314782683831586
1.228261435931607,1.150987242441903,0.0772741934897041
1.086017257270908,1.131262436561717,-0.04524517929080907
1.00102518530131,0.9713499154271105,0.02967526987419944
1.9218329126395204,1.6705948331889224,0.25123807945059795
1.825068533240268,1.8072218730567406,0.01784666018352743
0.9081487421662878,1.035424048781554,-0.1272753066152662
1.914961212465723,1.4340595772171383,0.48090163524858465
1.7121737447455447,1.6057501243038184,0.10642362044172637
1.8638032180373367,1.8944094803105604,-0.030606262273223717
0.9636331943015208,0.9132517264995862,0.05038146780193464
2.072829465991917,1.84603688409994,0.22679258189197715
1.1342999876925302,1.3827908009471812,-0.24849081325465106
2.060356426595015,2.1187891558454277,-0.05843272925041276
1.926462266973773,1.9209697853593073,0.005492481614465694
0.5863723736886721,0.8207140016863907,-0.23434162799771863
1.728991324871066,1.9719005889440018,-0.24290926407293578
1.5829857948960533,1.2409756395613625,0.3420101553346908
1.3496373484749349,1.3568939150292858,-0.007256566554350918
2.1806789805249345,2.0627064789981153,0.11797250152681915
0.9099570840907684,0.9429192426380375,-0.03296215854726914
1.8374195077464848,1.9465852853877752,-0.10916577764129043
0.5679634524569469,0.6036157359626644,-0.035652283505717475
1.7712703599110045,1.8388479702000777,-0.06757761028907328
1.9492473756779316,1.7048426026525976,0.24440477302533403
2.0831731812834846,1.8914204918400548,0.19175268944342982
1.7743400203892037,1.6705948331889224,0.10374518720028125
1.9477600144152984,1.890350476448224,0.05740953796707449
0.5080711666118013,0.5053365113880669,0.0027346552237343946
0.4363161577218091,0.48244368190997344,-0.04612752418816435
0.5061904910812284,0.7213692458702816,-0.21517875478905324
0.3803660574593756,0.7128823512250427,-0.33251629376566716
2.399253272585061,2.2827564214934206,0.11649685109164043
1.4333228934502984,1.4490721055696307,-0.015749212119332334
2.098724921783385,2.0988090235678207,-8.410178443574168e-05
1.8982656949523768,2.0989101586579793,-0.2006444637056024
1.2838589095478814,1.0786805041296499,0.2051784054182315
0.8818554500223063,0.9188105706292264,-0.03695512060692019
0.9738232012497694,1.1124479950007975,-0.1386247937510281
0.6324579684834398,0.6608804321916172,-0.02842246370817736
2.2731440251044064,2.068596411264288,0.20454761384011855
2.3561197959687163,2.3055920182802696,0.05052777768844674
2.228057538085557,2.1573336367237816,0.07072390136177553
0.9884120000172932,1.060767863980543,-0.07235586396324967
1.250409104130804,1.12448327568066,0.1259258284501441
1.0728525277973944,1.3386967075902385,-0.26584417979284414
1.950838715518296,1.860390430890763,0.09044828462753296
0.4700959854382039,0.597872230167277,-0.12777624472907306
0.3025802280221235,0.4275098197158614,-0.12492959169373791
0.7672427364841342,0.867665777356187,-0.10042304087205278
0.9603103659488312,1.2126313531919195,-0.25232098724308827
1.7758590276361474,1.6156988735280504,0.16016015410809703
1.9407843356637693,1.4898258996709626,0.4509584359928067
0.9950938235257188,1.2000898909952797,-0.2049960674695609
1.0758498546695014,1.0218353246543939,0.05401453001510759
2.6335601404261566,2.3031620891998505,0.33039805122630606
0.2037633814740405,0.2957587901280847,-0.09199540865404421
2.1306964090943064,2.411837922511288,-0.2811415134169817
0.3628025361665867,0.39983799145963794,-0.037035455293051245
2.3450934312253366,2.572282190956745,-0.2271887597314084
0.8661952086069322,0.7550478925233104,0.11114731608362183
1.84747389013269,1.8033502805049684,0.04412360962772155
0.6652432082299791,0.7029757489690023,-0.03773254073902321
0.8817107825569539,0.9186159385753527,-0.03690515601839883
0.742613119052449,0.6039699443878663,0.13864317466458265
0.3196374135659309,1.31002954189201,-0.9903921283260791
1.5456977837398356,1.37005455471064,0.1756432290291956
1.0856555889872792,1.0805082513118838,0.005147337675395436
0.4896984124362901,0.5401593306103658,-0.05046091817407572
1.8610816633865623,1.7790281391571057,0.08205352422945666
0.2171451120189988,0.23835401027387126,-0.02120889825487246
0.758314048089604,0.793721526270539,-0.03540747818093504
1.2216790711948502,1.1445462261619659,0.07713284503288431
0.5035005824147653,0.6289923984665902,-0.1254918160518249
1.7284849891220848,1.6890632957729768,0.039421693349108056
0.4474238982150864,0.4085860379171646,0.0388378602979218
2.321530735116432,2.3048119439083568,0.016718791208075068
0.8166828056159031,0.8999694865494354,-0.08328668093353231
1.538572916451051,1.3825703364005697,0.1560025800504814
1.4987034970375088,1.5054368264234295,-0.006733329385920639
2.168459109002522,1.9311829234656235,0.23727618553689855
1.5536725717862911,1.4946567682855563,0.059015803500734876
0.3897016228312182,0.43722799835705106,-0.04752637552583289
0.2594964809181974,0.26010632989779436,-0.000609848979596983
1.1263884916146971,1.3546459304216696,-0.22825743880697247
0.7919808545781257,0.6920163542621621,0.0999645003159636
0.4769315180494514,0.5368676492443869,-0.059936131194935516
1.0687928001680744,1.0352696889005266,0.03352311126754781
0.171249393130099,0.19902299139347657,-0.02777359826337758
0.1207966525003675,0.14910125840134622,-0.02830460590097872
0.276422561452857,0.31971234650448266,-0.04328978505162567
1.0345880119462605,1.0786805041296499,-0.0440924921833894
0.3326755591021995,0.7488729606413852,-0.4161974015391857
1.586385477926738,1.1235221954493702,0.46286328247736774
1.0807368987096506,1.0090850037658452,0.07165189494380542
0.5678549520478087,0.5035548036474642,0.06430014840034448
2.2201686473672373,2.171981103933935,0.04818754343330234
0.2591302915626657,0.33535163859982314,-0.07622134703715744
2.166176076553868,2.2909862063238196,-0.12481012976995176
1.9462816937774643,1.815456492737294,0.13082520104017026
0.430818798089107,0.6804169999106329,-0.24959820182152587
1.0814602355300766,1.0866743921081254,-0.005214156578048801
2.1872884696677644,2.061886649705281,0.12540181996248334
1.535412838838653,1.5020568068732019,0.033356031965451116
0.1077675486015685,0.15736452333531376,-0.04959697473374526
0.8022884038261501,0.9843819066346746,-0.18209350280852454
0.2815220859988839,0.3830980450784024,-0.1015759590795185
1.9814629877068664,1.8388479702000777,0.14261501750678862
1.1295982984863462,1.2000898909952797,-0.07049159250893355
1.3726258955411654,1.1932141684221307,0.17941172711903475
1.5791521099756476,1.3475329635053823,0.23161914647026527
