Actual_AC_POWER,Predicted_AC_POWER,Error
0.3342895043020773,0.4668964420638647,-0.1326069377617874
1.118033951756506,1.324597054665013,-0.20656310290850688
2.42042895766758,2.421590690488764,-0.001161732821183925
0.9752156245594682,1.0166573824315654,-0.04144175787209725
0.1645585279842038,0.16901960540288644,-0.004461077418682624
1.1005924935822275,1.0185474164705184,0.08204507711170916
0.849169669047436,0.8053670128396143,0.043802656207821644
2.1282054169585094,2.135916860484802,-0.007711443526292605
0.2217880300752949,0.2713733880916175,-0.04958535801632258
0.3196419343846658,0.3374910903348385,-0.017849155950172668
1.6989909317439238,1.7916028739830223,-0.09261194223909852
1.730835833598593,1.662248801861859,0.06858703173673386
2.3580411603869096,2.295337524826861,0.06270363556004854
1.7441497513561937,1.5888454615163026,0.15530428983989109
0.0947294030653001,0.03453167566333994,0.06019772740196016
2.4771973319438696,2.5777105019576907,-0.1005131700138211
1.1777725284988296,1.2270709210845339,-0.04929839258570423
1.8935504432899883,1.730713963833379,0.16283647945660928
0.8363937330231277,0.8421514523094332,-0.005757719286305529
1.662769842163654,1.7011114326465808,-0.038341590482926735
0.0957737205475741,0.1134918035850251,-0.017718083037450996
1.704434041045473,1.7359280008429292,-0.03149395979745617
0.2213766322792475,0.1772764283696754,0.04410020390957212
0.9630138370714983,0.7978998194393644,0.16511401763213396
1.796175749564022,1.7473228385119464,0.048852911052075676
0.5735331456957412,0.5365901938881124,0.036942951807628854
0.8103400462974326,1.0443852413875399,-0.23404519509010724
2.071635959212885,1.8894557581466778,0.18218020106620703
0.9072084042744172,0.8617119207015779,0.04549648357283931
0.981495091909316,0.9199321383547542,0.06156295355456187
0.542077037290278,0.5331364617976913,0.008940575492586755
1.7054105457403894,1.6428595582461283,0.06255098749426113
0.3148272239506086,0.3403353360568732,-0.025508112106264635
2.1581470396952667,2.031899694706459,0.12624734498880752
0.5582797812576796,0.9330771702932245,-0.3747973890355448
2.392978327066619,2.2890690074719227,0.10390931959469629
0.76796607330456,0.8457797165049707,-0.07781364320041073
1.67892737769054,1.6591362385717483,0.019791139118791712
1.868088988122403,1.7594181508992797,0.10867083722312332
0.2962826771441686,0.3396414529819679,-0.04335877583779929
2.424913644283312,2.4863155106034975,-0.061401866320185405
1.3469293562803644,1.5503055020889005,-0.20337614580853614
2.283573637724109,2.200617702030276,0.0829559356938332
2.168680630892702,2.1666243834917926,0.0020562474009091503
2.3865767950792534,2.289668843412221,0.09690795166703214
1.7712341931079585,1.9152876476264906,-0.14405345451853213
0.6045778563051573,0.8421514523094332,-0.23757359600427597
0.402486600492996,0.3325354376921409,0.06995116280085512
2.0611792221871093,2.359400551646347,-0.29822132945923796
1.510398948776497,1.7112590749042378,-0.20086012612774073
1.4282278899761742,1.3994774319925058,0.028750457983668376
1.083476536888532,0.9385526476672552,0.14492388922127675
1.770637440224778,1.7136288552844618,0.05700858494031613
2.4345385450921952,2.4041305139343447,0.030408031157850512
1.622660817584993,1.709899367253711,-0.08723854966871802
1.3543752042309969,1.3524834195054491,0.0018917847255477405
2.6259334582071263,2.6251848927765664,0.0007485654305598999
2.1119393810224847,2.070450668911109,0.041488712111375836
1.018475685113058,1.0166573824315654,0.001818302681492634
1.806777154308318,1.6472778413028577,0.15949931300546027
2.0691856562178765,2.0856554752779948,-0.01646981906011824
1.2579724943812125,1.2459773359670216,0.011995158414190854
0.7359584207096,0.7727098171933667,-0.036751396483766685
0.86225302302422,0.807590504907922,0.054662518116298076
0.9539495231022536,1.0528189164546036,-0.09886939335235001
0.5358834660027266,0.6532090871982151,-0.1173256211954885
2.573848689608913,2.458912319830353,0.11493636977855992
1.774276728420581,1.7985208879264813,-0.02424415950590042
1.303890817616954,1.4124405876419577,-0.10854977002500377
0.7127754766655985,0.8617119207015779,-0.1489364440359794
0.7052889408400174,0.7727098171933667,-0.06742087635334937
0.5662636109416046,0.558896428938497,0.007367182003107597
1.8060628591253616,1.7985208879264813,0.007541971198880226
1.9582031892380376,1.7677350775419478,0.1904681116960898
1.684578446426064,1.483705502846211,0.20087294357985308
1.726111540298735,1.3969599079784119,0.3291516323203232
0.853188709054975,1.5888454615163026,-0.7356567524613276
2.418512114827625,2.310259986673883,0.10825212815374208
1.126415616780274,1.1069155505711736,0.019500066209100275
0.136999396467769,0.14172694941116024,-0.004727552943391222
1.1099235381353354,1.1292681681262045,-0.019344629990869056
1.0305328051356752,0.974206892202544,0.05632591293313127
2.113914994252824,1.9571589833888465,0.1567560108639774
1.776207133463572,1.7136288552844618,0.06257827817911021
1.2868336320731464,1.092402465471036,0.19443116660211035
0.677268682268285,0.7438539628556797,-0.06658528058739477
1.545878618008234,1.3685196249752658,0.1773589930329682
0.0507414848725498,0.030556910661549065,0.020184574211000735
1.8682336558409232,1.7886525819756698,0.07958107386525337
1.053634373682947,0.9557824596642709,0.0978519140186761
0.0754569986196994,0.04190025453623789,0.03355674408346151
2.166103743960447,2.0815940791115914,0.08450966484885569
2.1461170440787223,2.0601760180085744,0.08594102607014786
0.6895156781967701,0.7591089735330795,-0.06959329533630942
1.5618372357386143,1.2773046387524227,0.2845325969861916
2.1552175253573496,2.4691774638295603,-0.3139599384722107
0.1961231367988053,0.16901960540288644,0.027103531395918867
0.1322615404585389,0.08381723621739413,0.04844430424114478
0.6783446457348701,0.8294841746718694,-0.15113952893699933
1.0341720933314782,1.0721728842907927,-0.03800079095931452
0.8532520010235976,0.8365707861079613,0.016681214915636233
0.9285830061407704,0.9117527605245378,0.016830245616232586
1.009054223425751,0.7727098171933667,0.23634440623238417
0.6565360417256282,0.6866034444185527,-0.030067402692924516
1.28395836831955,1.1069155505711736,0.17704281774837627
1.8235314422120483,1.9524836968350017,-0.12895225462295334
0.6657495439789602,0.73502805050805,-0.06927850652908973
0.6536924239563432,0.7527016086846858,-0.09900918472834264
1.3820247528816307,1.3010083267890595,0.0810164260925712
0.5635872649845136,0.6565387242803893,-0.09295145929587567
0.2809434163906425,0.37147550656989564,-0.09053209017925312
0.6889053628573851,0.589450608487255,0.09945475437013018
1.068404006718869,1.2609449932833368,-0.19254098656446783
2.6212995822946348,2.3904442322477535,0.2308553500468813
2.290169564663902,2.1875655783727175,0.1026039862911845
1.0618939755882042,0.9892692859379827,0.07262468965022151
2.244513449927449,2.3081181396194332,-0.06360468969198418
1.4925686968998453,1.4511703042754318,0.04139839262441347
1.3815365006607565,1.3524834195054491,0.02905308115530736
2.3954241084833896,2.3265720506295584,0.0688520578538312
1.183125220666179,0.9104305112218091,0.27269470944437
1.2088895727143376,1.248502198451712,-0.03961262573737434
0.6892670311410142,0.7544941445177866,-0.06522711337677245
0.0904571951832704,0.3922330091875452,-0.30177581400427483
1.6242883252410754,1.859536771461713,-0.23524844622063767
0.8652187039120157,0.7318509180522637,0.13336778585975206
2.485854769442138,2.3967768878781612,0.08907788156397656
2.50610819940139,2.1212427729348957,0.38486542646649413
1.3048718431306052,1.4103575666834849,-0.10548572355287966
1.21925589311225,1.1429838687154545,0.07627202439679537
0.3702393424797495,0.558896428938497,-0.1886570864587475
1.776998283071355,1.566929036420173,0.2100692466511822
2.5732700187348327,2.466826932352548,0.10644308638228495
1.6574894838555645,1.4011570296850442,0.2563324541705203
1.001671667443741,0.8588064926544863,0.14286517478925465
1.2929729530295446,1.4684884276061694,-0.17551547457662475
1.0321151043512418,0.9557824596642709,0.07633264468697087
1.77829576842812,2.006671950010502,-0.22837618158238215
1.5289525372204067,1.3697585659234779,0.1591939712969288
1.308913487484986,1.3776793461233805,-0.06876585863839457
0.7898650944480015,0.7871471438946456,0.0027179505533558856
2.484082594320703,2.3804730149485134,0.10360957937218984
1.6687373707422914,1.6428595582461283,0.025877812496163166
1.7050986067160108,2.115599012149205,-0.41050040543319444
1.4990787280305098,2.089287096468561,-0.590208368438051
2.1137115561439197,1.9220508099996778,0.1916607461442419
2.002521129476938,1.9139205066992178,0.08860062277772007
1.885480717290599,1.5811528442268112,0.3043278730637877
1.2384152760768097,1.0706538483289416,0.16776142774786806
1.114372059213861,1.010290497890982,0.10408156132287916
1.851113178328493,2.02196343910081,-0.1708502607723168
1.7492131088460068,1.8139453521624174,-0.06473224331641059
0.4737850031464253,0.555765030786756,-0.08198002764033069
1.3964010713964448,0.9104305112218091,0.4859705601746357
0.121944949573045,0.06156366233598713,0.060381287237057865
1.186886571980493,1.0967126264274027,0.09017394555309033
1.4856969974855516,1.3989823357161422,0.08671466176940945
0.4162842496527364,0.4760088762276981,-0.05972462657496169
0.109693432825825,0.16037504747872655,-0.05068161465290155
0.5477823561037871,0.695622744168399,-0.14784038806461186
1.1349012613944451,1.1733242495313292,-0.03842298813688405
2.0944391516983187,2.310259986673883,-0.21582083497556415
0.5010909667883694,0.5206057502489562,-0.01951478346058677
1.9321042928059875,1.8139453521624174,0.11815894064357013
0.7409404027026832,1.3809968212010217,-0.6400564184983385
0.0983686912611032,0.1134918035850251,-0.015123112323921897
1.3059478065971903,1.428413973036038,-0.12246616643884756
2.1604617155965538,2.4570570417661495,-0.2965953261695957
2.575657029761219,2.3787225027699352,0.19693452699128366
1.0736029897833967,1.0277736595282903,0.04582933025510649
1.7952851411845698,1.7916028739830223,0.0036822672015475177
1.2727104814328232,1.129279899972224,0.14343058146059917
2.0182175376953584,1.9288227174057087,0.08939482028964973
1.314397284408316,1.2712617141080704,0.04313557030024562
1.1076811940679658,1.204402680099241,-0.09672148603127506
1.750890346014507,1.6155283631232797,0.13536198289122736
1.9649076163338015,1.7498650977084274,0.21504251862537416
1.210440225945593,1.2453922426390203,-0.03495201669342718
0.7058133601171056,0.7591089735330795,-0.053295613415973886
1.6685791408207349,1.6104741966671077,0.058104944153627214
2.2623210984699305,2.200617702030276,0.0617033964396545
2.418335801124793,2.4884084152674473,-0.0700726141426542
1.886859578397261,1.9288859035065165,-0.042026325109255414
1.0638560266155066,1.0418423618146853,0.022013664800821342
2.282597133788696,2.3144009418956806,-0.031803808106984466
2.499982440648028,2.421590690488764,0.07839175015926392
0.8138617921934599,0.8722598508340259,-0.05839805864056602
2.307195104223398,2.141596596443529,0.16559850777986895
1.4863480006998857,1.5888454615163026,-0.10249746081641686
1.0266403490653817,1.3631596783492528,-0.33651932928387107
0.2002371147592784,0.11762282908350029,0.08261428567577812
2.0851985242794098,2.0524130960687152,0.03278542821069452
1.227755100182626,1.126931355075287,0.10082374510733882
1.8271888141891264,1.771597815986972,0.055590998202154296
1.3055138044543015,1.2270709210845339,0.07844288336976768
1.774199873995754,1.9240481516511758,-0.14984827765542175
0.9842799385287132,1.0228603347963587,-0.038580396267645534
1.7342762042510582,1.7266107730533715,0.007665431197686701
0.1154891687735334,0.14143369594897187,-0.025944527175438478
1.411582102228414,1.4310700609669216,-0.019487958738507505
0.2169642780037682,0.39572071217692223,-0.17875643417315404
0.5757483645975344,0.5096520521280953,0.06609631246943914
1.8878225201296372,1.8928528454479359,-0.005030325318298612
0.3388781720272203,0.31987071860600086,0.019007453421219456
1.2512997125102563,1.1609506625605177,0.09034904994973858
2.1905525276300697,2.2486148702617292,-0.05806234263165955
1.154078727887112,1.1593406803883026,-0.005261952501190548
1.6965496701332166,1.664677420489359,0.031872249643857486
2.0770248197022885,1.919585400394743,0.15743941930754546
1.8606702655905152,2.0654192160634834,-0.20474895047296826
0.8463034469313092,0.807590504907922,0.038712942023387265
0.990120883170105,0.7828168507426626,0.20730403242744244
0.0908369469950063,0.08929634972887647,0.0015405972661298312
2.213446136490199,2.1117111420263366,0.10173499446386236
1.189427292362869,1.237495421928866,-0.04806812956599704
2.391893320443557,2.2215936196532287,0.1702997007903284
0.6106855312772439,0.5096520521280953,0.10103347914914862
0.9153730682267408,0.8860706502337395,0.029302417993001262
2.45529378922219,2.7036426177485358,-0.24834882852634577
1.021070655826587,1.0036984059928897,0.01737224983369723
1.4781019612508322,1.1539429076409502,0.32415905360988195
1.3496192649468275,1.4103575666834849,-0.060738301736657396
1.868486823715414,1.7266107730533715,0.14187605066204245
1.9249432597268288,1.9072741074557087,0.017669152271120092
1.65111055748088,1.7498650977084274,-0.09875454022754737
0.7881245653108782,0.6736176337439189,0.11450693156695924
1.3139406781717529,1.3004227568466737,0.013517921325079119
1.0465230688503668,0.9877590937988759,0.05876397505149089
1.5098564459713015,1.5683782162101925,-0.058521770238890936
0.8186719818087822,0.9319775598165546,-0.11330557800777241
1.1924020148881342,1.1593406803883026,0.03306133449983162
1.5705444022429655,1.4782251740917227,0.09231922815124283
1.3305050904227835,1.3764526574292317,-0.0459475670064482
1.4863480006998857,1.507449543163303,-0.021101542463417333
0.282317756425402,0.2798812268970402,0.0024365295283618194
2.231059387548574,1.919585400394743,0.3114739871538308
1.1539747482967089,1.1069155505711736,0.04705919772553524
0.5630809292355323,0.6210528800399779,-0.057971950804445616
0.1367462285932785,0.05953603900710129,0.07721018958617722
1.6802745925597231,1.6591362385717483,0.02113835398797481
0.9700302039511446,0.9836690757304295,-0.013638871779284911
1.2045359893355785,1.1534916374283195,0.05104435190725898
0.3036245455043974,0.2433549948376365,0.060269550666760874
0.4798610321342008,0.4640000739013623,0.015860958232838507
1.3231632220625549,1.502612149532462,-0.17944892746990715
1.1488571404757424,1.1584135876728605,-0.009556447197118123
0.2539629544824491,0.2433549948376365,0.010607959644812592
0.2656177183464886,0.2668313018709508,-0.0012135835244621584
0.2422629819247261,0.16961116563632478,0.07265181628840131
2.375107386555515,2.2407785368807374,0.13432884967477765
0.5521585438293882,0.4010804194649976,0.1510781243643906
0.3691905041787409,0.34510007135387344,0.024090432824867447
0.4880347377239939,0.48680771367510606,0.0012270240488878592
0.5075286640597739,0.6196100051628308,-0.1120813411030569
0.1121166109084252,0.11509545756347604,-0.0029788466550508402
0.8492962529846811,0.8825230825159258,-0.03322682953124467
0.2978966223440464,0.3396414529819679,-0.041744830637921504
2.049501853976228,2.2215936196532287,-0.17209176567700046
0.7981246963532587,0.7469024659981293,0.051222230355129406
0.5066651808458983,0.4760088762276981,0.03065630461820018
0.1691607581655511,0.12460918696286237,0.044551571202688725
1.166009263972484,0.9889126897772317,0.17709657419525227
2.386685295235224,2.2868257898163145,0.09985950541890976
1.5446489454388268,1.7287039125874566,-0.1840549671486298
1.6992260160903077,1.9420256292438345,-0.24279961315352683
0.7607507888815767,0.7438539628556797,0.016896826025896927
2.0978569180039424,1.9638000014275472,0.13405691657639518
0.2363135368741959,0.20739046537441239,0.028923071499783515
1.0986033173893484,1.3556445867490352,-0.25704126935968685
1.5450965100379206,1.5175121014786266,0.027584408559294005
0.5784518357202018,0.3473976556340418,0.23105418008615997
1.6856996183331647,1.8715557149025226,-0.18585609656935786
0.8048924161771489,0.9797676255270085,-0.17487520934985956
0.566824197021739,0.5570799919494533,0.009744205072285683
1.3056584719196536,1.9449264884905157,-0.6392680165708622
0.9541167946612796,1.0277736595282903,-0.07365686486701062
1.5519546469960095,1.522911597881529,0.029043049114480413
0.7165368279799122,0.7469024659981293,-0.03036563801821701
1.329998754673802,1.3622066554365921,-0.03220790076279023
1.4088424640495325,1.9377728931951324,-0.5289304291455998
0.4116006439746595,0.4175257348633669,-0.005925090888707407
2.358018555027396,2.2550063003995935,0.1030122546278025
0.389841769224668,0.29553739376985955,0.09430437545480846
1.9407346058981827,1.8250301503572477,0.115704455540935
2.0197862747078883,2.048655282623729,-0.028869007915840683
0.7517271625341124,0.73502805050805,0.016699112026062446
1.2450292867978778,1.2097769909922955,0.03525229580558231
1.9772766771529724,1.6474307114797027,0.32984596567326974
0.0973967073849215,0.04556173508460021,0.05183497230032129
1.4861716872502215,1.530337323653621,-0.044165636403399544
1.881036717283976,1.9046199032345927,-0.023583185950616814
1.843043452329104,1.9288859035065165,-0.08584245117741252
1.0987615473109051,0.8685777547818043,0.23018379252910082
2.5550464533497443,2.502287225602809,0.05275922774693553
0.783915649397471,0.7208979195613684,0.06301772983610265
0.647932854811681,0.551086126046453,0.09684672876522793
1.835104831845198,1.8459748751335996,-0.010870043288401687
2.422133319242153,2.112608184437187,0.3095251348049657
1.1839208910926975,1.5647482355803999,-0.3808273444877024
1.6251608503455883,1.7112590749042378,-0.08609822455864946
1.8271481275800168,1.7645058468385721,0.06264228074144462
0.759358365571878,0.7438539628556797,0.01550440271619824
0.7841326504689154,0.7320418361756883,0.05209081429322715
0.2741937800948594,0.3458532243481067,-0.07165944425324733
0.1242234604434607,0.06156366233598713,0.06265979810747357
0.6054006518972517,0.6978269949521664,-0.0924263430549147
1.7330058440598703,1.5946642055670563,0.138341638492814
1.79968845382258,1.986859001328981,-0.18717054750640116
1.9594464232509776,1.8139453521624174,0.14550107108856025
1.2932170792665658,1.2107904770841311,0.0824266021824347
1.0532862678555222,1.0072609506689605,0.046025317186561665
1.7845435897936563,1.6815123288314955,0.10303126096216086
2.3405499716875418,2.018756593142384,0.3217933785451579
1.4053704476659237,1.3991714362629921,0.0061990114029315535
0.9376970496224336,0.8457797165049707,0.09191733311746286
0.3042710276468284,0.3078900083790041,-0.003618980732175703
0.8733924095018086,0.9623785076021093,-0.08898609810030067
0.7254971623587536,0.7461770577397422,-0.020679895380988578
1.1939843141037008,1.2233608321057396,-0.029376518002038887
2.2274065371497342,2.1249614066074582,0.102445130542276
2.1518178428330006,2.401594147187856,-0.24977630435485532
1.323258160015489,1.205958306134896,0.11729985388059294
0.8003399152550519,0.7297307888994244,0.07060912635562744
0.8051501048703742,0.43840349987815674,0.36674660499221745
0.4750508425188786,0.4475740384959336,0.027476804022945
0.8742965805906329,0.9914146027592494,-0.11711802216861655
1.465552067935438,1.3471875797599178,0.11836448817552014
1.3429464830758715,1.221622085804976,0.1213243972708955
2.115483731265354,2.0973894060528924,0.01809432521246146
1.5122479783227587,1.3627991392227015,0.14944883910005724
2.046780299325454,1.80587197128605,0.24090832803940376
0.6085336043440737,0.5947441523925638,0.013789451951509824
1.145186206295628,1.1200868592274809,0.025099347068147093
1.851596908717961,1.9420256292438345,-0.09042872052587358
0.7570482087171507,1.5175121014786266,-0.7604638927614759
0.3259666104281972,0.3396414529819679,-0.013674842553770716
2.1662122441164176,1.8268213399528999,0.3393909041635177
0.3189909314235,0.39590766445151515,-0.07691673302801516
1.0830515766362805,1.010290497890982,0.07276107874529858
0.5715439695028621,0.458843817061949,0.11270015244091314
1.9988260835884568,2.0102874960283077,-0.011461412439850882
0.8579039607173635,0.8785566825388337,-0.020652721821470155
1.8145620664489055,1.4994580751391602,0.3151039913097453
1.848378061474682,1.9524836968350017,-0.10410563536031958
1.512849252024674,1.782996603288527,-0.27014735126385303
1.6739273121693496,1.8139453521624174,-0.14001803999306772
0.402866352304732,0.4301216289762569,-0.027255276671524886
1.050691297141993,0.9463311340152012,0.10436016312679186
0.1792558271608657,0.11297837614980467,0.06627745101106101
0.3203969171894029,0.31987071860600086,0.0005261985834020266
1.6672183634953477,1.6087897927948662,0.058428570700481464
1.438512834877357,1.433590740318372,0.004922094558984957
1.4687663958789894,1.7498650977084274,-0.28109870182943797
1.4185713439424834,1.2979647012132323,0.12060664272925115
1.1577496620672263,1.2233608321057396,-0.06561117003851336
1.5336180593703763,1.460550203559412,0.07306785581096431
1.0660395995329888,0.9889126897772317,0.07712690975575709
0.9502469429378276,0.949640392857257,0.0006065500805706447
0.9733485114850996,1.0322753060922365,-0.0589267946071369
2.2392330921256955,2.4706600024010874,-0.23142691027539186
2.368638043552967,2.4706600024010874,-0.1020219588481206
1.45379784529973,1.683554699100039,-0.22975685380030897
0.764421723061691,0.8053670128396143,-0.04094528977792333
1.1660906394692137,1.0967126264274027,0.0693780130418109
1.9423395104732628,1.8072818822189323,0.13505762825433054
2.047657346261373,1.9420256292438345,0.10563171701753848
2.4198864543560488,2.310259986673883,0.10962646768216588
1.7809992395507874,1.6635714301373068,0.11742780941348063
0.3351575083346876,0.3342337954829766,0.0009237128517110005
2.441627245577933,2.3265720506295584,0.11505519494837468
0.9528147884857804,1.0036984059928897,-0.05088361750710935
2.3030313964973392,2.17704656710487,0.12598482939246924
1.2988907520957638,1.5039340519367141,-0.20504329984095038
0.9935748162787752,1.0931884758307673,-0.09961365955199208
0.4254661059217574,0.5463115777465625,-0.1208454718248051
1.7363331932312946,1.9288859035065165,-0.1925527102752218
0.3660439890225468,0.2949971836995128,0.07104680532303403
1.180629708724319,1.2270709210845339,-0.04644121236021492
1.2603142972202508,1.1856721584854437,0.07464213873480707
1.6884121313464695,1.571434597600918,0.11697753374555142
0.5966030682587016,0.5096520521280953,0.0869510161306063
0.8303177040353521,0.7978998194393644,0.03241788459598771
2.098837943517593,2.345892734330693,-0.24705479081309978
0.2916940094190255,0.34879377306543125,-0.05709976364640573
2.1663569118349377,2.0973894060528924,0.06896750578204536
1.7105824036393409,1.6582885072105145,0.052293896428826425
1.6711605490780597,1.664677420489359,0.006483128588700593
1.5580668427868314,1.5039340519367141,0.05413279085011724
0.3157449574956373,0.4760088762276981,-0.1602639187320608
0.2364401208114413,0.2668313018709508,-0.03039118105950947
1.9828825354226376,1.9152876476264906,0.06759488779614697
1.6398129410817346,1.511447492114879,0.12836544896685553
1.7806375712671585,1.7289344199166892,0.05170315135046932
1.13585516174252,1.0891353589371369,0.04671980280538324
1.4890605134600226,0.8204627185041509,0.6685977949558717
0.8158464475676042,0.8406205721985938,-0.024774124630989602
0.9843522723879734,1.2965189787184812,-0.3121667063305078
0.3337831685530961,0.4072812408537987,-0.0734980723007026
2.435298048715667,2.425096293877946,0.010201754837721122
1.9501153794573731,1.8702839871584394,0.07983139229893377
1.156506427041615,1.0891353589371369,0.06737106810447813
1.6972730069536424,1.5699219068726142,0.12735110008102812
1.5845048021429973,1.6472778413028577,-0.06277303915986043
1.0950589671464794,1.0425725251215703,0.05248644202490915
1.238541860014055,1.1584135876728605,0.08012827234119446
0.531760446404784,0.4475740384959336,0.08418640790885046
1.1335404840690582,1.3164214462676798,-0.1828809621986216
1.8163975335389624,1.4360828915332764,0.380314642005686
1.114299725607769,0.9889126897772317,0.12538703583053723
0.050452150195013,0.12324394767098337,-0.07279179747597037
1.7234216316322717,1.7677350775419478,-0.04431344590967612
1.0203744441717375,0.9062338476975588,0.11414059647417873
1.0026210469730807,0.9463311340152012,0.05628991295787955
1.5730037473817795,1.4115749648389295,0.16142878254284998
2.160534050721653,2.032967627171175,0.12756642355047765
0.6886295906360528,0.6383562712487384,0.050273319387314386
0.1444497652371363,0.14172694941116024,0.002722815825976055
0.0601086962287038,0.1726537193401166,-0.11254502311141282
1.525191185906093,1.6440697908769815,-0.11887860497088854
0.9341888664357786,1.0241733406380569,-0.08998447420227829
2.171094766325161,2.0815940791115914,0.08950068721356974
0.0806514608654926,0.04556173508460021,0.035089725780892395
1.5552819961674342,1.5698982292197061,-0.014616233052271888
2.169937429640357,2.09413749591496,0.07579993372539695
1.9733616157231653,2.006671950010502,-0.033310334287336874
0.4475278778054899,0.3415228432029839,0.10600503460250604
1.3679739358473997,1.4091107643633576,-0.0411368285159579
0.9592524860103528,1.4038739596407663,-0.4446214736304135
1.0168933858974911,1.1239426819373672,-0.10704929603987612
2.309541428640675,2.3457021208196847,-0.03616069217900986
1.6191481133264354,1.5503055020889005,0.06884261123753488
1.2807395195572635,1.3164214462676798,-0.035681926710416256
1.3629105783575866,1.4124405876419577,-0.049530009284371124
1.4158949977322246,1.3936874727960127,0.02220752493621192
1.1118629848157964,1.118941926520389,-0.007078941704592667
1.725067222816461,1.648888507718143,0.07617871509831797
0.8920183318049782,0.8457797165049707,0.0462386153000075
1.751554911685045,1.6582885072105145,0.0932664044745306
2.2250737749354936,2.1297388408278275,0.09533493410766614
1.8464612186347276,1.4011570296850442,0.4453041889496834
0.2789180733947173,0.3473976556340418,-0.06847958223932449
2.691535583684516,2.7036426177485358,-0.012107034064019917
1.1846442279131233,1.1534916374283195,0.031152590484803788
1.5468053931907322,1.4115749648389295,0.13523042835180266
1.3043202989411085,1.297256313121801,0.007063985819307561
1.8373833427156137,1.7011114326465808,0.13627191006903283
2.292891119314677,2.421590690488764,-0.12869957117408726
2.3141707829749274,2.1212427729348957,0.19292801004003168
1.382910840442348,1.3685196249752658,0.014391215467082219
1.134869615410134,1.237495421928866,-0.10262580651873199
1.7769349911027326,1.7136288552844618,0.06330613581827071
0.3362786804949564,0.3403353360568732,-0.004056655561916811
0.5641659343395872,0.5886172662352531,-0.02445133189566595
0.9798992302375452,0.8514250981666704,0.12847413207087477
1.5514483112470283,1.50307242064877,0.04837589059825831
0.7245794288137251,0.8406205721985938,-0.1160411433848687
1.1219896997954224,0.9623785076021093,0.1596111921933131
0.8266648533833448,0.9319775598165546,-0.10531270643320978
0.5436593365058445,0.7080214035742249,-0.1643620670683804
1.8903315935150304,2.037496680180749,-0.1471650866657186
0.4889389088128181,0.3758212486656074,0.1131176601472107
0.9428689077745528,1.3991714362629921,-0.45630252848843933
1.868708345605593,1.7136288552844618,0.15507949032113122
1.087179117052958,1.1376000302842646,-0.050420913231306486
0.9988913416430786,1.571434597600918,-0.5725432559578395
0.7196743012454687,0.6978269949521664,0.021847306293302338
0.1947216718516372,0.1960946103626763,-0.001372938511039118
1.2030893159478946,1.203801355974895,-0.0007120400270004268
1.768738681166098,1.566929036420173,0.201809644745925
0.7859771591964425,1.0377600346728204,-0.2517828754763779
0.7220477500688186,0.5947441523925638,0.12730359767625476
0.8023607374322423,0.8507798026412987,-0.04841906520905637
1.8350324967200984,2.1117111420263366,-0.2766786453062382
1.70174413237901,1.662248801861859,0.03949533051715082
0.5371402637377103,0.4780247553744654,0.05911550836324486
2.184838166672756,2.0729967893389545,0.11184137733380162
0.0642678826296925,0.38099353444991235,-0.31672565182021983
2.3785839232515227,2.204537592814527,0.1740463304369957
0.1737810718750055,0.12092579944666587,0.05285527242833962
2.419569994512935,2.2990966531553374,0.1204733413575978
2.370120883237361,2.032967627171175,0.33715325606618585
0.9755320844025815,0.854324268070755,0.12120781633182653
0.8740434127161424,0.8785566825388337,-0.00451326982269129
1.007752217250251,0.9105968614081325,0.09715535584211865
0.2961560932069232,0.6886988402099172,-0.392542747002994
1.7233266936793377,1.8173290674743183,-0.09400237379498066
2.2201370013829265,1.9449264884905157,0.2752105128924107
0.176312750619912,0.12092579944666587,0.05538695117324613
2.1189783517426366,2.1310779528752737,-0.012099601132637083
0.4473108767340454,0.34067063772703626,0.10664023900700914
2.336562577664314,2.3904442322477535,-0.05388165458343952
2.442743895653628,2.3787225027699352,0.06402139288369257
1.6639588271112804,1.683554699100039,-0.019595871988758562
1.7634538017861057,1.7136288552844618,0.04982494650164382
1.1259092810312925,1.204402680099241,-0.07849339906794839
2.3084925895801627,2.379750105844036,-0.07125751626387311
2.3202468119627038,2.0815940791115914,0.23865273285111233
2.434095501311836,2.3804730149485134,0.053622486363322786
0.6025208673249207,0.5096520521280953,0.09286881519682544
2.083534849313946,1.892867981477144,0.19066686783680198
1.197655248283815,1.118941926520389,0.07871332176342594
0.4065146821380046,0.4146630724075412,-0.008148390269536565
0.4616691119739203,0.48656110752330095,-0.024891995549380652
1.190033086883519,1.1584135876728605,0.03161949921065843
2.481153079982786,2.4534577988084547,0.0276952811743314
0.793472736659493,0.7817293799503741,0.011743356709118968
0.1657429918599274,0.1450655501235698,0.020677441736357605
1.704813792857209,1.482935825410191,0.22187796744701793
0.9876841423781324,1.2619582824702087,-0.2742741400920763
1.628673554604146,1.8574292884394563,-0.22875573383531034
1.537958080039764,1.3936874727960127,0.1442706072437514
0.358340452378689,0.24607231981572314,0.11226813256296586
0.8609510168487208,0.809794218127669,0.05115679872105172
2.1400997854813317,2.0350454362418327,0.10505434923949908
0.355591772562338,0.28101183559877124,0.07457993696356674
2.1559589451995462,1.9078482388298312,0.248110706369715
0.1677050428872299,0.11690475126469613,0.05080029162253377
0.8106881521248571,0.8567043558197691,-0.046016203694911995
0.1030522969391803,0.09892398653222914,0.004128310406951163
0.3224539061696394,0.30181738367387095,0.020636522495768472
2.544191880730958,1.986859001328981,0.557332879401977
1.1294536312741614,1.0569394324982526,0.07251419877590881
1.3601257317381896,1.4684884276061694,-0.10836269586797975
1.310323994069624,1.2979647012132323,0.012359292856391813
0.4580569489436936,0.5068715709005003,-0.04881462195680669
1.0219296182217277,1.1148064146906211,-0.09287679646889346
0.7525951665667227,0.7544941445177866,-0.0018989779510639737
0.4775825212637851,0.4638468749930624,0.013735646270722712
2.382101149088319,2.2389655379018842,0.1431356111864348
0.546588850590594,0.10252882835416177,0.44406002223643226
1.797635985661078,1.6532248909457332,0.14441109471534475
1.663637846449432,1.7067247253524185,-0.04308687890298657
1.0738561576578876,1.2367958665805314,-0.16293970892264387
0.933176194937816,1.1200868592274809,-0.18691066428966485
1.3058031391318383,1.3676502077607031,-0.0618470686288648
0.5864763532790755,0.5068715709005003,0.07960478237857527
1.8428807008293089,1.6814595015823661,0.16142119924694276
1.320197541174759,1.2865097881309235,0.03368775304383553
2.225991508480522,2.177662261824225,0.04832924665629701
1.1216415939679976,1.3577390827712876,-0.23609748880329007
2.076771651827797,1.9290363883865915,0.14773526344120547
1.306011098565813,1.2979647012132323,0.008046397352580836
1.7002567711163772,1.511447492114879,0.18880927900149813
1.7936124248348042,0.9912634404998355,0.8023489843349687
0.1946357755361727,0.23786003453638904,-0.04322425900021634
0.8264840191149464,0.6886988402099172,0.13778517890502917
0.1679898567460319,0.03335421611512891,0.134635640630903
0.5339666236691076,0.4638468749930624,0.07011974867604526
1.1137933898587873,1.0886993579445945,0.025094031914192794
0.3506730825378774,0.48656110752330095,-0.13588802498542357
1.938578157386774,1.5190759179269948,0.41950223945977916
0.3993220020618629,0.4072812408537987,-0.007959238791935774
0.5341655412124452,0.6451106505819734,-0.11094510936952817
2.2462132924554634,2.2155909475083235,0.03062234494713989
0.0264012021184013,0.12324394767098337,-0.09684274555258207
1.6220595438830778,1.7112590749042378,-0.08919953102115996
0.9126515135759664,0.9390328625504596,-0.02638134897449318
1.5319543849112482,1.6428595582461283,-0.11090517333488004
2.3012773051571798,2.305825997604129,-0.004548692446949332
2.066464101567102,1.9029649735971732,0.16349912796992894
2.5058550315268997,2.400705265208884,0.10514976631801565
2.1401675990281923,2.1609938786215808,-0.020826279593388453
0.4934959305536499,0.48680771367510606,0.006688216878543818
2.353208365412074,2.301896713470216,0.05131165194185794
2.067350189127819,1.7455762017913452,0.3217739873364738
0.8306567682253072,0.8372173748033718,-0.006560606578064565
0.9946236545797836,1.2609449932833368,-0.2663213387035531
2.198473064332701,2.09413749591496,0.10433556841774072
2.131058077124767,2.0973894060528924,0.033668671071874545
2.2231117239081915,2.1212427729348957,0.10186895097329574
2.5018405130975983,2.3787225027699352,0.12311801032766301
1.0021463572084108,0.9549170245959888,0.047229332612422015
1.312909923145683,1.3911917498589574,-0.07828182671327433
0.1786861994432619,0.10252882835416177,0.07615737108910012
2.5050231927783275,2.3144009418956806,0.19062225088264695
2.0551664851679563,2.115112931481488,-0.05994644631353152
1.3754604716729808,1.2055131786943383,0.16994729297864253
0.9220006414040134,0.9589864592145889,-0.03698581781057553
0.5444188401293165,0.8294841746718694,-0.2850653345425529
0.7970803788709847,0.7624812551074441,0.034599123763540574
1.3865501286381512,1.2107601826926602,0.17578994594549102
0.1588441672800571,0.1726537193401166,-0.013809552060059516
1.1197111889250062,1.3991714362629921,-0.2794602473379859
0.3846699113257165,0.39590766445151515,-0.011237753125798666
2.219409143743765,2.1276064609226744,0.09180268282109072
1.079543393196457,1.2055131786943383,-0.12596978549788118
1.038349363260574,0.9104305112218091,0.12791885203876496
1.6222810657732571,1.6554667617117031,-0.033185695938446
1.7695298307738814,1.7289344199166892,0.040595410857192205
0.8731030748242719,1.2877737274246934,-0.4146706526004216
1.3680372278160224,1.6696843849370762,-0.3016471571210537
0.3352660089969939,0.34067063772703626,-0.005404628730042382
1.771017192036514,1.8015379994173608,-0.030520807380846726
1.0868852615566864,1.1429838687154545,-0.05609860715876813
0.151945342700187,0.278175811467507,-0.12623046876731997
1.3803791616974417,1.4277819285433324,-0.04740276684589073
0.3138190732713808,0.3245940854614644,-0.010775012190083588
2.51381173579208,2.310259986673883,0.2035517491181973
0.294320626116866,0.41006939352526106,-0.11574876740839507
2.137351106424484,2.163205246047813,-0.02585413962332872
2.441500661640688,2.4252308785245518,0.01626978311613625
2.2269725339941733,2.330349038862778,-0.10337650486860461
0.1725513993055983,0.16901960540288644,0.003531793902711855
0.3630873500253887,0.2847568675805614,0.07833048244482732
0.6246097643742297,0.6452158846130075,-0.020606120238777836
1.2470862757781145,1.2713794355837673,-0.02429315980565283
0.3738469846912413,0.4780247553744654,-0.10417777068322415
2.4970664885131475,2.2700652528263534,0.2270012356867941
0.0603935100875058,0.030556910661549065,0.029836599425956734
1.7799504012497789,1.7297913118519415,0.05015908939783742
1.2237631853406634,1.297256313121801,-0.07349312778113748
2.565313314469652,2.4365269813887465,0.12878633308090537
1.0733498219089062,1.5190759179269948,-0.44572609601808866
2.114276662283285,2.1276064609226744,-0.013329798639389434
2.1125044871618504,1.9744523197881965,0.1380521673736539
1.4404522815578176,1.6104741966671077,-0.1700219151092901
0.7510987636666207,0.7000284409887366,0.05107032267788403
0.8144404618017015,0.7817293799503741,0.03271108185132743
0.5980904295213343,0.6736176337439189,-0.07552720422258463
0.5966799226835287,0.715461075717973,-0.11878115303444436
1.908017179698505,1.854417829689497,0.05359935000900795
0.0587343564471122,0.20355452381780278,-0.1448201673706906
0.3896247684063912,0.3325354376921409,0.05708933071425032
0.8983475286672445,0.9319775598165546,-0.03363003114931007
0.7443581690083071,0.807590504907922,-0.06323233589961486
1.6328598661707114,1.5309939219490865,0.10186594422162498
1.0912252822260735,1.1720053257763512,-0.08078004355027768
1.2516975478500991,0.9623785076021093,0.2893190402479898
0.6336424323591636,1.1447075301773693,-0.5110650978182056
0.2684296901314623,0.4245731519361755,-0.15614346180471322
0.6655280220887809,0.73502805050805,-0.06950002841926906
1.30974532471455,1.3697585659234779,-0.060013241208927814
1.7916187278231903,1.8928528454479359,-0.10123411762474555
2.414569928991745,2.458912319830353,-0.044342390838608026
1.8548790504615416,1.6863228493934728,0.1685562010680688
1.540855948140202,1.5347116329417374,0.006144315198464589
2.1153571473281088,1.8680775110648855,0.24727963626322325
0.7507190118548844,0.5746631388066775,0.1760558730482069
2.5836137365580782,2.3804730149485134,0.20314072160956487
1.261245593221484,1.0569336226927737,0.20431197052871042
1.055944530537674,1.0289928851787802,0.026951645358893828
0.2104587676918383,0.2798812268970402,-0.0694224592052019
1.0602800303883264,1.2613675439212773,-0.20108751353295085
0.6668074239174384,0.73502805050805,-0.06822062659061157
0.70163609018801,0.7558504967781593,-0.05421440659014931
1.289455727952252,1.3556445867490352,-0.06618885879678316
0.9305314947118686,0.8718150288741342,0.05871646583773438
1.6439269190422077,1.9377728931951324,-0.2938459741529247
0.6641039527947711,0.589450608487255,0.07465334430751613
1.2160008775469178,1.0377600346728204,0.17824084287409736
2.47934925887704,2.3967768878781612,0.0825723709988786
0.6577431099481936,0.715461075717973,-0.05771796576977939
1.9940942570253255,1.9377728931951324,0.05632136383019315
0.7684362422504954,0.5746631388066775,0.19377310344381793
1.1545217716674705,1.6682423249906937,-0.5137205533232232
1.426130213374157,1.6428595582461283,-0.21672934487197137
1.0261340133164,0.7805158510036011,0.24561816231279898
2.4835581747904474,2.377275249447036,0.10628292534341144
1.654085280006145,1.5084453215561777,0.14563995844996724
1.1960367822652025,1.1243554192132073,0.07168136305199524
1.499399708692358,1.596646645715038,-0.09724693702267984
2.0659577658181205,2.127550853155873,-0.06159308733775237
0.6244560552714078,0.6446338518173891,-0.020177796545981286
0.8784738505197288,0.8825230825159258,-0.004049231996197
0.8259053497598727,0.783450182670207,0.04245516708966568
0.5598304344889348,1.4011570296850442,-0.8413265951961094
1.2290571063581253,1.2453922426390203,-0.016335136280895002
2.417418067579765,2.2700652528263534,0.14735281475341155
1.101134996134255,1.020624226253439,0.08051076988081585
2.177785633749567,2.1042247827948524,0.07356085095471476
2.3370643918350567,2.2155909475083235,0.12147344432673313
1.822554938276636,2.048655282623729,-0.22610034434709303
1.7667133381701727,1.7904420795430647,-0.023728741372891937
0.9438092456664232,0.8692132498967134,0.07459599576970977
0.1947578386546833,0.16901960540288644,0.02573823325179686
0.2327691866313268,0.16961116563632478,0.06315802099500203
1.1078755907925686,1.1895022488129088,-0.08162665802034019
2.3937016631275414,2.025323021269885,0.36837864185765623
0.8193229850231157,0.8692132498967134,-0.04989026487359771
0.4581609285340972,0.6451106505819734,-0.1869497220478762
2.404601443933676,2.135916860484802,0.268684583448874
1.4170252115299629,1.2987246233477483,0.11830058818221456
0.9523807863428914,1.2703050463193988,-0.3179242599765074
0.5785332112169316,0.5206057502489562,0.05792746096797541
2.0778928234817307,1.9744523197881965,0.10344050369353419
0.3732773569736373,0.3922330091875452,-0.018955652213907936
1.5837362568820557,1.4307016841627063,0.1530345727193494
1.9755406670624087,1.9780530599512214,-0.0025123928888126645
0.8235183382271508,0.8738688703285704,-0.0503505321014196
0.7255785378554833,0.6202555330174683,0.10532300483801504
0.4489745514463416,0.4475740384959336,0.001400512950407995
2.2757254336148987,2.401594147187856,-0.12586871357295726
1.4523511716588784,1.5810277886530797,-0.1286766169942013
0.215775293056142,0.17352300766771986,0.04225228538842213
1.509020087923003,1.4782251740917227,0.03079491383128019
0.1085722606655562,0.2713733880916175,-0.1628011274260613
2.3334929171861143,2.2215936196532287,0.11189929753288563
0.8378404066639793,0.8294841746718694,0.008356231992109886
0.81765026867335,0.7443461386967808,0.07330412997656921
0.133491213027946,0.42473438111107886,-0.2912431680831329
0.949677315220224,1.0721728842907927,-0.12249556907056869
1.1443950566878447,1.0721728842907927,0.07222217239705198
0.7835675435700463,0.7438539628556797,0.03971358071436659
2.066210933692611,1.9638000014275472,0.10241093226506393
2.5197928268269214,2.3967768878781612,0.12301593894876017
0.8012033984689274,0.7727098171933667,0.028493581275560675
0.1770722542433838,0.40703681569718375,-0.22996456145379995
1.2411051847432728,1.2987246233477483,-0.05761943860447549
2.073584448037152,1.0672304912450927,1.0063539567920594
0.3186563880522797,0.2433549948376365,0.07530139321464319
1.0337606955354308,0.9463311340152012,0.08742956152022963
1.6858804526015632,2.0091272743780193,-0.32324682177645614
0.8549608841764096,0.792703002524219,0.062257881652190594
0.3440545509980743,0.29553739376985955,0.04851715722821476
0.4680706424422787,0.34067063772703626,0.12740000471524243
0.6132805019907733,0.5781328416058596,0.03514766038491368
1.19562990528789,1.3655645937274485,-0.1699346884395585
1.954468963089301,1.9992320080884214,-0.044763044999120316
1.0786347012888986,1.0886993579445945,-0.010064656655695892
1.6523899593095377,1.4423328231033135,0.21005713620622424
1.826533289143387,1.9290363883865915,-0.10250309924320455
1.2744916981917274,1.5186066438590664,-0.24411494566733904
1.5181657773889776,1.4369417374484879,0.08122403994048977
0.7078206195849238,0.6202555330174683,0.08756508656745554
0.6219198557077665,0.558896428938497,0.06302342676926953
2.2994508786919203,2.1927266773304104,0.10672420136150995
1.880322421847852,1.854417829689497,0.025904592158354944
0.8506253843257573,1.0640529140764177,-0.21342752975066037
2.43999521659678,2.135916860484802,0.3040783561119782
1.422278444925644,1.1148064146906211,0.3074720302350229
1.4807421404048768,1.4011570296850442,0.07958511071983265
1.282041525985931,1.2967547008628886,-0.014713174876957558
0.0042851799035155,0.04190025453623789,-0.037615074632722394
1.0776536757752473,1.2097769909922955,-0.13212331521704823
0.3116626255194755,0.31987071860600086,-0.00820809308652537
1.7000578535730395,1.4298473541405745,0.270210499432465
1.859047279765839,1.854417829689497,0.004629450076341968
1.2778461725287285,1.4320627703937336,-0.1542165978650052
1.9542474411991213,2.2866494548745777,-0.3324020136754564
2.030598651837034,2.0102874960283077,0.020311155808726333
2.6656175225335352,2.458912319830353,0.20670520270318216
0.7221110420374411,0.6828057508068305,0.03930529123061066
0.3570384462031896,0.28830032946558865,0.06873811673760094
0.3669798060956825,0.38099353444991235,-0.01401372835422987
2.482134105496437,2.295337524826861,0.18679658066957616
2.038583989388819,2.359400551646347,-0.3208165622575283
0.3159529169296123,0.39544639423528644,-0.07949347730567413
0.7501358216810762,0.6736176337439189,0.07651818793715726
0.1235814991197646,0.2967062906272687,-0.17312479150750412
1.2733840887408308,1.2367958665805314,0.03658822216029933
0.2502739367742279,0.21485446287710028,0.0354194738971276
0.2086865925704037,0.2798812268970402,-0.0711946343266365
2.2591565000387974,2.377275249447036,-0.11811874940823852
1.4682917061143197,1.4038739596407663,0.06441774647355336
2.1934820419679872,2.163205246047813,0.030276795920174404
2.0182039754923218,1.9158034114804832,0.10240056401183861
2.0870339913694678,2.02196343910081,0.06507055226865788
1.0622194770687872,1.0528189164546036,0.009400560614183595
2.301367721531874,2.163205246047813,0.13816247548406135
0.2156261047720549,0.3245940854614644,-0.1089679806894095
0.2488453466614831,0.3403353360568732,-0.0914899893953901
1.0552392772453552,0.8588064926544863,0.19643278459086888
0.0820393633564563,0.04556173508460021,0.03647762827185609
1.99795054553307,1.8015379994173608,0.19641254611570913
1.9758300024994493,1.5698982292197061,0.40593177327974317
1.1005563267791816,1.0886993579445945,0.01185696883458709
1.0342986772687237,0.9966070563195666,0.03769162094915712
1.1302493017006796,1.687419866131934,-0.5571705644312543
2.153807018266376,1.9835224650956738,0.17028455317070224
1.9124114499395413,2.1297388408278275,-0.21732739088828623
1.246503989666786,1.1771691512608347,0.06933483840595134
1.0066084409963088,0.8785566825388337,0.12805175845747507
1.9542022330117732,1.7352293668375456,0.21897286617422762
1.2387000899356115,1.2055131786943383,0.033186911241273265
1.089091438567842,1.1200868592274809,-0.030995420659638784
1.3877210300576703,1.3991714362629921,-0.011450406205321784
0.3246691250714326,0.31926090811013047,0.005408216961302115
1.44405088213184,1.3989823357161422,0.04506854641569791
0.1598251927937083,0.2798812268970402,-0.1200560341033319
1.1741739279248071,1.1429838687154545,0.031190059209352583
0.4545080778820897,0.715461075717973,-0.2609529978358833
0.8532113134018167,0.8738688703285704,-0.02065755692675375
1.2821816723793809,1.3741665446686786,-0.09198487228929775
0.7577444203720003,0.7469024659981293,0.010841954373871032
0.0722969210073011,0.06112244135285617,0.011174479654444937
0.1274151840401705,0.12324394767098337,0.00417123636918712
1.6955731654383004,1.5648869601549251,0.13068620528337527
0.9786740784868728,1.118941926520389,-0.14026784803351622
2.396450342184389,2.502287225602809,-0.10583688341841979
1.2412001226962068,1.2979647012132323,-0.05676457851702543
2.015577358794481,1.8675492685512585,0.14802809024322272
2.1287433986918014,2.3144009418956806,-0.18565754320387917
2.0402793103385943,1.9772147585249353,0.063064551813659
2.692692922900999,2.5857613291019987,0.10693159379900008
1.8589749446407395,1.7645058468385721,0.09446909780216739
1.0051210797336765,0.9589864592145889,0.046134620519087566
0.2376743141995831,0.17352300766771986,0.06415130653186324
1.8866787431161909,1.8280228146922668,0.058655928423924086
0.1684283797076557,0.11690475126469613,0.051523628442959574
1.4438881313915484,1.3991714362629921,0.04471669512855625
0.8090742069249794,0.8860706502337395,-0.0769964433087601
0.9185286250204044,0.8406205721985938,0.07790805282181068
2.2856125429230705,2.2486148702617292,0.03699767266134124
0.0494439995157852,0.12460918696286237,-0.07516518744707718
2.091939118937724,2.044715776869441,0.04722334206828327
0.0293307159499828,0.19534846341612103,-0.16601774746613823
0.8688218253047727,1.0324765714329343,-0.16365474612816155
1.0221782652774836,1.020624226253439,0.0015540390240444957
1.2459831871459526,1.1720053257763512,0.07397786136960138
2.070736309449132,2.0973894060528924,-0.026653096603760584
0.6796737770759459,1.0377600346728204,-0.3580862575968745
2.468784021695294,2.3024237877178266,0.16636023397746724
2.010260833430177,2.0472356372052007,-0.03697480377502371
0.3238734546449146,0.2949971836995128,0.02887627094540185
0.7268443772279366,0.8079073113373118,-0.08106293410937515
0.316603919890778,0.37851716426135074,-0.06191324437057272
1.578175605280731,1.3936874727960127,0.1844881324847183
0.8080750978832211,0.9010736310185271,-0.09299853313530604
1.5389707515377262,2.4195839944747126,-0.8806132429369864
1.0380238617799908,1.3991714362629921,-0.3611475744830013
1.2790487199325589,1.3049552574823962,-0.025906537549837294
1.3768348114545723,1.4023285605739673,-0.02549374911939495
1.5658065462337352,1.2865097881309235,0.2792967581028116
2.0007353921524667,2.032967627171175,-0.03223223501870853
2.199978509376608,1.9449264884905157,0.25505202088609247
0.8639166977365165,0.7928142537606753,0.0711024439758412
1.922447748544472,2.1249614066074582,-0.20251365806298627
2.484792368178589,2.3594241124014834,0.12536825577710564
0.8577140848114954,0.8079073113373118,0.04980677347418361
1.329564752530913,1.859536771461713,-0.5299720189307999
1.393182222887326,1.2107601826926602,0.1824220401946659
2.037444733953611,1.9078482388298312,0.1295964951237798
0.1172613438949679,0.04190025453623789,0.07536108935873001
2.2323839973114112,2.3033976534762166,-0.07101365616480537
1.6017428219552032,1.6750904575950127,-0.0733476356398095
0.1105614368584353,0.09076957696494471,0.019791859893490582
2.4795074887985966,2.3787225027699352,0.10078498602866137
1.3788918004348087,1.502612149532462,-0.12372034909765328
1.0834855785260018,0.9596247177461495,0.12386086077985226
1.745157902035421,1.709899367253711,0.03525853478171004
1.055723008647495,1.0425725251215703,0.013150483525924628
1.2860198781185217,1.4782251740917227,-0.19220529597320102
0.3329513313235319,0.34510007135387344,-0.012148740030341554
0.3081182752766065,0.2798812268970402,0.02823704837956631
0.9659117051719366,1.010290497890982,-0.044378792719045324
0.921096470568357,0.9010736310185271,0.020022839549829863
0.5612002534517916,0.5342666940505106,0.02693355940128095
0.3670747440486164,0.34879377306543125,0.018280970983185152
1.5990800384543165,1.859536771461713,-0.2604567330073966
0.727522505354679,0.7469024659981293,-0.019379960643450267
1.286996382813438,1.151510125088126,0.1354862577253122
0.5581911725016079,0.555765030786756,0.0024261417148518927
1.7333675123434993,1.483705502846211,0.24966200949728834
0.8023607374322423,1.0377600346728204,-0.23539929724057806
0.909414581538741,0.8421514523094332,0.06726312922930777
1.260883924937855,1.0706538483289416,0.19023007660891333
1.09220178692099,1.2773046387524227,-0.18510285183143282
0.0714379586121604,0.04556173508460021,0.025876223527560194
2.3652021934660685,2.0815940791115914,0.2836081143544771
0.923411148241819,0.9836690757304295,-0.060257927488610474
2.2218775305200498,2.064000857852233,0.1578766726678169
0.3747963642205812,0.4146630724075412,-0.039866708186959976
0.1204575883104124,0.11297837614980467,0.0074792121606077205
0.372771021224656,0.4780247553744654,-0.10525373414980943
2.1125044871618504,1.9638000014275472,0.14870448573430317
2.096274618788376,2.025323021269885,0.07095159751849067
1.6812149301984256,1.5946642055670563,0.08655072463136926
2.434981588872554,2.497379560452752,-0.062397971580197886
1.6338363708656278,1.5946642055670563,0.03917216529857148
1.7054105457403894,1.5980360911717923,0.10737445456859707
1.65571730873413,1.782996603288527,-0.12727929455439702
2.4869126491274485,2.6461932154748795,-0.15928056634743104
1.0470836549305012,1.1967893583880318,-0.14970570345753065
1.8700691229309805,1.9046199032345927,-0.03455078030361225
1.480000720309512,1.52136832386486,-0.041367603555348076
1.4204520194730563,1.416023422888407,0.004428596584649336
2.1302307599544346,2.0091272743780193,0.12110348557641526
2.4857101017236176,2.377275249447036,0.10843485227658167
0.170679765412495,0.1981684110890459,-0.027488645676550905
0.5678911188508546,1.61673148982345,-1.0488403709725953
1.1448245380119992,1.4423328231033135,-0.2975082850913142
1.251986882527636,1.4477986687256685,-0.19581178619803263
0.8332833849231478,1.5190759179269948,-0.685792533003847
1.8809236955497668,1.8680775110648855,0.012846184484881285
1.2234150795132388,1.0528189164546036,0.17059616305863523
1.081641069798475,1.0283876111054389,0.053253458693036215
0.4963169439760931,0.7080214035742249,-0.21170445959813183
0.7491231501831137,0.7000284409887366,0.049094709194377084
1.3744839669780642,1.2447610078536844,0.1297229591243798
1.9715261486331084,1.7112590749042378,0.2602670737288706
1.193034934574361,1.1720053257763512,0.021029608798009747
1.374619592552779,1.5175121014786266,-0.14289250892584748
1.6157529513676534,1.45541230264812,0.16034064871953335
1.732391007648583,1.5309939219490865,0.20139708569949644
1.4372153495205922,1.5953516086557122,-0.15813625913512008
1.581285953633879,1.5953516086557122,-0.014065655021833212
0.4149656670574869,0.5438527780020787,-0.12888711094459177
2.484733597788205,2.3967768878781612,0.08795670991004378
0.9566123066031402,1.0036984059928897,-0.0470860993897495
0.8441379575419344,0.792703002524219,0.051434955017715445
0.8939170908636581,0.8617119207015779,0.03220517016208024
0.7910676418518318,0.9813618973935305,-0.19029425554169876
2.194892546527282,2.2700652528263534,-0.07517270629907147
1.724723637807771,1.6800746518564926,0.04464898595127842
2.232469894639547,2.3457021208196847,-0.11323222618013773
2.1780388016240573,2.1297388408278275,0.04829996079622978
1.9630992761814965,1.8139453521624174,0.14915392401907912
1.550223159496356,1.2979647012132323,0.25225845828312377
1.8076542002315656,1.8406107780369256,-0.03295657780535999
1.7361433173254268,1.4369417374484879,0.29920157987693896
0.2641620030681674,0.5342666940505106,-0.27010469098234324
2.0359257267066675,1.7399592212710486,0.29596650543561887
1.4152530364085285,1.3655645937274485,0.04968844268107997
1.316327689451307,1.3675960728389098,-0.05126838338760287
1.8368091934197712,1.9780530599512214,-0.14124386653145016
0.4406561783911963,0.4146630724075412,0.025993105983655118
0.5815260172703038,0.6210528800399779,-0.0395268627696741
2.054131208310481,2.0472356372052007,0.006895571105280052
0.2670417876404986,0.4361192264721426,-0.169077438831644
1.7798780676436865,1.6376107329513636,0.1422673346923229
2.049140185945767,1.9992320080884214,0.049908177857345803
2.272669335339736,2.2634950984661497,0.009174236873586317
2.4444437381816417,2.2868257898163145,0.15761794836532728
1.044244557979951,1.0241733406380569,0.02007121734189421
1.1430975713310805,1.6677474629422477,-0.5246498916111673
1.663167677503497,1.4307016841627063,0.23246599334079066
2.2763764370824,2.1455507385336783,0.13082569854872172
0.1965300137761178,0.16961116563632478,0.026918848139793033
1.072400442379566,0.9596247177461495,0.11277572463341656
0.1774203600708086,0.3078900083790041,-0.1304696483081955
0.3385933581684183,0.3415228432029839,-0.002929485034565582
1.7936124248348042,1.7594181508992797,0.034194273935524544
2.090736571533893,1.9992320080884214,0.09150456344547142
0.6530278582858051,0.8184939358686885,-0.16546607758288334
2.304514236181733,2.064000857852233,0.24051337832950015
1.770764024162023,1.6867024147161267,0.08406160944589636
1.886746556663052,2.006671950010502,-0.11992539334745023
1.1753855169661074,0.9104305112218091,0.2649550057442983
2.100483534701783,1.9290363883865915,0.17144714631519142
1.0016400214594297,1.0277736595282903,-0.0261336380688606
2.0993759252508863,2.2866494548745777,-0.18727352962369137
1.818070249129225,1.8268213399528999,-0.008751090823674756
0.4767723840654149,0.5846417276611902,-0.10786934359577527
1.2834158657675223,1.0706538483289416,0.2127620174385807
0.9487912276595066,0.8738688703285704,0.07492235733093622
0.8000460597587803,0.8560093553714285,-0.055963295612648234
1.7891006115344883,1.5737688415997175,0.21533176993477077
1.540476196328466,1.1539429076409502,0.3865332886875159
1.5269271942244813,1.569404402652395,-0.04247720842791369
1.9948808850548705,1.7916028739830223,0.20327801107184817
1.6351745438441732,1.6461926100299054,-0.0110180661857322
1.2792069498541154,1.243814204145875,0.03539274570824036
1.4297468972231182,1.1148064146906211,0.31494048253249707
0.6097723185509503,0.5736482920744506,0.036124026476499704
1.6741623965157335,1.5946642055670563,0.07949819094867716
0.3943264573594074,0.5599928498903849,-0.16566639253097748
0.6161602865631043,0.6083599429801013,0.007800343583002967
1.4996212305825374,2.025323021269885,-0.5257017906873478
0.2553960654139286,0.48945544949297215,-0.23405938407904353
0.4969498636623197,0.458843817061949,0.0381060466003707
2.1795578088710017,2.463830036033797,-0.2842722271627953
2.003678468693421,1.9152876476264906,0.08839082106693019
0.2036910478679482,0.21485446287710028,-0.011163415009152078
1.4478484002491996,1.7226211149625426,-0.27477271471334297
2.619319447486058,2.4863155106034975,0.1330039368825604
2.481044579826816,2.3144009418956806,0.16664363793113557
2.041291981836557,2.0815940791115914,-0.04030209727503431
1.4641777281538464,1.5386240526818413,-0.07444632452799493
0.7865558285515158,0.7320418361756883,0.05451399237582755
2.017286241947293,1.7677350775419478,0.24955116440534497
2.332145702063764,2.1133123452429747,0.21883335682078942
0.6267345661418237,0.6350667338817068,-0.0083321677398831
1.0385392391664416,1.0721728842907927,-0.033633645124351075
2.3263228409504797,2.141596596443529,0.18472624450695063
1.675247401872956,1.4684884276061694,0.20675897426678658
0.2216659669567844,0.16961116563632478,0.052054801320459615
1.9641119476794584,1.892867981477144,0.07124396620231432
0.2592071459874928,0.2847568675805614,-0.02554972159306862
0.5985334733016928,0.8275345372750951,-0.22900106397340225
1.3699676328590134,1.3010083267890595,0.06895930606995382
0.5238109751457777,0.555765030786756,-0.03195405564097831
2.415112432303276,2.2286341222864374,0.18647831001683857
0.4836269042672493,0.5523797853752888,-0.06875288110803945
1.2068958757027235,1.3697585659234779,-0.1628626902207544
0.0696024915221031,0.20355452381780278,-0.13395203229569969
1.8775375752284549,1.0746924033853487,0.8028451718431062
0.2096992640683664,0.31926090811013047,-0.10956164404176408
1.8219039348091344,2.305825997604129,-0.4839220627949947
2.433123516422983,2.250499092543144,0.18262442387983935
0.8758155878375767,0.9010736310185271,-0.025258043180950374
0.3308174876653004,0.3374910903348385,-0.006673602669538092
2.2567378430281,1.6987060277286838,0.5580318152994161
2.259124854054486,2.1773406354535867,0.08178421860089946
0.4308911319483671,0.39169090610883006,0.03920022583953703
2.511533224921664,2.3804730149485134,0.1310602099731506
0.8068273420388747,0.9452331165435947,-0.13840577450471991
1.4111707044323667,1.6532248909457332,-0.24205418651336652
1.2879728875083545,1.4038739596407663,-0.11590107213241185
0.0827039290269943,0.1134918035850251,-0.030787874558030795
1.759082135132407,1.7682700049067834,-0.009187869774376356
0.9710428754491072,0.9319775598165546,0.039065315632552555
1.8162980740077903,1.4310700609669216,0.38522801304086873
1.0412427102891095,1.0241733406380569,0.017069369651052657
2.543070709077025,2.4041305139343447,0.13894019514268008
0.2214127990822937,0.17352300766771986,0.047889791414573835
0.587647254698595,0.6532090871982151,-0.06556183249962011
1.882917392561381,1.482935825410191,0.39998156715118993
0.8083282657577118,1.61673148982345,-0.8084032240657382
1.1387846758272695,1.1881020455733138,-0.04931736974604428
1.3573770519218384,1.2459773359670216,0.11139971595481679
1.6081036648017808,1.502612149532462,0.10549151526931877
0.1456794378065434,0.37147550656989564,-0.22579606876335223
0.5353771302537453,0.695622744168399,-0.16024561391465364
1.3163638562543534,1.1720053257763512,0.14435853047800218
0.6011646108182682,0.49993194329202806,0.10123266752624016
0.1601100066525104,0.12460918696286237,0.035500819689648036
0.3632591424031498,0.38099353444991235,-0.017734392046762526
0.5949574770745124,0.551086126046453,0.04387135102805939
0.7080285790188988,0.6325431776906068,0.07548540132829207
0.4315692600751095,0.37851716426135074,0.05305209581375875
0.6484391905606621,0.5746631388066775,0.0737760517539846
0.1279215197891517,0.11690475126469613,0.011016768524455572
2.1194846874916182,1.9992320080884214,0.12025267940319684
1.248551032693905,1.203801355974895,0.04474967671901009
1.7398413766711178,1.8139453521624174,-0.07410397549129955
0.7925866490987757,0.8937422015050338,-0.10115555240625806
1.5358242366347004,1.569404402652395,-0.033580166017694646
1.6440851489637642,2.305825997604129,-0.6617408486403649
0.589482721788652,0.5891117439331794,0.0003709778554725762
1.392309697782813,1.859536771461713,-0.46722707367889993
0.9303551812622048,1.151510125088126,-0.22115494382592105
0.6802253212654431,0.6497640358007256,0.03046128546471749
1.2127820287846314,1.2712617141080704,-0.05847968532343906
1.5848755123172638,1.7985208879264813,-0.2136453756092176
1.7775362648046482,1.709899367253711,0.06763689755093716
1.021965785024774,1.0185474164705184,0.003418368554255702
0.8551191140979663,1.1299563731379079,-0.2748372590399416
2.5747302555913927,2.5857613291019987,-0.01103107351060606
2.388240470044717,2.3144009418956806,0.07383952814903649
1.8219039348091344,1.4867547340322396,0.3351492007768948
0.4770761855148037,0.555765030786756,-0.0786888452719523
0.7724869282423455,0.9048837572826742,-0.13239682904032868
1.2705992421214334,1.2713794355837673,-0.0007801934623339335
2.2167734864211277,2.1297388408278275,0.08703464559330021
0.8574066666058517,0.7817293799503741,0.07567728665547768
1.6695330411688096,1.662248801861859,0.007284239306950546
1.4297468972231182,1.3936874727960127,0.036059424427105524
2.5128940022470507,2.3804730149485134,0.13242098729853735
0.5594823286615102,0.49129283875914836,0.06818948990236179
2.421057355775568,2.3033976534762166,0.1176597022993513
0.2989183354794785,0.4668964420638647,-0.16797810658438622
1.956241138210735,1.5190759179269948,0.43716522028374016
1.3455685789549772,1.6623100998308058,-0.31674152087582863
0.3988111454941468,0.37851716426135074,0.020293981232796077
2.2912771741147986,2.200617702030276,0.09065947208452263
0.5260325232444331,0.6070618735055825,-0.08102935026114944
1.6352242733565916,1.6867024147161267,-0.0514781413595351
0.1987813994809572,0.12092579944666587,0.07785560003429132
2.254061496564673,2.1297388408278275,0.12432265573684553
1.1905032558294544,1.1720053257763512,0.018497930053103184
0.0908143426481646,0.1450655501235698,-0.05425120747540521
0.0841279983210042,0.08929634972887647,-0.005168351407872265
2.0552523824960924,1.664455609135249,0.3907967733608435
1.7587204665956104,1.9207754954035088,-0.16205502880789835
2.016445362573924,1.8654871772310286,0.15095818534289518
0.4287527674714009,0.4301216289762569,-0.0013688615048559893
2.0965277866628664,2.016284396326853,0.08024339033601358
0.2856496264155613,0.39544639423528644,-0.10979676781972514
0.7398327932517866,0.7706412409915719,-0.030808447739785305
1.7923556270998209,1.5980360911717923,0.19431953592802853
0.4825373783444596,0.5846417276611902,-0.10210434931673057
2.015902859262393,2.4195839944747126,-0.40368113521231974
1.136388622657078,1.3556445867490352,-0.21925596409195713
0.5222033591427621,0.5736482920744506,-0.0514449329316885
1.630002685945222,1.7297913118519415,-0.09978862590671955
2.2100735783719228,2.016284396326853,0.1937891820450699
0.1825153635449329,0.38099353444991235,-0.19847817090497946
0.7819219523858572,0.7469024659981293,0.035019486387727894
1.355677210406496,1.4038739596407663,-0.04819674923427031
1.2886374531788922,1.3631596783492528,-0.07452222517036056
1.1922437849665777,0.9813618973935305,0.21088188757304716
2.090261881769223,1.5811528442268112,0.5091090375424117
1.36917648325123,1.6937539250703852,-0.32457744181915515
2.046680839794281,1.9377728931951324,0.10890794659914871
0.0734000096394629,0.08276875847847023,-0.009368748839007332
1.5431028130263065,1.0283876111054389,0.5147152019208676
0.9776614069889104,1.0886993579445945,-0.11103795095568414
1.8788983525538416,1.6623100998308058,0.21658825272303583
0.5731217478996938,0.458843817061949,0.11427793083774485
0.2002054687749671,0.3342337954829766,-0.13402832670800952
1.4298192308292104,1.5084453215561777,-0.07862609072696736
1.7390095394415537,1.6087897927948662,0.13021974664668745
1.231733452568384,1.416023422888407,-0.18428997032002292
1.4046516316642326,1.3414265239766747,0.06322510768755785
1.5546671597561468,1.1148064146906211,0.43986074506552564
0.471664722197566,0.48680771367510606,-0.015142991477540058
1.8655934769400464,1.9029649735971732,-0.0373714966571268
0.8116194481260901,0.7591089735330795,0.052510474593010614
1.271137223854726,1.1856721584854437,0.08546506536928233
0.3329513313235319,0.32566879417838346,0.007282537145148427
1.1523110735844122,1.8715557149025226,-0.7192446413181104
0.9512596144357904,0.7663380865512731,0.18492152788451732
0.9915133064798036,0.916723984123019,0.0747893223567846
2.0322231465422416,1.9290363883865915,0.10318675815565004
0.6319516327344588,0.8372173748033718,-0.20526574206891302
2.0836162250638437,1.80587197128605,0.27774425377779366
0.8142596275333027,0.82981893043149,-0.0155593028981873
0.4940022663026311,0.28101183559877124,0.21299043070385987
2.0434258249884527,2.1609938786215808,-0.11756805363312806
0.9731269895949202,0.8910109528104935,0.0821160367844267
1.3438144873616495,1.2967547008628886,0.04705978649876097
1.449430699464766,1.4477986687256685,0.0016320307390975675
1.6589361572432482,1.2619582824702087,0.3969778747730395
0.6059386336305442,0.6202555330174683,-0.014316899386924042
1.3568029033854998,1.2107904770841311,0.14601242630136868
1.5182833196887533,1.5953516086557122,-0.07706828896695894
2.121654698206064,2.4691774638295603,-0.34752276562349627
2.17364905042958,1.9449264884905157,0.22872256193906404
1.705763172386549,1.5810277886530797,0.12473538373346926
0.532235136169454,0.5043867530568118,0.02784838311264215
1.330948134203142,1.2367845709585674,0.09416356324457453
2.57283601811095,2.3787225027699352,0.19411351534101495
1.448512965919737,1.5528593036582767,-0.10434633773853963
0.5690122907579557,0.6565387242803893,-0.08752643352243361
1.5496761361255935,1.5528593036582767,-0.0031831675326832176
1.118314244796573,1.1046020921505046,0.013712152646068398
1.1495623937680612,1.0859840351232395,0.06357835864482175
1.1419673575333418,1.199248378037349,-0.057281020504007296
0.4793230504009083,0.39590766445151515,0.08341538594939313
1.0797603942679022,1.3809968212010217,-0.3012364269331196
2.183047907770046,1.9374428175772413,0.24560509019280463
1.0705966212738205,1.0289928851787802,0.04160373609504031
1.1821125491682167,1.3619708478334147,-0.17985829866519798
1.2138670338886863,1.1665705680769665,0.04729646581171987
0.9970197077499752,0.8629420843129021,0.13407762343707308
0.5890396780082935,0.589450608487255,-0.0004109304789614576
0.1316286207723123,0.12097632126077221,0.010652299511540092
2.4352935271374285,2.2817567260745193,0.15353680106290923
1.3361697216145116,1.4025640207832595,-0.06639429916874784
1.7042170399740284,1.522286714754137,0.1819303252198914
1.505317507758577,1.5175121014786266,-0.012194593720049607
2.519851597217306,2.3904442322477535,0.1294073649695524
2.049501853976228,1.9139205066992178,0.13558134727701043
1.443237128177215,1.7297913118519415,-0.2865541836747265
1.4221880277914447,2.070450668911109,-0.6482626411196641
0.6741990217900858,0.8275345372750951,-0.15333551548500923
1.349967370774252,1.5039340519367141,-0.15396668116246204
1.2470546297938032,1.203801355974895,0.0432532738189082
2.3682402079599565,2.24742663650967,0.1208135714502867
1.62139497821254,1.5698982292197061,0.05149674899283396
1.6070277013351957,1.9374428175772413,-0.33041511624204567
0.8623976904895725,1.0072609506689605,-0.144863260179388
1.5551734955051282,1.4091107643633576,0.1460627311417706
2.061020992265553,1.8680775110648855,0.1929434812006674
1.7306685620395663,1.566929036420173,0.16373952561939342
2.129213566878233,2.296193848256189,-0.16698028137795617
1.5261722114197445,1.7021598636266844,-0.1759876522069399
2.232686894951488,2.356062173920117,-0.12337527896862888
0.7171426225005623,0.8372173748033718,-0.1200747523028095
2.320102144244183,2.458912319830353,-0.13881017558616993
1.9175290587731797,1.662248801861859,0.2552802569113206
0.3876717590165583,0.37415961968946804,0.013512139327090278
2.421947964914524,2.330349038862778,0.09159892605174624
1.458427200646654,1.3764526574292317,0.08197454321742237
1.1310811389302438,1.4103575666834849,-0.27927642775324113
1.265947282427668,1.307935771580107,-0.04198848915243891
1.1482558667738272,1.2233608321057396,-0.07510496533191247
1.45094970671171,1.5185883841988546,-0.06763867748714447
2.504227524123985,2.356062173920117,0.14816535020386778
2.3922911560365683,2.359400551646347,0.03289060439022107
1.170900829084536,1.1856721584854437,-0.014771329400907751
2.032865106853266,1.52136832386486,0.5114967829884058
2.0412422520709708,2.4691774638295603,-0.4279352117585895
2.2665300143833376,2.32502935341987,-0.05849933903653248
0.0866596770659107,0.14597238118103067,-0.05931270411511998
1.5242146812111763,0.8204627185041509,0.7037519627070254
1.1085718024474178,1.1299563731379079,-0.021384570690490046
1.5193321579897618,1.4023285605739673,0.11700359741579458
1.8183234170037157,1.8154032915122864,0.002920125491429282
1.5999118756838808,1.7136288552844618,-0.11371697960058103
0.3067891439355305,0.3078900083790041,-0.0011008644434736259
1.7091176467235498,2.089287096468561,-0.380169449745011
1.1258731142282463,1.2713794355837673,-0.145506321355521
0.993140814135886,1.5190759179269948,-0.5259351037911089
1.2870551539633257,1.596646645715038,-0.3095914917517122
2.1187251838681465,1.9078482388298312,0.21087694503831522
1.620635474589068,1.50307242064877,0.11756305394029809
2.141718252259448,2.02196343910081,0.11975481315863812
1.0283808782025046,1.1534916374283195,-0.12511075922581494
0.3812521450200928,0.3189185575623138,0.062333587457779005
1.4479749841864449,0.9048837572826742,0.5430912269037707
2.2839985977231927,2.2817567260745193,0.002241871648673399
0.0537794993664375,0.20355452381780278,-0.14977502445136529
2.375107386555515,2.2486148702617292,0.12649251629378577
0.0845936464482046,0.16217439225319313,-0.07758074580498853
1.724497595098857,1.709899367253711,0.014598227845145972
1.9738769920969448,2.4570570417661495,-0.4831800496692047
1.4287342257251554,1.6677474629422477,-0.23901323721709233
0.3228969499499981,0.37415961968946804,-0.05126266973946991
1.6297495180707315,1.503965848432876,0.1257836696378556
0.5090386296692482,0.4839343951861685,0.02510423448307969
0.2476427992576524,0.2310233633434544,0.016619435914197983
1.032128666807446,0.9385526476672552,0.09357601914019087
1.4106643686833855,1.309320785304175,0.10134358337921046
0.7623647340814544,0.7828168507426626,-0.020452116661208164
0.9690446576187586,0.9579264416239118,0.011118215994846747
2.213952472239181,2.2155909475083235,-0.0016384752691425142
0.0791324536185486,0.04556173508460021,0.0335707185339484
1.0040134702827797,1.179530802310249,-0.17551733202746944
2.1365192702075912,2.070450668911109,0.0660686012964824
0.7308769796916799,0.7279562802261437,0.0029206994655361918
1.8902954284841595,1.8675492685512585,0.022746159932901078
0.6147271756316249,0.5252118749886856,0.08951530064293933
0.8853636334621293,0.9117527605245378,-0.02638912706240848
0.2653012585033753,0.2310233633434544,0.03427789515992091
1.1314202031201988,0.688211431915615,0.4432087712045838
1.1225095980006077,0.7414490464858136,0.3810605515147941
0.7844219851464522,0.7320418361756883,0.05238014897076393
1.0967994962836023,0.9463311340152012,0.1504683622684011
2.437861373444885,2.301896713470216,0.1359646599746691
2.0250892378691554,1.9288227174057087,0.09626652046344675
2.1092178263717107,2.0973894060528924,0.011828420318818367
1.2439533233312927,1.237495421928866,0.006457901402426636
1.6757944252437182,1.9772147585249353,-0.3014203332812171
2.2225240124093126,2.1249614066074582,0.09756260580185439
1.295206255459445,1.2967547008628886,-0.0015484454034435657
1.3854063523842084,1.1241034109162777,0.26130294146793065
2.484914430537596,2.305859501157501,0.17905492938009493
2.064113258103265,1.9288227174057087,0.1352905406975562
0.2050653879027077,0.28101183559877124,-0.07594644769606354
2.3161825637678164,2.115112931481488,0.20106963228632857
1.846239696744548,1.7809981381955435,0.06524155854900449
2.5191915531250064,2.6461932154748795,-0.1270016623498731
0.7754887759331874,0.6828057508068305,0.09268302512635695
0.8460502790568185,0.8421514523094332,0.0038988267473852867
1.8610816633865623,2.2700652528263534,-0.4089835894397911
1.3522051940228872,1.3989823357161422,-0.046777141693254976
0.5246717459190459,0.4740103614012893,0.050661384517756536
1.6678331996534672,1.6863228493934728,-0.018489649740005554
0.5515798742211468,0.4175257348633669,0.13405413935777993
2.637972494448469,2.5857613291019987,0.05221116534647008
1.3534710333953404,1.0859840351232395,0.2674869982721009
1.6051605882608269,1.5399338678866434,0.06522672037418342
2.471152948940405,2.3081181396194332,0.1630348093209717
2.0112373373655905,1.428413973036038,0.5828233643295526
1.858739860547524,1.6472778413028577,0.21146201924466634
1.2676109571399643,1.3262520208543946,-0.05864106371443034
0.8931892332244977,1.0324765714329343,-0.13928733820843653
0.852714019290305,0.783450182670207,0.06926383662009794
2.003710114677732,1.8015379994173608,0.20217211526037127
0.6879650249655149,0.7299250654335646,-0.041960040468049686
1.3887698683586789,1.683554699100039,-0.2947848307413601
1.7555423057082729,1.7067247253524185,0.04881758035585437
2.057286766116816,2.3265720506295584,-0.26928528451274225
1.450443370962729,1.4994580751391602,-0.04901470417643128
1.9418331747242812,1.831302841768108,0.1105303329561731
0.1213391550523949,0.03453167566333994,0.08680747938905495
1.6680140339218656,1.566929036420173,0.10108499750169275
0.9875349540940456,1.0400774630948528,-0.05254250900080726
0.4243811008177025,0.34067063772703626,0.08371046309066621
1.928379109813727,1.854417829689497,0.07396128012422998
1.7234849236008944,1.441486692832311,0.28199823076858355
2.449760263545945,2.4041305139343447,0.04562974961160027
1.913297537500259,1.7226211149625426,0.19067642253771644
0.7961942913102676,0.7443461386967808,0.05184815261348685
1.026378139553421,0.9596247177461495,0.0667534218072715
0.1221031794946016,0.03453167566333994,0.08757150383126167
1.3058528686442563,1.2723785394747635,0.03347432916949278
0.36406837553904,0.3325354376921409,0.03153293784689909
2.3818751056199017,2.3265720506295584,0.05530305499034327
1.7433857269139867,1.7289344199166892,0.014451306997297575
0.6470603297071679,0.7887849279133012,-0.14172459820613337
1.8463029887131703,1.8072818822189323,0.03902110649423807
1.170597931697627,1.126931355075287,0.04366657662233986
0.293601810115175,0.2310233633434544,0.06257844677172059
0.3548910400887539,0.14172694941116024,0.21316409067759365
1.1103439775688524,1.859536771461713,-0.7491927938928606
2.0325757739479045,2.1455507385336783,-0.11297496458577383
1.0702846822494418,1.0443852413875399,0.02589944086190199
0.4080879397161016,0.5254985936456743,-0.11741065392957273
1.2261275925265438,1.1069155505711736,0.11921204195537016
1.677693184302398,1.3619708478334147,0.3157223364689834
0.1874521370975005,0.39572071217692223,-0.20826857507942173
1.1453127902328737,1.0891353589371369,0.056177431295736824
2.2893964988373936,2.204537592814527,0.08485890602286661
2.1186890163055963,2.0856554752779948,0.033033541027601476
1.355604876800404,1.4165188436391836,-0.060913966838779476
1.0088733894105202,0.8718150288741342,0.13705836053638598
0.6855915761421651,0.8998045935388099,-0.21421301739664478
1.6403825687993383,1.6155283631232797,0.02485420567605856
2.183712473440584,2.2486148702617292,-0.06490239682114529
0.9149300244463824,0.7591089735330795,0.1558210509133029
2.038457405451574,1.9911037192283518,0.047353686223222
0.8758788798061994,0.7663380865512731,0.10954079325492627
0.4643816249872252,0.7536584342439101,-0.2892768092566849
0.8154666957558683,0.7591089735330795,0.056357722222788786
1.982285783298961,1.9139205066992178,0.06836527659974334
0.5539668857538689,0.42822097428507566,0.12574591146879321
0.1016643944482164,0.10252882835416177,-0.0008644339059453721
1.3456951628922225,1.1665705680769665,0.179124594815256
0.9064127338478994,0.6886988402099172,0.21771389363798221
2.0068973184683783,1.9072741074557087,0.09962321101266958
1.66775634522864,1.522286714754137,0.1454696304745029
0.6932815503298183,0.6070618735055825,0.08621967682423581
1.8598158240141087,1.8173290674743183,0.04248675653979039
0.5628368029985112,0.6452158846130075,-0.08237908161449625
1.6205088906518226,1.4369417374484879,0.18356715320333472
0.6634800747460141,0.6877852079868475,-0.024305133240833388
2.0825719075815696,1.9300156544303158,0.15255625315125387
0.3250910716133063,0.2668238049154662,0.0582672666978401
1.3848276830291348,1.2613675439212773,0.12346013910785758
1.6099707778761494,1.5084453215561777,0.10152545631997167
1.2058832042047611,1.2896218732131077,-0.08373866900834659
1.48019059621538,1.6863228493934728,-0.2061322531780927
0.5180532143792429,0.5599928498903849,-0.04193963551114199
0.8154666957558683,0.7624812551074441,0.05298544064842414
1.2306303639362222,0.8204627185041509,0.4101676454320713
1.1556610271026786,1.1771691512608347,-0.02150812415815606
0.7930613388634457,1.179530802310249,-0.38646946344680344
2.1653894485243232,1.9835224650956738,0.1818669834286495
0.1231474969768756,0.16037504747872655,-0.03722755050185095
1.5604900208694314,1.8044309593831844,-0.24394093851375298
0.8175508099016814,0.783450182670207,0.034100627231474334
0.3968852612698905,0.24607231981572314,0.15081294145416735
1.5442737144458258,1.2107904770841311,0.3334832373616947
1.110176706009826,1.204402680099241,-0.09422597408941491
1.127934624027218,1.1539429076409502,-0.026008283613732308
0.313624676546778,0.42736875985211076,-0.11374408330533275
0.3426756901445801,0.578662692623573,-0.23598700247899285
0.6574763796174987,0.8501071100736675,-0.19263073045616874
1.946354028902564,1.8894795737158852,0.056874455186678885
1.481994417321126,1.4360828915332764,0.045911525787849516
2.0728565903979908,1.7673210243169941,0.30553556608099663
1.2644915671493464,1.687419866131934,-0.42292829898258755
2.13181758074824,1.9638000014275472,0.16801757932069283
1.735004061890219,1.7136288552844618,0.02137520660575709
2.343556340197118,2.2407785368807374,0.10277780331638064
1.5533877579274893,1.2965189787184812,0.2568687792090081
0.8593958427987308,0.8825230825159258,-0.02312723971719499
1.5755354261266863,1.441486692832311,0.1340487332943754
2.6685289530901777,2.4691774638295603,0.1993514892606174
1.092717164307441,1.0072609506689605,0.08545621363848044
2.061274160140044,1.9638000014275472,0.09747415871249676
1.2289214807834103,0.7414490464858136,0.4874724342975968
1.2035594848938296,1.1534916374283195,0.050067847465510074
0.5593919115273109,0.6452158846130075,-0.08582397308569656
2.4876269445635724,2.2286341222864374,0.25899282227713494
1.1031286931458688,1.5175121014786266,-0.4143834083327578
2.117888826073015,2.0091272743780193,0.1087615516949958
0.835593541777875,0.9112890608303748,-0.07569551905249972
1.668592703276939,1.6719731365034307,-0.0033804332264917303
0.907823240432537,1.1447075301773693,-0.23688428974483222
0.5397894847823926,0.5206057502489562,0.01918373453343647
0.3984992064697684,0.4169871314933424,-0.018487925023573992
1.2569417393551428,1.1539429076409502,0.10299883171419255
1.886904786584609,1.8459748751335996,0.040929911451009326
2.058014623755976,1.8785062971066337,0.17950832664934246
0.3716317657894482,0.41052266054775943,-0.038890894758311256
0.9745827048732416,0.9390328625504596,0.03554984232278202
1.407658000173809,1.574822465559192,-0.167164465385383
1.3867716505283303,1.5503055020889005,-0.1635338515605702
1.4340145842864132,1.4298473541405745,0.004167230145838641
1.1173060941173452,1.010290497890982,0.10701559622636325
0.3222821137918785,0.31926090811013047,0.003021205681748018
1.4857602894541744,1.3655645937274485,0.12019569572672584
0.8055615026664215,0.8567043558197691,-0.051142853153347656
1.7847199032433203,1.7320668980004785,0.05265300524284178
2.0318162703244327,2.0729967893389545,-0.0411805190145218
1.5498208033377785,1.6376107329513636,-0.08778992961358512
2.2127318410540746,2.016284396326853,0.19644744472722175
0.1644455065031628,0.1450655501235698,0.019379956379593
2.1014962061997453,1.9992320080884214,0.10226419811132392
0.5868877510751229,0.5746631388066775,0.0122246122684454
0.3140677203271367,0.16271626881151904,0.15135145151561766
2.223862186906865,2.200215056509441,0.023647130397423943
2.4051303850421704,2.330349038862778,0.07478134617939247
1.1888395811171582,1.1243554192132073,0.0644841619039509
0.7538971727422221,0.8629420843129021,-0.10904491157067997
1.0073543821635762,1.138129904919219,-0.13077552275564286
1.650653951244317,1.7352293668375456,-0.08457541559322856
0.5573665685313857,0.7080214035742249,-0.15065483504283927
0.130837471164529,0.11297837614980467,0.017859095014724338
1.3559484618090936,1.1429838687154545,0.21296459309363902
1.1474330711817324,1.1004803792751028,0.04695269190662965
1.7842452134786504,1.7266107730533715,0.05763444042527888
2.420971458447432,2.2772197408028303,0.14375171764460148
0.3554471053501535,0.6070618735055825,-0.251614768155429
1.895132742505555,2.016284396326853,-0.12115165382129778
1.888645315721732,1.7809981381955435,0.10764717752618846
2.0029189650699486,1.6987060277286838,0.30421293734126476
0.1968826404222773,0.18263462739793054,0.01424801302434675
1.1734144243013356,1.1292681681262045,0.04414625617513113
1.1774470267650787,1.0528189164546036,0.12462811031047516
2.5688576647125214,2.379086494200976,0.18977117051154524
0.8732477422896243,0.7952911042870847,0.0779566380025396
0.3738198595256647,0.6886988402099172,-0.3148789806842525
1.2803462052893235,1.4091107643633576,-0.12876455907403406
0.5205125595180571,0.5570799919494533,-0.03656743243139626
2.434172355483496,2.2890690074719227,0.14510334801157354
1.632787532564619,1.2107904770841311,0.42199705548048794
0.7886535054067011,1.4038739596407663,-0.6152204542340652
2.257099511058561,1.9992320080884214,0.2578675029701396
1.5183918200978916,1.3685196249752658,0.14987219512262584
0.999836200353684,0.9273736518975564,0.07246254845612765
2.191244217706681,1.9449264884905157,0.24631772921616513
2.044149161049375,1.6623100998308058,0.38183906121856936
1.2897767086141003,1.3049552574823962,-0.015178548868295838
2.3543521424255203,2.2772197408028303,0.07713240162268997
1.0197731704698223,1.1895022488129088,-0.16972907834308648
0.224667814647626,0.1981684110890459,0.026499403558580104
0.6212372065091215,0.42822097428507566,0.19301623222404585
1.3374129566401232,1.3556445867490352,-0.018231630108912045
0.4213159611582381,0.42931226468905115,-0.007996303530813043
1.266417451373603,1.1720053257763512,0.09441212559725187
1.3418976447748627,1.378387164594873,-0.03648951982001036
2.428928165244292,2.3081181396194332,0.12081002562485876
2.1614969924540293,2.115112931481488,0.04638406097254144
2.330739716551029,2.1455507385336783,0.1851889780173508
2.21380780452066,2.3457021208196847,-0.1318943162990247
1.6716171553146224,1.6814595015823661,-0.009842346267743718
0.7229971295981585,0.8501071100736675,-0.12710998047550892
2.093679648074847,1.9835224650956738,0.11015718297917321
1.39436668676305,1.6863228493934728,-0.2919561626304228
0.3765368933577045,0.30181738367387095,0.07471950968383356
1.1020391672230792,1.1935272697012211,-0.09148810247814199
2.1335219423228127,1.9571589833888465,0.17636295893396614
1.0327435032187335,1.0418423618146853,-0.00909885859595172
1.8047246861468165,1.6472778413028577,0.15744684484395877
1.1312619731986422,1.0859840351232395,0.0452779380754027
1.4148732845967926,1.2459773359670216,0.16889594862977098
2.226791698713104,2.070450668911109,0.15634102980199494
1.9026138531967536,1.6677474629422477,0.23486639025450584
1.2709157019645467,1.2987246233477483,-0.027808921383201568
1.463960727082402,1.3627991392227015,0.10116158785970053
0.0854254836777687,0.06112244135285617,0.02430304232491253
1.0509715901820602,1.0930388626757543,-0.04206727249369413
2.542564373328043,2.4863155106034975,0.056248862724545656
0.5222485675832776,0.6629403536830584,-0.14069178609978072
2.281729127477575,2.3033976534762166,-0.021668525998641552
0.1244449823336402,0.1305087983765395,-0.006063816042899309
1.5487674442180348,1.5386240526818413,0.01014339153619348
2.6497206889039178,2.522949331339286,0.12677135756463187
1.094914299681127,0.8365707861079613,0.25834351357316565
2.415510267896287,2.2215936196532287,0.19391664824305854
1.645120424808569,1.2865097881309235,0.35861063667764537
1.1945539418213045,1.1062589651147796,0.08829497670652486
1.1264834295676314,1.0166573824315654,0.10982604713606592
2.1540963537034163,2.200215056509441,-0.046118702806024814
1.1681521492681848,1.1069155505711736,0.061236598697011146
1.097305832032584,1.1004803792751028,-0.003174547242518866
0.8662901465598662,0.7805158510036011,0.08577429555626515
1.6024797212318334,1.1733242495313292,0.42915547170050417
1.38129689524247,1.3627991392227015,0.018497756019768552
0.6512556831643708,0.7497495589723009,-0.09849387580793012
1.720853786084319,1.7021598636266844,0.01869392245763457
0.3081815672452291,0.31473499582181813,-0.0065534285765890266
2.119086851898607,2.0729967893389545,0.046090062559652534
1.139616513056834,1.138129904919219,0.0014866081376150309
0.7612571246305578,0.8372173748033718,-0.07596025017281394
2.353267135802458,2.2890690074719227,0.06419812833053529
2.3091074254851143,2.295337524826861,0.013769900658253231
0.4920447360940633,0.5846417276611902,-0.09259699156712686
0.1169448840518546,0.06156366233598713,0.05538122171586747
1.9591570903456164,2.1133123452429747,-0.15415525489735837
0.1526732003393475,0.37147550656989564,-0.21880230623054814
0.1083055303348612,0.08381723621739413,0.02448829411746707
0.2019188727465137,0.16961116563632478,0.03230770711018893
0.9406265637071832,0.8860706502337395,0.054555913473443685
1.4278662216925453,1.2163391220496496,0.21152709964289573
0.5967929441645696,0.5365901938881124,0.06020275027645727
1.0463422348351363,1.0569394324982526,-0.010597197663116287
1.348588509920758,1.3524834195054491,-0.0038949095846911863
0.4490107182493878,0.46461327643038486,-0.01560255818099704
2.082730137503126,2.1399663088269762,-0.05723617132385028
0.4459727037554999,0.3415228432029839,0.10444986055251604
0.1184322453144872,0.06156366233598713,0.056868582978500073
1.017716181489586,0.8937422015050338,0.12397397998455228
1.5143773009090875,1.511447492114879,0.002929808794208455
0.2060283298882519,0.22441120351981908,-0.01838287363156718
0.4430883983644341,0.4301216289762569,0.012966769388177202
0.7816371385270553,0.7305547168811326,0.05108242164592269
1.982484699829627,1.9072741074557087,0.07521059237391836
1.4270253425723436,1.307935771580107,0.1190895709922366
0.2623898279467329,0.3325354376921409,-0.07014560974540801
1.4420255391359145,1.3969599079784119,0.04506563115750262
2.186321006357149,2.0856554752779948,0.10066553107915421
0.868148217996765,0.8507798026412987,0.017368415355466293
0.5776154776719028,0.5365901938881124,0.041025283783790445
1.5656980458245968,1.45541230264812,0.11028574317647677
0.819395318629208,0.7279562802261437,0.09143903840306433
1.029886322993244,1.2967547008628886,-0.26686837786964457
1.0952699402908324,1.6677474629422477,-0.5724775226514154
0.7365370900646735,0.7443461386967808,-0.007809048632107296
0.9054045831686716,1.1447075301773693,-0.2393029470086977
1.5816792679018192,1.5347116329417374,0.04696763496008183
1.5039612512519245,1.569404402652395,-0.06544315140047052
0.7232186514883377,0.7469024659981293,-0.023683814509791512
1.3478154438410817,1.3631596783492528,-0.015344234508171128
1.192939996621427,1.297256313121801,-0.10431631650037398
1.9462816937774643,1.6966284282394937,0.24965326553797063
0.1434732605422197,0.10628157837816313,0.03719168216405658
1.5691474581145322,1.50799198559433,0.06115547252020215
2.0923957249211185,1.9524836968350017,0.1399120280861168
1.162085161917879,1.1593406803883026,0.0027444815295762925
0.6152696781836524,1.0930388626757543,-0.47776918449210193
1.6423717449922175,1.6155283631232797,0.026843381868937755
2.3761245796317163,2.310259986673883,0.06586459295783342
1.6043377926687323,1.4369417374484879,0.16739605522024448
0.4663165508489511,0.578662692623573,-0.11234614177462188
0.2604006517538538,0.3374910903348385,-0.07709043858098469
1.80754569956926,1.596646645715038,0.21089905385422214
0.2726431268636041,0.27520025846197815,-0.002557131598374063
1.7233131312231336,1.664455609135249,0.05885752208788464
2.0346372819747005,1.854417829689497,0.18021945228520342
1.5259506895295651,1.5648869601549251,-0.03893627062535998
1.9513450512672768,1.88927192430526,0.06207312696201672
0.3518665880510706,0.35152390005721007,0.0003426879938605021
2.144787912737647,1.9374428175772413,0.20734509516040545
1.481465477225303,1.390100397311319,0.09136507991398402
2.389822769260284,2.400705265208884,-0.010882495948600024
2.5039381886869445,2.4863155106034975,0.017622678083446974
2.09684424650598,1.9072741074557087,0.1895701390502713
1.4267450495322764,1.4025640207832595,0.024181028749016953
2.145090810377724,1.9224408220149665,0.22264998836275773
1.6934754888362826,1.5190759179269948,0.17439957090928782
1.9786871817122675,1.7677350775419478,0.21095210417031973
1.5565523563586223,1.5647482355803999,-0.008195879221777558
2.2280213730546863,2.212250348860613,0.01577102419407339
1.0306819934197622,1.1004803792751028,-0.0697983858553406
0.8721762996417737,1.092402465471036,-0.22022616582926235
2.377969087346571,2.232907736242271,0.14506135110429996
1.1671394777702222,1.0967126264274027,0.07042685134281945
0.6395737941347546,0.48656110752330095,0.15301268661145362
2.4311524247708824,2.4884084152674473,-0.057255990496564824
1.4212115230965283,1.2979647012132323,0.12324682188329605
0.52239323504863,0.5288777039404542,-0.006484468891824191
1.2931311829511012,1.3556445867490352,-0.06251340379793402
0.9338995315050738,0.9579264416239118,-0.024026910118838063
0.1969775783752112,0.23786003453638904,-0.04088245616117783
2.048055179322705,1.4867547340322396,0.5613004452904653
2.259341854366427,2.232907736242271,0.02643411812415586
1.8526638315597483,1.986859001328981,-0.13419516976923274
0.2016928300375996,0.4374212066464193,-0.2357283766088197
1.021314782063608,1.1437261946223338,-0.1224114125587259
1.889680592579208,1.986859001328981,-0.09717840874977313
0.2539403501356074,0.2798812268970402,-0.025940876761432807
0.9282575046601874,1.4277819285433324,-0.499524423883145
0.6868800198614601,0.589450608487255,0.09742941137420513
1.1922754309508887,1.1353515714052864,0.05692385954560231
0.5563538970334232,0.7305547168811326,-0.1742008198477094
0.5423573303303452,0.5365901938881124,0.005767136442232812
0.3599317932317252,0.29553739376985955,0.06439439946186565
2.467640244681847,2.3594241124014834,0.10821613228036364
1.1199779192557011,1.2107904770841311,-0.09081255782843001
0.6368251143184036,0.49993194329202806,0.13689317102637555
2.257786682088612,2.025323021269885,0.23246366081872694
1.3295557108934437,1.4935385573119966,-0.16398284641855287
0.332227994503106,0.30181738367387095,0.03041061082923502
1.405474427256327,1.571434597600918,-0.16596017034459098
1.0795207888496157,0.9892692859379827,0.09025150291163297
0.2471635886742477,0.23498865244126943,0.012174936232978273
1.390722877748512,1.2877737274246934,0.10294915032381868
1.0574951837689293,1.2965189787184812,-0.23902379494955195
0.8455439433078371,1.0241733406380569,-0.17862939733021976
0.1755532469964401,0.2591383992216113,-0.08358515222517121
1.986101385197596,1.2609449932833368,0.7251563919142592
2.5221979216345827,2.316481215943133,0.2057167056914495
1.18648873664065,1.2489977144472781,-0.06250897780662812
2.378909426251113,2.2777490671383167,0.10116035911279608
0.7481828122912434,0.6202555330174683,0.12792727927377512
2.5030521011262272,1.6987060277286838,0.8043460733975434
0.5303047311264628,0.5068715709005003,0.023433160225962535
0.613244335187727,0.6451106505819734,-0.031866315394246336
1.0708814351326224,1.0640529140764177,0.006828521056204684
1.741107216043571,1.771597815986972,-0.030490599943401087
0.5196716803978556,0.7080214035742249,-0.18834972317636933
0.0882103302971659,0.08842958007769748,-0.00021924978053157462
1.896082122034895,1.9374428175772413,-0.04136069554234645
1.9199522348304363,1.8044309593831844,0.11552127544725188
2.186104006045209,1.9290363883865915,0.2570676176586175
2.518906739266204,2.3081181396194332,0.21078859964677088
0.8606571613524493,0.5438527780020787,0.31680438335037064
1.9611462657789915,1.8675492685512585,0.09359699722773307
1.4122783138832633,0.7887849279133012,0.6234933859699621
0.12336449804832,0.06156366233598713,0.06180083571233287
0.3388148800585978,0.37147550656989564,-0.03266062651129786
2.030224927952389,1.9420256292438345,0.0881992987085547
1.6234519671927763,1.9220508099996778,-0.2985988428069015
1.541425575857806,1.7493285454280507,-0.2079029695702448
1.2536686405148714,1.2453922426390203,0.008276397875851105
0.4991379573985363,0.7536584342439101,-0.2545204768453738
1.9756401265935812,2.0137844626462353,-0.038144336052654104
0.0754253526353881,0.06692896925074668,0.008496383384641426
0.1783064476315258,0.03335421611512891,0.1449522315163969
0.0494439995157852,0.16217439225319313,-0.11273039273740793
1.3101567225105974,1.205958306134896,0.10419841637570149
0.1816292759842156,0.25087617639176774,-0.06924690040755213
0.7219528121158846,0.9112890608303748,-0.18933624871449017
1.3885754716340764,1.237495421928866,0.15108004970521027
1.8658918530018849,1.9158034114804832,-0.049911558478598295
1.7564419557251945,1.80587197128605,-0.04943001556085558
1.7791547308232607,1.6472778413028577,0.131876889520403
0.8499608186552192,0.8857482041470325,-0.03578738549181326
2.427639720512325,2.425096293877946,0.00254342663437912
1.779371731894705,1.5386240526818413,0.24074767921286377
1.321485984894054,1.3631596783492528,-0.04167369345519867
0.1338890481146212,0.19581698811170367,-0.06192793999708246
0.5499568873837994,0.5523797853752888,-0.0024228979914893145
2.3875532990146664,1.892867981477144,0.4946853175375223
2.2933658090793467,2.025323021269885,0.26804278780946156
1.8773115317600368,1.748876019273504,0.12843551248653284
0.7116181377022835,1.0640529140764177,-0.3524347763741341
0.8145851290138858,0.8560093553714285,-0.041424226357542726
1.1339835278494168,1.1353515714052864,-0.0013680435558696136
0.2631493315702047,0.24407819957447519,0.019071131995729518
1.125330611676219,1.0324765714329343,0.0928540402432847
1.652091582994531,1.9673220482554261,-0.31523046526089504
2.371459057734914,2.3144009418956806,0.05705811583923337
0.1501641259412828,0.37147550656989564,-0.22131138062861283
0.2956181114736307,0.4301216289762569,-0.13450351750262618
0.1708153909872099,0.12038188083416383,0.05043351015304608
0.2577604725998089,0.20739046537441239,0.0503700072253965
2.3513141279316323,1.6677474629422477,0.6835666649893846
0.7129924777370429,0.8825230825159258,-0.16953060477888293
0.7550906785085831,0.6350667338817068,0.12002394462687638
2.090261881769223,1.9091278654432202,0.18113401632600268
0.5859700175300945,0.6886988402099172,-0.10272882267982275
0.1470537775881349,0.08929634972887647,0.05775742785925843
1.8397839159450369,2.031899694706459,-0.19211577876142227
1.9647629486152816,1.8359912300251426,0.12877171859013892
0.5157747035088269,0.32501534605629423,0.1907593574525327
0.4673925143155363,0.4780247553744654,-0.010632241058929126
1.2684789611725744,1.1437261946223338,0.12475276655024059
0.323222451430581,0.4301216289762569,-0.1068991775456759
1.102495773459642,1.436217688197179,-0.3337219147375372
1.0217985134657477,1.0289928851787802,-0.007194371713032499
1.0510077569851064,0.9966070563195666,0.054400700665539814
0.921195929340026,0.7414490464858136,0.17974688285421248
0.9652200143358224,1.3471875797599178,-0.3819675654240954
2.510425615470768,2.1666243834917926,0.34380123197897516
1.139797347325232,1.2233608321057396,-0.08356348478050757
0.4886269697884395,1.0931884758307673,-0.6045615060423277
1.845086879106304,2.141596596443529,-0.2965097173372251
0.8533152929922204,1.1896647381398242,-0.3363494451476038
0.9908803867935772,0.9579264416239118,0.03295394516966532
2.0566990546179373,2.2407785368807374,-0.18407948226280002
1.3415721432942798,1.2618558033807303,0.07971633991354943
0.6482493146547943,0.8514250981666704,-0.20317578351187615
0.5085006479359556,0.37851716426135074,0.12998348367460488
0.6548000334072398,0.8722598508340259,-0.2174598174267861
0.6708219431062429,0.589450608487255,0.08137133461898793
0.2297673389404851,0.18653599217071815,0.04323134676976695
1.3495876189625162,1.297256313121801,0.052331305840715325
0.3180144267285835,0.39590766445151515,-0.07789323772293166
1.554052323598027,1.4477986687256685,0.1062536548723585
1.4805613063896466,1.433590740318372,0.04697056607127448
0.4891197430812166,0.4740103614012893,0.015109381679927258
0.8518912236982106,0.8457797165049707,0.006111507193239829
1.1765066891263765,1.1062589651147796,0.07024772401159685
2.1379207341420874,1.6300516194367607,0.5078691147053267
1.1324328746181616,1.0377600346728204,0.09467283994534115
1.8630979657576896,1.8406107780369256,0.022487187720763968
1.327878473724943,1.3577390827712876,-0.02986060904634469
2.203364629697921,1.831302841768108,0.3720617879298129
0.4370123693766584,0.42931226468905115,0.007700104687607234
0.9585698368117078,0.9892692859379827,-0.03069944912627487
0.278809572985579,0.41052266054775943,-0.13171308756218042
1.475606449308972,1.1733242495313292,0.3022821997776428
0.2365034127800639,0.6886988402099172,-0.4521954274298533
2.3081309215497017,2.4884084152674473,-0.1802774937177456
0.7545798219408671,0.8560093553714285,-0.10142953343056138
1.2646452762521685,1.1946018541296453,0.07004342212252324
1.1529259099956997,0.8718150288741342,0.28111088112156546
0.1373610647513981,0.14143369594897187,-0.004072631197573784
1.7085796649902574,1.7067247253524185,0.0018549396378388927
2.3709527219859323,2.310259986673883,0.06069273531204944
1.3966180724678892,1.390100397311319,0.006517675156570091
0.6304642714718259,0.8560093553714285,-0.2255450838996026
1.954129897886674,1.8268213399528999,0.12730855793377405
2.557175774923402,2.466826932352548,0.09034884257085407
2.117635658198524,2.016992814660259,0.10064284353826514
0.0491591856569832,0.08276875847847023,-0.033609572821487035
1.7980428626383906,1.7112590749042378,0.08678378773415285
0.2860293782272973,0.41006939352526106,-0.12404001529796377
1.26826196010113,1.2877737274246934,-0.01951176732356341
1.1721666684569891,0.9959182445000391,0.17624842395695006
1.0468485705841175,1.0322753060922365,0.01457326449188101
1.2551695642337084,1.1881020455733138,0.06706751866039462
0.9488545196281292,0.7663380865512731,0.18251643307685605
1.792536461368219,1.8574292884394563,-0.06489282707123722
0.6526661900021761,0.6546585162674057,-0.0019923262652296048
0.2375160842780264,0.28830032946558865,-0.05078424518756225
1.424249537590416,1.3414265239766747,0.08282301361374134
1.0606643030187972,1.1733242495313292,-0.11265994651253197
1.6813595976637776,2.025323021269885,-0.34396342360610754
1.026513765128136,1.204402680099241,-0.17788891497110493
0.8250870749865128,0.8372173748033718,-0.01213029981685898
2.334207212622239,1.9091278654432202,0.42507934717901885
1.8503672369080573,1.7493285454280507,0.10103869148000655
0.9441076219814296,0.9062338476975588,0.03787377428387084
2.029899427484478,2.200617702030276,-0.17071827454579802
1.0561027604592306,0.9273736518975564,0.1287291085616742
0.4712849703858301,0.5331364617976913,-0.06185149141186114
1.269491632670537,1.3622066554365921,-0.09271502276605514
0.9492704382429116,1.2619582824702087,-0.3126878442272971
2.1229838295471395,2.115112931481488,0.007870898065651666
1.9470050323700647,1.8785062971066337,0.06849873526343098
1.7067441979002,1.5953516086557122,0.1113925892444878
1.94779166039961,1.831302841768108,0.11648881863150184
1.7934541949132474,1.6750904575950127,0.11836373731823469
2.1683641710495887,1.9835224650956738,0.18484170595391491
0.9053638955468906,1.0241733406380569,-0.11880944509116631
2.283211969693648,2.17704656710487,0.10616540258877816
0.6769522224251716,0.8406205721985938,-0.16366834977342215
2.456564150172881,2.304139028271426,0.15242512190145519
1.5885554881348476,1.9304150220438965,-0.3418595339090489
0.7251174105470176,0.6325431776906068,0.09257423285641087
2.5637490990353604,2.296193848256189,0.2675552507791714
0.8063526522742048,0.8860706502337395,-0.07971799795953471
1.7913067887988117,1.7021598636266844,0.0891469251721273
1.8654171632372147,1.7320668980004785,0.1333502652367362
1.3074984598284458,1.1004803792751028,0.20701808055334303
1.1176632415822394,0.9385526476672552,0.17911059391498418
0.8060256436852653,1.5186066438590664,-0.7125810001738011
1.667073696029995,1.7498650977084274,-0.08279140167843235
1.9415257555059664,1.9420256292438345,-0.000499873737868084
1.3390811521711543,1.1148064146906211,0.22427473748053317
0.7593945323749243,0.7805158510036011,-0.021121318628676833
1.2154222079386765,0.9104305112218091,0.30499169671686743
1.8358598138904316,2.2866494548745777,-0.4507896409841461
1.7993719939794666,1.441486692832311,0.35788530114715567
1.0112604006900745,1.1004803792751028,-0.08921997858502828
1.225910591455099,1.0746924033853487,0.1512181880697503
1.5630397831424452,1.6532248909457332,-0.09018510780328803
0.5746091091623265,0.5206057502489562,0.05400335891337038
0.1612492620877182,0.03335421611512891,0.12789504597258927
0.8911005982599498,0.8514250981666704,0.03967550009327936
0.5950524150274464,0.8421514523094332,-0.2470990372819868
1.7872199360039154,2.089287096468561,-0.30206716046464543
1.4083722953567652,1.4474057597226255,-0.039033464365860304
1.9999171181386104,1.892867981477144,0.10704913666146632
1.4995488969764452,1.3010083267890595,0.1985405701873857
1.4473239809721112,1.9091278654432202,-0.461803884471109
1.2830044679714752,1.0248739855483364,0.25813048242313874
0.0293487994780899,0.14597238118103067,-0.11662358170294078
0.5085413355577365,0.6629403536830584,-0.15439901812532186
1.4385716060272449,1.3524834195054491,0.08608818652179573
0.9683303624358022,0.8910109528104935,0.0773194096253087
0.3095152194050398,0.3922330091875452,-0.08271778978250544
0.3006905106009132,0.2949971836995128,0.005693326901400397
1.0961439722505342,1.1896647381398242,-0.09352076588929004
1.816682347397765,1.8715557149025226,-0.054873367504757686
0.1518820507315642,0.14172694941116024,0.010155101320403953
0.5408111979178247,0.5570799919494533,-0.01626879403162862
1.0102477291921117,1.1228512291401032,-0.11260349994799146
2.19146573959686,1.9747997860496311,0.21666595354722906
0.1694048844025722,0.09892398653222914,0.07048089787034306
0.6307852521336741,0.5886172662352531,0.04216798589842097
1.1788213667998382,2.4365269813887465,-1.2577056145889083
1.932538295961548,1.6474307114797027,0.28510758448184537
2.4346063586390563,2.4252308785245518,0.009375480114504509
1.1755663512345058,1.2270709210845339,-0.05150456985002805
0.3110613518175602,0.3374910903348385,-0.026429738517278256
0.5435960445372219,0.5206057502489562,0.02299029428826571
2.302705896029428,2.2286341222864374,0.07407177374299057
0.524576807966112,0.6532090871982151,-0.12863227923210319
0.1269811818972814,0.10628157837816313,0.02069960351911826
0.93841134480539,0.9463311340152012,-0.007919789209811179
0.3748325310236274,0.34067063772703626,0.03416189329659114
2.092323392327698,2.141596596443529,-0.04927320411583125
1.3302519225482927,1.3764526574292317,-0.04620073488093901
2.4056728858220224,2.324673284030361,0.08099960179166121
0.763264384098376,0.6497640358007256,0.11350034829765043
0.4304932966085242,0.36787525043691205,0.06261804617161215
0.2950168377717153,0.3473976556340418,-0.05238081786232651
2.0473318432617837,1.831302841768108,0.21602900149367565
0.518469132994025,0.695622744168399,-0.177153611174374
0.9073033422273512,0.8838071906882193,0.02349615153913187
1.8091189571473565,1.771597815986972,0.03752114116038441
1.0292986117475331,1.4320627703937336,-0.4027641586462005
0.6586698851306918,0.8053670128396143,-0.14669712770892251
1.352815509362272,1.3741665446686786,-0.021351035306406585
1.317448861358408,1.1946018541296453,0.12284700722876285
2.3076245858007205,2.296193848256189,0.0114307375445315
2.2586546858680547,2.1310779528752737,0.12757673299278105
0.5451783437527885,0.6210528800399779,-0.07587453628718943
0.6095914842825518,0.8406205721985938,-0.23102908791604193
0.8899568220060072,0.807590504907922,0.08236631709808528
0.9182031232866537,0.9959182445000391,-0.07771512121338542
1.923171084605394,1.9158034114804832,0.007367673124910823
1.2247758568386258,1.1400543480199317,0.08472150881869411
0.8490521267476602,0.8857482041470325,-0.03669607739937231
1.2436685094724909,1.129279899972224,0.11438860950026686
0.3040359433004447,0.32501534605629423,-0.02097940275584953
0.1024238980716884,0.09076957696494471,0.011654321106743692
0.824060841032346,0.7320418361756883,0.0920190048566577
1.7362066092940496,1.7473228385119464,-0.01111622921789679
2.001291457667034,2.006671950010502,-0.005380492343467935
1.4049726123260806,1.3414265239766747,0.0635460883494059
2.414633220960368,2.2990966531553374,0.11553656780503063
1.606204905743101,1.5699219068726142,0.036282998870486693
1.2315164514969394,1.2085800134632714,0.022936438033668072
1.093359125631137,1.0931884758307673,0.00017064980036973765
1.5243593486765288,1.5953516086557122,-0.07099225997918346
1.07115268653522,1.1148064146906211,-0.04365372815540103
1.1435586986395458,0.578662692623573,0.5648960060159729
1.7556824521017225,1.6591362385717483,0.09654621352997417
1.9289939457186795,2.2643753340008588,-0.3353813882821792
0.4449555114388025,0.3758212486656074,0.06913426277319512
1.8024461752764005,1.7498650977084274,0.052581077567973145
1.0522374295545134,1.9772147585249353,-0.924977328970422
1.1857653998202242,1.1720053257763512,0.013760074043873027
1.9871276188985945,1.9220508099996778,0.06507680889891665
0.6973005903373577,0.6913148406247669,0.005985749712590804
1.841556091066471,1.9288859035065165,-0.08732981244004545
1.9985518192349847,1.9780530599512214,0.020498759283763324
1.710256902158758,1.8909844307681993,-0.1807275286094414
2.04646383948234,2.018756593142384,0.027707246339955915
2.3101562645456277,2.5777105019576907,-0.26755423741206297
1.9771907798248365,1.9139205066992178,0.06327027312561873
0.6979335100235843,0.8184939358686885,-0.12056042584510418
0.1081020919727889,0.12324394767098337,-0.01514185569819447
0.9999040131410414,1.2107904770841311,-0.21088646394308974
0.9685111967042006,0.9273736518975564,0.04113754480664422
2.2554358360930973,2.2155909475083235,0.03984488858477375
0.3267451016422559,0.48945544949297215,-0.16271034785071625
1.7719032795972312,1.6750904575950127,0.09681282200221841
0.4843231159220985,0.4881502918362585,-0.0038271759141600414
2.1034627788052864,2.032967627171175,0.07049515163411124
1.4858868733914197,1.5737688415997175,-0.08788196820829786
2.2397153161663104,2.1514329777106647,0.0882823384556457
0.6095779218263473,0.7299250654335646,-0.12034714360721732
1.099426112981443,0.7887849279133012,0.31064118506814187
2.2654902184793024,2.345892734330693,-0.08040251585139035
0.1464705874143266,0.08381723621739413,0.06265335119693245
0.981513175437423,0.8910109528104935,0.09050222262692953
0.3073452091969301,0.4072812408537987,-0.0999360316568686
1.9057025012655395,1.831302841768108,0.07439965949743144
1.2960109675234326,1.126931355075287,0.1690796124481455
1.7745298962950715,1.7359280008429292,0.03860189545214232
1.7643715353311342,1.8621375535611457,-0.09776601823001152
0.4239425778560787,0.3758212486656074,0.048121329190471296
1.6806362608433518,1.6104741966671077,0.07016206417624415
1.5999706468337689,1.7855593831022067,-0.18558873626843786
1.3500306627428749,1.4025640207832595,-0.052533358040384615
0.9261010569082824,0.9062338476975588,0.019867209210723602
1.296652928847129,1.4360828915332764,-0.1394299626861475
1.5865301451389229,1.390100397311319,0.1964297478276038
0.8243140089068367,0.8718150288741342,-0.0475010199672975
1.410727660652008,1.5476845386693978,-0.13695687801738976
0.8316061477546471,0.8365707861079613,-0.004964638353314177
1.277339836779747,1.3936874727960127,-0.11634763601626563
1.322150550564592,1.237495421928866,0.084655128635726
1.970983645321577,1.596646645715038,0.3743369996065391
1.6425977877011315,1.7886525819756698,-0.14605479427453827
0.5986690988764077,0.42822097428507566,0.17044812459133207
0.9699940371480984,1.0228603347963587,-0.05286629764826034
0.1841609547291221,0.39572071217692223,-0.21155975744780012
2.6357663187031526,2.2700652528263534,0.3657010658767992
1.648832046610464,1.7836623844133457,-0.13483033780288167
1.6154455331620097,1.6800746518564926,-0.06462911869448296
0.1274513508432166,0.06156366233598713,0.06588768850722947
0.3950136273767871,0.5772027582411778,-0.18218913086439076
2.3186554721223387,2.032967627171175,0.2856878449511635
0.5765349933865829,0.6196100051628308,-0.04307501177624795
1.5371217219914648,0.9048837572826742,0.6322379647087906
2.0183622054138786,1.854417829689497,0.16394437572438147
0.8671355464988024,0.7817293799503741,0.08540616654842836
1.2289531267677218,1.8574292884394563,-0.6284761616717345
1.9166520118372603,1.7359280008429292,0.1807240109943311
0.2295096502472597,0.3396414529819679,-0.11013180273470821
1.4232730328954997,1.378387164594873,0.044885868300626575
0.8387897861933192,0.715461075717973,0.12332871047534621
1.619731303500244,1.664455609135249,-0.044724305635004846
0.4215600873952593,0.39169090610883006,0.029869181286429236
1.8240242157579936,1.6376107329513636,0.18641348280662995
2.2062489358484902,2.0137844626462353,0.1924644732022549
1.5998757088808346,1.5185883841988546,0.08128732468198008
0.6303874170469991,0.6043462637778526,0.026041153269146466
1.0420745477718414,1.2055131786943383,-0.16343863092249689
0.815340111818623,0.7887849279133012,0.026555183905321744
1.3180636977696951,1.45541230264812,-0.13734860487842493
1.0470655714023942,1.0569394324982526,-0.009873861095858416
2.244757577177142,2.2486148702617292,-0.0038572930845872655
2.075433477330245,1.8680775110648855,0.20735596626535946
1.3796196580739697,0.9048837572826742,0.47473590079129546
1.77416370693954,1.7473228385119464,0.02684086842759359
0.493721973262564,0.5140208016477872,-0.020298828385223178
0.732111173079822,1.0640529140764177,-0.3319417409965957
2.130832033656349,2.0472356372052007,0.08359639645114836
0.7976228814230121,0.7558504967781593,0.04177238464485278
1.8251634711932017,1.7594181508992797,0.065745320293922
2.0595336310029206,2.2550063003995935,-0.19547266939667285
0.953696355227763,0.9010736310185271,0.05262272420923586
1.5467104552377982,1.7645058468385721,-0.217795391600774
0.459679935781041,0.5837251851130324,-0.1240452493319914
1.5910148332736618,1.511447492114879,0.07956734115878272
2.436057552339139,2.305146499436609,0.1309110529025297
2.0934083964190813,1.9341117191897692,0.15929667722931207
1.6917756473209409,1.6104741966671077,0.08130145065383321
2.178933929809573,2.2634950984661497,-0.08456116865657659
1.8945269472254012,1.9307277947110868,-0.03620084748568564
1.815036756213576,1.7297913118519415,0.08524544436163461
0.082387469183881,0.12097632126077221,-0.03858885207689121
0.4501318904096565,0.46461327643038486,-0.014481386020728348
2.451848898510493,2.250499092543144,0.2013498059673493
2.2201686473672373,2.296193848256189,-0.0760252008889517
1.1820763823651703,1.0228603347963587,0.15921604756881158
1.724022905334187,2.2700652528263534,-0.5460423474921665
0.3163778771818639,0.30181738367387095,0.014560493507992933
1.1091730761493332,1.010290497890982,0.09888257825835134
1.514558135177486,1.7359280008429292,-0.22136986566544326
1.095122259115102,1.0930388626757543,0.002083396439347629
1.8107283815285,1.9240481516511758,-0.1133197701226758
1.8043630178631875,1.7673210243169941,0.03704199354619342
2.073046466303859,1.9072741074557087,0.16577235884815011
1.6264945025053992,1.4867547340322396,0.1397397684731596
0.6424897455101318,0.5886172662352531,0.053872479274878704
1.7731691189696843,1.6677474629422477,0.10542165602743658
1.7802578194554224,1.7560461016057243,0.02421171784969811
2.2314979097506944,2.0137844626462353,0.21771344710445906
1.9802287943187245,2.115599012149205,-0.13537021783048075
1.3488597613233555,1.5647482355803999,-0.21588847425704438
0.8602774095407133,0.8785566825388337,-0.018279272998120377
0.0783729499950767,0.22441120351981908,-0.14603825352474237
0.0080646144927683,0.11509545756347604,-0.10703084307070775
0.753065335512658,1.4277819285433324,-0.6747165930306744
2.2402322014206217,2.2868257898163145,-0.04659358839569272
0.4050680087503209,0.4374212066464193,-0.03235319789609842
1.841470193738335,1.7266107730533715,0.11485942068496358
1.0083670536615388,1.179530802310249,-0.1711637486487103
0.96196499877049,1.3991714362629921,-0.4372064374925021
0.0907736550263837,0.22441120351981908,-0.1336375484934354
1.8782157031020288,1.8044309593831844,0.07378474371884436
2.4006456958947595,2.2777490671383167,0.1228966287564428
0.7605880381412852,0.7438539628556797,0.016734075285605443
1.896841625658367,1.7886525819756698,0.1081890436826971
1.321752715224749,1.2489977144472781,0.07275500077747088
2.445926577866036,2.3144009418956806,0.13152563597035538
1.6493881118718636,1.569404402652395,0.07998370921946862
1.0565774502239005,1.0418423618146853,0.014735088409215225
0.2550163136021927,0.2310233633434544,0.023992950258738266
0.6600532668029206,0.7544941445177866,-0.09444087771486598
1.905268498109979,1.7809981381955435,0.12427035991443547
1.6446547766813682,1.6230604755042128,0.02159430117715533
2.1106599794469947,2.401594147187856,-0.2909341677408612
1.5417194313540774,1.5476845386693978,-0.005965107315320406
0.300523239041887,0.3342337954829766,-0.03371055644108961
0.970536539700126,1.0931884758307673,-0.12265193613064129
0.4512847083010687,0.27520025846197815,0.17608444983909055
0.2598219823987803,0.278175811467507,-0.01835382906872668
0.3504560814664328,0.3815302743515936,-0.03107419288516078
2.3120369398230323,2.1455507385336783,0.16648620128935399
0.5291654756912549,0.5043867530568118,0.02477872263444314
1.5546671597561468,1.80587197128605,-0.25120481152990326
0.5126040771506023,0.695622744168399,-0.18301866701779668
2.014311519422028,1.9590634773721125,0.05524804204991529
0.1516831331882267,0.12324394767098337,0.028439185517243337
1.3490496372292238,1.4025640207832595,-0.053514383554035705
1.674908337683001,1.859536771461713,-0.18462843377871208
0.5478998984035629,0.5365901938881124,0.011309704515450547
1.5057289055546244,1.1946018541296453,0.3111270514249791
1.9701518091046843,2.0729967893389545,-0.10284498023427013
0.9956001592747002,0.8514250981666704,0.1441750611080298
0.9643520103032118,1.1376000302842646,-0.17324801998105277
2.1465600878590814,2.1042247827948524,0.042335305064229
0.5488311944047959,0.629757411569639,-0.08092621716484316
1.7182136066771063,1.8280228146922668,-0.10980920801516048
0.7679027813359374,1.2619582824702087,-0.4940555011342713
0.9779371792102424,0.8910109528104935,0.0869262263997489
0.7074951181043411,0.7438539628556797,-0.03635884475133866
0.7561395168095919,1.1447075301773693,-0.38856801336777735
2.538513687336193,2.4365269813887465,0.10198670594744641
0.329574252639689,0.4169871314933424,-0.0874128788536534
1.183794307155452,1.1534916374283195,0.03030266972713247
1.5429129371204384,1.5399338678866434,0.0029790692337949842
1.548916632502122,1.5683782162101925,-0.019461583708070496
0.5958752106195412,0.458843817061949,0.1370313935575922
1.826460956549966,1.6750904575950127,0.15137049895495336
0.8372074869777527,0.8294841746718694,0.007723312305883301
1.679117253596408,1.5528593036582767,0.12625794993813133
1.309840262667484,1.433590740318372,-0.12375047765088798
0.5163533728639005,0.4638468749930624,0.05250649787083811
2.1734094447581263,2.0102874960283077,0.16312194872981856
0.863084860506952,0.8179931201647316,0.04509174034222041
0.8480394552496976,1.1539429076409502,-0.3059034523912526
1.892949169588073,1.8015379994173608,0.0914111701707121
2.4126711699330654,2.316481215943133,0.09618995398993224
1.7029512006015752,1.5980360911717923,0.10491510942978288
1.3645019192106227,1.6461926100299054,-0.28169069081928266
1.3613554043075966,1.6087897927948662,-0.24743438848726962
2.197496560397288,2.324673284030361,-0.12717672363307342
0.7029968675133973,0.6401121886046445,0.06288467890875282
1.936733649671919,1.8621375535611457,0.07459609611077322
0.4482873814289618,0.46461327643038486,-0.016325895001423063
2.536217092684502,2.359400551646347,0.1768165410381548
1.483418486615136,1.5347116329417374,-0.05129314632660131
2.260200817521071,2.0350454362418327,0.2251553812792384
0.7148641116301465,0.6978269949521664,0.017037116677980135
0.7324909248915579,0.7624812551074441,-0.029990330215886263
1.3566898819044586,1.3004227568466737,0.05626712505778486
1.0675269607956213,1.1609506625605177,-0.09342370176489645
1.001820855727828,1.0425725251215703,-0.040751669393742196
1.5243955154795747,1.507449543163303,0.016945972316271707
0.604636627455045,0.6537592481990183,-0.04912262074397333
0.7624687136718582,0.9010736310185271,-0.1386049173466689
2.5244447865206867,2.359400551646347,0.1650442348743395
2.070040097794282,2.305825997604129,-0.235785899809847
0.6411651349877908,0.6401121886046445,0.001052946383146347
1.668515848852112,1.574822465559192,0.09369338329291987
1.4868995448893825,1.571434597600918,-0.08453505271153561
1.125728446762894,1.1069155505711736,0.01881289619172044
0.0351174102602217,0.16217439225319313,-0.12705698199297144
0.4537214490930413,0.5436781892131088,-0.08995674012006755
2.129177401847362,2.2866494548745777,-0.15747205302721579
0.6725217846215853,0.7805158510036011,-0.10799406638201581
2.373936485135996,2.2389655379018842,0.13497094723411163
1.118784413742508,1.0706538483289416,0.04813056541356642
0.3227884495408598,0.4169871314933424,-0.0941986819524826
0.5267603808835937,0.5254985936456743,0.001261787237919365
1.0264821191438247,0.9330771702932245,0.09340494885060024
1.0661661834702338,1.0185474164705184,0.047618766999715456
0.1843779558005666,0.12092579944666587,0.06345215635390072
1.9450158544050111,1.7560461016057243,0.18896975279928685
0.7526810628821873,0.48656110752330095,0.26611995535888633
1.190864924113083,1.3622066554365921,-0.17134173132350905
1.0192984807051526,1.0886993579445945,-0.06940087723944188
2.361477007942129,2.466826932352548,-0.1053499244104188
2.352001296430005,2.232907736242271,0.11909356018773387
0.4492277193208322,0.30181738367387095,0.14741033564696127
0.8865209721722764,0.9966070563195666,-0.11008608414729015
1.2538675580582088,1.293871128144557,-0.04000357008634814
1.068476340324961,1.0721728842907927,-0.0036965439658316335
1.676427344929945,1.8139453521624174,-0.13751800723247243
0.2405540987719144,0.14172694941116024,0.09882714936075415
0.7815738465584324,0.9112890608303748,-0.12971521427194233
0.457708843116269,0.5846417276611902,-0.12693288454492113
0.8039475574665438,0.8722598508340259,-0.06831229336748212
1.6958986669188831,1.571434597600918,0.12446406931796505
1.5259190435452537,1.6719731365034307,-0.14605409295817706
2.4247599359399934,2.345892734330693,0.07886720160930061
2.4152344946622835,2.304139028271426,0.11109546639085766
0.190933195371747,0.3017780438693294,-0.11084484849758239
1.4679390794681602,1.309320785304175,0.1586182941639851
0.3198951022591565,0.3189185575623138,0.0009765446968427183
1.4918679644262611,1.9524836968350017,-0.46061573240874054
0.1545403134137161,0.12460918696286237,0.02993112645085373
1.322548385904435,1.2877737274246934,0.03477465847974148
2.4362338660419707,2.4252308785245518,0.011002987517418905
1.9122486984397469,1.9571589833888465,-0.044910284949099655
2.148617076839318,2.232907736242271,-0.08429065940295333
0.1103444357869907,0.2967062906272687,-0.186361854840278
1.2837413672481055,1.5039340519367141,-0.22019268468860864
1.1196524177751186,1.0377600346728204,0.08189238310229818
0.7616685224266052,0.7871471438946456,-0.025478621468040363
0.3975453061216936,0.3473976556340418,0.050147650487651796
1.6303191457883353,1.6623100998308058,-0.03199095404247054
0.7148957576144577,0.629757411569639,0.08513834604481862
1.193505103520296,1.1935272697012211,-2.216618092520939e-05
2.4021285355791537,1.9224408220149665,0.47968771356418727
0.483839384519959,0.6043462637778526,-0.1205068792578936
1.5807434508286835,0.8204627185041509,0.7602807323245326
2.1689337987671924,2.1875655783727175,-0.01863177960552509
0.9984935065564036,0.9797676255270085,0.018725881029395097
2.174788305864789,2.1117111420263366,0.06307716383845241
1.999736282857541,1.9288227174057087,0.07091356545183225
1.2540845591296534,1.2987246233477483,-0.044640064218094855
0.7755611095392795,0.783450182670207,-0.00788907313092757
1.65347496466676,1.7886525819756698,-0.13517761730890987
0.8952145762204229,0.9009511904283589,-0.0057366142079360305
0.9087907034899838,1.0746924033853487,-0.16590169989536485
1.3535117210171212,1.1148064146906211,0.2387053063265001
0.8226141673914944,1.2609449932833368,-0.43833082589184236
0.2129859256180101,0.16961116563632478,0.04337475998168533
2.064217236680997,2.261309339629099,-0.19709210294810164
0.8788536023314647,0.8079073113373118,0.07094629099415295
0.2611872805429023,0.4924130597640813,-0.23122577922117898
0.6663734220277174,0.589450608487255,0.07692281354046249
0.5891572203080693,0.5043867530568118,0.08477046725125748
2.3078280239096247,2.261309339629099,0.04651868428052586
1.819516923782748,1.6863228493934728,0.13319407438927522
1.0516587601994398,1.1720053257763512,-0.12034656557691137
1.546963623112289,1.5683782162101925,-0.0214145930979035
1.7923556270998209,1.7266107730533715,0.06574485404644936
1.7821249325297912,1.7473228385119464,0.03480209401784484
0.592954738425429,0.558896428938497,0.034058309486932004
2.5531476942910643,2.421590690488764,0.13155700380230018
0.3739645269910171,0.34510007135387344,0.028864455637143682
1.6563683116952956,1.6568544930935254,-0.0004861813982297569
1.2446811809704534,1.3414265239766747,-0.09674534300622128
0.6432989786460223,0.6546585162674057,-0.01135953762138342
1.7734539328284862,1.9240481516511758,-0.15059421882268964
0.4904217492567159,0.5570799919494533,-0.06665824269273746
1.206705999796856,1.2987246233477483,-0.09201862355089219
0.8177135606419729,0.7727098171933667,0.04500374344860614
0.2233658084721266,0.19581698811170367,0.027548820360422915
0.1638125868169362,0.1981684110890459,-0.0343558242721097
1.0652800959095166,1.2703050463193988,-0.20502495040988222
0.7406239428595699,0.8514250981666704,-0.11080115530710055
1.1784144898225255,0.9330771702932245,0.24533731952930105
1.2348438006683642,1.1609506625605177,0.07389313810784648
1.5915528150069544,1.5683782162101925,0.02317459879676198
2.429601771539628,2.345892734330693,0.0837090372089353
0.9717662122695327,0.9404572329276943,0.031308979341838405
0.3375083530643635,0.5746631388066775,-0.23715478574231402
1.5117732885580886,1.3991714362629921,0.11260185229509645
1.1630887917783717,1.1353515714052864,0.027737220373085236
0.3411250369133248,0.3758212486656074,-0.0346962117522826
2.15138383967744,2.1310779528752737,0.020305886802166384
2.004293304598373,2.401594147187856,-0.39730084258948306
1.9241475885408068,1.8894795737158852,0.034668014824921656
0.7734724745747318,0.807590504907922,-0.034118030333190164
0.4221749235533789,0.43840349987815674,-0.016228576324777866
1.4655385054792336,1.129279899972224,0.3362586055070096
0.5384693950787862,0.9421755532269063,-0.40370615814812005
0.8959107878752721,0.8785566825388337,0.01735410533643844
2.5808288899386813,2.4534577988084547,0.1273710911302266
0.0754072691072811,0.22441120351981908,-0.14900393441253798
0.7746931055066694,1.2085800134632714,-0.433886907956602
0.7092944183913521,0.7871471438946456,-0.07785272550329347
1.41981005814936,1.3262520208543946,0.09355803729496537
2.0826306779719537,2.1455507385336783,-0.06292006056172461
0.8542963185058715,0.9557824596642709,-0.10148614115839938
1.0314776638462804,0.9463311340152012,0.08514652983107918
2.249504474823841,2.1927266773304104,0.056777797493430704
2.307986253831181,2.1514329777106647,0.1565532761205164
0.4266596116881183,0.41006939352526106,0.016590218162857218
1.8770628854637847,1.7904420795430647,0.08662080592072008
0.4213476071425494,0.4169871314933424,0.004360475649206996
0.0515009884960217,0.20355452381780278,-0.1520535353217811
0.9348669945625208,0.9813618973935305,-0.046494902831009766
0.3515998577203754,0.34879377306543125,0.002806084654944141
1.3384798784692389,1.2107601826926602,0.1277196957765787
2.2052000967879777,2.1117111420263366,0.0934889547616411
2.3529551975375838,2.261309339629099,0.0916458579084849
1.133698713990615,1.664455609135249,-0.530756895144634
1.2059103293703377,0.8685777547818043,0.3373325745885334
1.677883060208266,1.5698982292197061,0.10798483098855982
1.3796196580739697,1.4124405876419577,-0.03282092956798799
0.1268003476288829,0.06692896925074668,0.05987137837813622
0.5912548969100867,0.42822097428507566,0.16303392262501104
0.2899127926601215,0.28830032946558865,0.0016124631945328427
0.9926706454431188,1.151510125088126,-0.1588394796450071
1.083557912385262,1.0425725251215703,0.04098538726369161
0.0700907437429775,0.20355452381780278,-0.1334637800748253
0.374687863811443,0.4010804194649976,-0.02639255565355464
0.7814924710617029,0.7318509180522637,0.04964155300943929
1.0168300939288688,1.2163391220496496,-0.19950902812078075
0.7457189463336944,0.8275345372750951,-0.08181559094140067
0.8952733473703106,0.8588064926544863,0.03646685471582434
0.4412529312743768,0.37147550656989564,0.06977742470448117
1.24199127230399,0.9105968614081325,0.33139441089585764
2.3958038602951253,2.4691774638295603,-0.073373603534435
2.262379868860315,2.2155909475083235,0.04678892135199142
2.0540227081545104,1.9220508099996778,0.13197189815483257
1.2084781749182902,1.0228603347963587,0.1856178401219315
1.3847553491698747,1.3764526574292317,0.00830269174064302
1.133951881865105,1.1200868592274809,0.013865022637624236
0.606856367175573,0.6401121886046445,-0.033255821429071464
1.295242422262491,0.8685777547818043,0.42666466748068665
2.3743524045102817,2.4041305139343447,-0.029778109424063004
0.3052384907042752,0.3078900083790041,-0.002651517674728876
2.270589740999986,2.2155909475083235,0.05499879349166248
1.8516330762805109,1.9524836968350017,-0.10085062055449079
1.7811755530004512,1.4867547340322396,0.2944208189682116
1.268510607156886,1.2713794355837673,-0.002868828426881409
0.6406226324357633,0.7871471438946456,-0.14652451145888223
1.329112667113085,1.3622066554365921,-0.03309398832350707
1.5764034301592966,1.390100397311319,0.18630303284797756
1.175240849753923,1.2270709210845339,-0.051830071330610794
1.7955744758621068,1.7352293668375456,0.06034510902456125
1.1228124953875167,1.3697585659234779,-0.24694607053596118
1.0182858092071898,1.1004803792751028,-0.08219457006791298
0.5514126026621207,0.4839343951861685,0.06747820747595218
2.209440658685696,2.204537592814527,0.0049030658711690656
0.4314698013034407,0.4638468749930624,-0.03237707368962167
0.1719139588006369,0.09892398653222914,0.07298997226840775
0.4173285671350104,0.11522937855248117,0.3020991885825292
2.181836319741417,2.2634950984661497,-0.0816587787247327
1.1073195255311687,1.3164214462676798,-0.20910192073651102
1.397703077571944,1.4298473541405745,-0.032144276568630614
1.695934833721929,1.6557563061381708,0.04017852758375828
1.7010162747398492,1.511447492114879,0.18956878262497012
1.0722015248362289,1.0185474164705184,0.053654108365710496
1.071188853338266,1.138129904919219,-0.06694105158095298
0.4655389636973722,0.5772027582411778,-0.11166379454380565
0.6228692352371065,0.551086126046453,0.07178310919065345
0.9390352228541468,1.179530802310249,-0.24049557945610234
1.856651225582976,1.8250301503572477,0.03162107522572821
0.5375109739119767,0.558896428938497,-0.02138545502652034
1.1585091656906985,1.2865097881309235,-0.12800062244022503
0.2966036578060166,0.336548688884514,-0.039945031078497395
2.3689635440208785,2.3904442322477535,-0.02148068822687499
0.9538997935898352,0.7591089735330795,0.19479082005675574
1.772319198212013,0.9912634404998355,0.7810557577121775
2.300752885626923,2.3804730149485134,-0.07972012932159034
1.4768361218783788,1.507449543163303,-0.03061342128492428
0.5227096948917433,0.4839343951861685,0.03877529970557486
2.345274263974728,2.1927266773304104,0.15254758664431778
0.9914816604954924,1.0425725251215703,-0.051090864626077925
1.8160494277115384,1.7289344199166892,0.08711500779484926
0.971404543985904,0.9273736518975564,0.04403089208834765
0.1351187206840283,0.10628157837816313,0.028837142305865177
2.0252399335147677,2.0102874960283077,0.014952437486460024
0.8536317528353338,0.9330771702932245,-0.07944541745789069
1.924328423821877,2.089287096468561,-0.16495867264668385
0.8757522958689542,0.7928142537606753,0.08293804210827893
2.392001820599528,2.289668843412221,0.10233297718730672
1.082020821610211,0.9892692859379827,0.09275153567222827
0.9813142578940854,1.2713794355837673,-0.2900651776896819
1.6082302487390263,1.6155283631232797,-0.007298114384253429
0.9790764346454506,0.7414490464858136,0.23762738815963702
2.0436157008943208,2.4691774638295603,-0.4255617629352395
2.358197881427934,2.1514329777106647,0.2067649037172692
0.8440249360608931,0.8501071100736675,-0.006082174012774333
2.071527459056915,2.0102874960283077,0.061239963028607125
0.9208478235126012,0.8617119207015779,0.05913590281102332
2.1280788330212634,2.163205246047813,-0.0351264130265494
2.2049785748977984,2.1212427729348957,0.08373580196290265
0.9004361636317925,0.8838071906882193,0.016628972943573128
1.0925634552046188,1.1856721584854437,-0.09310870328082488
0.1839077868546315,0.12092579944666587,0.06298198740796562
1.0238344052074992,1.6677474629422477,-0.6439130577347485
0.3337198765844733,0.41006939352526106,-0.07634951694078779
2.270336573125496,2.1455507385336783,0.12478583459181758
0.7925866490987757,1.179530802310249,-0.38694415321147335
0.934731368987806,1.3809968212010217,-0.4462654522132158
1.1685092967330792,1.157599967731089,0.010909329001990153
1.805353085014308,1.9571589833888465,-0.1518058983745385
1.4771842277058036,1.6682423249906937,-0.1910580972848901
2.4557639599403003,2.316481215943133,0.1392827439971671
0.98857022993885,0.9797676255270085,0.008802604411841553
0.0805836480781351,0.2967062906272687,-0.2161226425491336
0.8090516025781377,0.9450333896658891,-0.13598178708775144
0.4648156271301141,0.5342666940505106,-0.06945106692039654
0.995961827811497,1.0640529140764177,-0.06809108626492066
1.7736754547186655,1.7594181508992797,0.014257303819385836
1.190186795986341,1.8678939866701145,-0.6777071906837735
0.3613423000695306,0.35152390005721007,0.009818400012320538
1.1959282816028962,1.3741665446686786,-0.1782382630657824
0.4487530295561622,0.4686381090566964,-0.019885079500534197
0.1449199341830714,0.40703681569718375,-0.2621168815141124
0.3191310778169496,0.23086870241423757,0.08826237540271203
0.534870794504764,0.5781328416058596,-0.0432620471010956
1.5396534007363714,1.511447492114879,0.028205908621492304
2.283573637724109,2.1297388408278275,0.15383479689628166
1.6974402785126688,1.854417829689497,-0.15697755117682832
2.1217812821433086,2.359400551646347,-0.23761926950303858
1.7767134692125537,1.6557563061381708,0.12095716307438287
1.7594799702190822,1.6461926100299054,0.11328736018917684
2.0595336310029206,2.0091272743780193,0.05040635662490134
0.2684296901314623,0.27520025846197815,-0.006770568330515869
0.7871118938129154,0.9199321383547542,-0.13282024454183883
0.4997347102817169,0.6043462637778526,-0.10461155349613571
0.8565748293762874,0.8857482041470325,-0.02917337477074511
1.6961518347933735,1.620640175877704,0.07551165891566947
2.458331803716077,2.305859501157501,0.1524723025585759
0.5994647693029259,0.6446338518173891,-0.045169082514463166
0.3695160056593237,0.39590766445151515,-0.026391658792191464
1.2908210260963744,1.6682423249906937,-0.3774212988943193
1.604685898496157,1.6677474629422477,-0.06306156444609079
1.7028833878142178,1.5648869601549251,0.13799642765929265
1.230648447464329,1.6410291964351664,-0.4103807489708373
1.461076421691336,1.3994774319925058,0.06159898969883004
0.806067838415403,0.8366664148002876,-0.030598576384884613
1.0136971414820468,0.9966070563195666,0.01709008516248023
1.791017454121275,1.7226211149625426,0.06839633915873256
2.3700847156748117,2.2868257898163145,0.08325892585849726
0.8668100447650516,0.9450333896658891,-0.07822334490083749
0.5466024130467984,1.0931884758307673,-0.5465860627839689
1.988773210082784,1.977923363205289,0.010849846877494906
1.9218690776703915,1.8909844307681993,0.03088464690219217
1.2497128924759549,1.243814204145875,0.005898688330079782
2.201547246389138,2.4252308785245518,-0.22368363213541365
0.2526971151099959,0.2892855399867626,-0.03658842487676672
1.5486996314306771,1.5888454615163026,-0.040145830085625445
2.139340281857859,2.0654192160634834,0.07392106579437563
2.540869052378268,2.4041305139343447,0.13673853844392347
1.893948278882999,1.8157280134606129,0.07822026542238625
2.383335342476461,2.304139028271426,0.07919631420503537
1.2154402914667832,1.171145664891073,0.04429462657571026
0.7101714643145997,0.6736176337439189,0.036553830570680734
1.8102220457795184,1.9590634773721125,-0.1488414315925941
1.387404570214557,1.664455609135249,-0.27705103892069194
1.1444990362782483,0.9813618973935305,0.16313713888471781
2.286394651906056,2.400705265208884,-0.11431061330282821
1.92329766854264,1.7904420795430647,0.13285558899957528
0.6875671896256719,0.8184939358686885,-0.1309267462430166
2.530990983694894,2.425096293877946,0.10589468981694816
2.4690326679915464,2.305859501157501,0.16317316683404526
1.4962215478050207,1.826784649165869,-0.3305631013608483
0.2468380871936649,0.2892855399867626,-0.042447452793097695
1.6624081738800252,1.034198836920243,0.6282093369597821
2.171686999402278,2.1609938786215808,0.010693120780697285
0.68999036796144,0.6202555330174683,0.0697348349439717
2.109538807793062,2.018756593142384,0.09078221465067804
1.396979741004686,1.2965189787184812,0.10046076228620482
0.7711623177200045,0.5736482920744506,0.19751402564555398
1.6782854163668437,1.5698982292197061,0.10838718714713758
0.854802654254853,0.7952911042870847,0.05951154996776831
0.7008132945959152,0.7080214035742249,-0.007208108978309702
2.1409316242299026,2.2486148702617292,-0.10768324603182666
0.8320175455506945,0.9589864592145889,-0.1269689136638944
1.6955731654383004,1.6554667617117031,0.04010640372659724
0.1811952738413265,0.12092579944666587,0.06026947439466063
1.10160516508019,1.0228603347963587,0.07874483028383117
0.5411999913670303,0.4839343951861685,0.057265596180861855
1.858012002908363,1.4935385573119966,0.3644734455963665
2.3815631673550266,2.2407785368807374,0.14078463047428924
0.7604659750227746,0.7438539628556797,0.016612012167094847
1.3271777412513588,1.378387164594873,-0.051209423343514304
1.0210254473860714,1.2877737274246934,-0.26674828003862205
0.0528934118057203,0.030556910661549065,0.022336501144171232
0.6476163949685677,0.8501071100736675,-0.20249071510509975
2.55298042374471,2.3787225027699352,0.17425792097477455
0.8094132711149344,0.7792078747695971,0.030205396345337365
0.3416630186466176,0.4924130597640813,-0.1507500411174637
0.8343804456282179,1.61673148982345,-0.782351044195232
0.7671342360749959,1.4038739596407663,-0.6367397235657705
0.0226398508040876,0.06692896925074668,-0.04428911844665907
0.2079587349312432,0.19581698811170367,0.012141746819539528
1.330420701215676,1.3675960728389098,-0.03717537162323392
2.0060654797198074,1.7916028739830223,0.2144626057367851
0.6802750507778614,0.6537592481990183,0.026515802578843117
0.1657429918599274,0.11297837614980467,0.05276461571012274
0.3092258847275031,0.39544639423528644,-0.08622050950778332
1.9035189283480576,1.8250301503572477,0.07848877799080989
0.2013040365883941,0.12092579944666587,0.08037823714172823
2.0181452051019377,1.977923363205289,0.04022184189664868
2.516813582723418,2.3967768878781612,0.1200366948452567
1.5275962807137542,1.4099497549996654,0.11764652571408885
0.363765478152131,0.29553739376985955,0.06822808438227146
2.1049817860522304,2.119937807532253,-0.014956021480022397
1.2726743146297772,1.3556445867490352,-0.082970272119258
1.3035427117895293,1.5040697588531378,-0.20052704706360847
2.143965117145552,2.0601760180085744,0.08378909913697763
0.8565386625732413,0.9330771702932245,-0.07653850771998316
2.3125794431345628,2.310259986673883,0.0023194564606798806
0.7976952150291045,0.9319775598165546,-0.13428234478745016
2.571154259364212,2.7036426177485358,-0.13248835838432393
1.70626950813553,1.571434597600918,0.13483491053461183
1.584830303876748,1.4573950465081726,0.1274352573685753
1.458196637119005,1.433590740318372,0.024605896800632854
0.4061891806574217,0.695622744168399,-0.28943356351097727
1.866683002609668,1.977923363205289,-0.11124036059562115
1.4622970526232737,1.6814595015823661,-0.21916244895909243
1.4587527023804046,1.436217688197179,0.022535014183225455
0.3285932271260377,0.2949971836995128,0.033596043426524946
0.9197582975898114,0.8692132498967134,0.05054504769309798
1.210725039804395,1.248502198451712,-0.03777715864731701
1.271842477147045,1.4023285605739673,-0.13048608342692236
0.363878499633172,0.4010804194649976,-0.037201919831825636
1.731586295584595,1.9304150220438965,-0.19882872645930139
1.170313117838825,0.9813618973935305,0.18895122044529455
0.6149260931749625,0.5736482920744506,0.041277801100511935
0.4950194586193285,0.4686381090566964,0.026381349562632106
1.3737967969606846,1.4307016841627063,-0.05690488720202169
0.2842255571215514,0.40703681569718375,-0.12281125857563235
0.9935702954600404,1.1353515714052864,-0.14178127594524603
1.6796235893453892,1.9240481516511758,-0.24442456230578657
0.8074240949220554,0.8722598508340259,-0.06483575591197055
0.9957448267400526,1.3414265239766747,-0.3456816972366221
0.1562808425508393,0.14597238118103067,0.01030846136980862
1.521836711569092,1.522911597881529,-0.0010748863124370178
2.0993759252508863,2.0856554752779948,0.013720449972891569
1.9600250941250583,2.07845368272736,-0.11842858860230177
0.1649518422521441,0.12324394767098337,0.041707894581160726
1.9840037070765708,1.9911037192283518,-0.007100012151781021
1.4376900392852625,1.4782251740917227,-0.040535134806460205
2.0679469412514964,1.8268213399528999,0.2411256012985965
1.6916671469118023,1.664677420489359,0.02698972642244324
1.0616408077137136,1.179530802310249,-0.11788999459653549
2.185416835015157,2.0137844626462353,0.1716323723689217
1.237212728672979,1.3049552574823962,-0.06774252880941711
0.2014713081474203,0.03335421611512891,0.16811709203229142
0.395773131000259,0.4640000739013623,-0.06822694290110326
0.8192325678889165,0.4245731519361755,0.394659415952741
0.5336411219353568,0.5837251851130324,-0.05008406317767555
0.6518343525194442,0.4374212066464193,0.2144131458730249
1.0880426002668333,1.2967547008628886,-0.20871210059605527
0.1762765838168659,0.2798812268970402,-0.10360464308017431
0.9577786872039246,0.8636072242349825,0.09417146296894208
1.401645263154656,1.4360828915332764,-0.0344376283786203
0.9797410003159888,1.2447610078536844,-0.2650200075376956
1.3788239876474513,1.0248739855483364,0.35395000209911487
0.0475226361102636,0.28101183559877124,-0.23348919948850766
0.6071321393969055,0.49993194329202806,0.10720019610487741
1.1122743826118435,1.1895022488129088,-0.07722786620106525
2.229974380925512,2.119937807532253,0.11003657339325912
0.4781394905876644,0.555765030786756,-0.07762554019909157
1.6303643542288508,1.8044309593831844,-0.1740666051543336
0.8693914530223765,0.8857482041470325,-0.016356751124655955
1.1053755580319735,1.436217688197179,-0.3308421301652056
1.4174999012946328,1.2773046387524227,0.14019526254221004
0.5963182543998997,0.6537592481990183,-0.0574409937991186
0.8698118924558935,0.8825230825159258,-0.012711190060032296
2.278257112359805,2.1875655783727175,0.09069153398708751
1.3340494406656525,1.5888454615163026,-0.2547960208506501
2.2185818265734327,2.163205246047813,0.05537658052561989
0.1193861456625619,0.12092579944666587,-0.0015396537841039781
2.361721135191822,0.9912634404998355,1.3704576946919864
0.3585936202531797,0.4638468749930624,-0.10525325473988267
1.646386264181022,1.8139453521624174,-0.1675590879813953
1.2315164514969394,1.2773046387524227,-0.04578818725548328
1.85141607596857,1.8894795737158852,-0.0380634977473151
0.3510709176245524,0.3403353360568732,0.010735581567679175
0.2389175492251946,0.23498865244126943,0.003928896783925162
2.002159461446477,2.1117111420263366,-0.10955168057985976
1.711920576871054,1.6719731365034307,0.03994744036762321
1.380993997855561,1.205958306134896,0.17503569172066502
0.7046424586975865,1.0377600346728204,-0.33311757597523395
2.132396249090641,2.1399663088269762,-0.007570059736335288
1.9983981108916669,1.9307277947110868,0.06767031618058006
2.29773295491431,2.3904442322477535,-0.09271127733344331
0.8291377609783632,0.6913148406247669,0.13782292035359633
0.8858338024080644,1.1896647381398242,-0.3038309357317598
1.2766119791405863,1.569404402652395,-0.2927924235118087
2.2132065308187445,1.9078482388298312,0.3053582919889133
1.3934489532180212,1.4011570296850442,-0.007708076467022984
1.650540929763276,1.2703050463193988,0.38023588344387727
2.366879430634569,2.2939235317379043,0.07295589889666454
0.9695193473834286,0.9463311340152012,0.023188213368227406
1.1210629246129242,1.0721728842907927,0.04889004032213151
0.2863774840547219,0.2433549948376365,0.0430224892170854
0.9734298869818292,0.9549170245959888,0.01851286238584038
1.8814707179078576,1.8359912300251426,0.04547948788271494
1.73369301407725,1.7916028739830223,-0.057909859905772354
2.0950087794159225,1.9374428175772413,0.1575659618386811
0.8481479559120038,1.0241733406380569,-0.1760253847260531
2.1082729684206085,2.0973894060528924,0.010883562367716149
1.525516687386676,1.4423328231033135,0.08318386428336244
1.2931944749197242,1.4477986687256685,-0.15460419380594437
0.5384151447476332,0.5736482920744506,-0.03523314732681737
0.97550043841827,1.0036984059928897,-0.028197967574619676
2.1000992613118084,2.1249614066074582,-0.024862145295649896
1.451844835909897,1.6682423249906937,-0.2163974890807967
1.1018101105506193,0.9452331165435947,0.15657699400702463
0.8203356565210785,0.9421755532269063,-0.12183989670582773
1.992177414185371,1.9307277947110868,0.06144961947428418
1.2943744179767127,0.8937422015050338,0.4006322164716789
2.079013995135664,1.151510125088126,0.927503870047538
0.3298274205141797,0.23786003453638904,0.09196738597779064
0.4025001629492005,0.4881502918362585,-0.08565012888705803
2.037024295532766,1.8785062971066337,0.15851799842613223
0.1828001774037349,0.16037504747872655,0.022425129925008336
0.6968982341787797,1.3911917498589574,-0.6942935156801777
1.805845858307085,1.7067247253524185,0.09912113295466662
0.1093498478171351,0.08381723621739413,0.025532611599740962
0.1095125985574266,0.1960946103626763,-0.08658201180524971
1.037399983731234,1.5186066438590664,-0.4812066601278324
1.3632722466412155,1.3524834195054491,0.010788827135766343
1.759624637684435,1.6554667617117031,0.10415787597273174
2.147667697309978,2.0524130960687152,0.09525460124126273
1.0120199043135465,0.9104305112218091,0.10158939309173742
0.7786307700174788,0.8722598508340259,-0.09362908081654708
1.799118826104976,1.8621375535611457,-0.06301872745616977
2.534173665907302,1.8072818822189323,0.7268917836883699
0.634103559667629,0.9421755532269063,-0.3080719935592773
0.5619823614221053,0.4881502918362585,0.07383206958584682
1.3344608384616998,1.4298473541405745,-0.09538651567887468
1.9519372843443945,2.1310779528752737,-0.17914066853087918
0.9066704225411248,1.2447610078536844,-0.33809058531255953
0.3659354886134085,0.4924130597640813,-0.12647757115067276
2.1621615581245672,2.2990966531553374,-0.13693509503077017
1.8649786410350944,1.892867981477144,-0.027889340442049715
0.8437265597458871,0.8079073113373118,0.03581924840857531
1.0158174224309062,1.0346805814720965,-0.01886315904119029
0.8021075695577516,0.807590504907922,-0.005482935350170304
0.2754098899548943,0.23786003453638904,0.03754985541850525
2.226497844229504,2.037496680180749,0.18900116404875478
1.3677524139572204,1.297256313121801,0.07049610083541946
2.191085987785124,2.463830036033797,-0.27274404824867293
2.5196345969053646,2.4570570417661495,0.06257755513921515
1.8385180765725837,1.8280228146922668,0.010495261880316908
1.1862943399160473,1.2148957394266007,-0.028601399510553405
0.6683128687081782,0.558896428938497,0.10941643976968118
0.0723873381415003,0.04556173508460021,0.026825603056900085
2.5547932854752538,0.9912634404998355,1.5635298449754182
2.30704591492664,1.8702839871584394,0.43676192776820044
0.4998974610220082,0.5837251851130324,-0.08382772409102418
2.2939354367969504,2.1212427729348957,0.17269266386205473
1.652946024570937,1.7560461016057243,-0.10310007703478719
1.436424199912809,1.2782605854478648,0.1581636144649441
0.3898779362808819,0.37415961968946804,0.015718316591413872
1.4080829604260607,1.4360828915332764,-0.02799993110721566
0.4821033762015706,0.46461327643038486,0.017490099771185763
1.6781045820984453,1.3697585659234779,0.3083460161749674
0.7893406751709131,0.7299250654335646,0.059415609737348496
2.548748902471789,2.421590690488764,0.12715821198302502
1.782219870482725,1.482935825410191,0.29928404507253403
0.2909661517798649,0.16271626881151904,0.12824988296834586
0.1366738947340184,0.38099353444991235,-0.24431963971589396
0.5037221043049446,0.4640000739013623,0.0397220304035823
1.464539396437475,1.4126049796975897,0.051934416739885414
0.1399831606305037,0.12460918696286237,0.01537397366764133
1.0829792427770204,1.2148957394266007,-0.13191649664958027
2.5374196400883324,2.212250348860613,0.32516929122771954
0.9584432528744626,1.1299563731379079,-0.17151312026344523
2.386246773033104,2.1792014199062675,0.20704535312683658
1.1928541003059625,1.1353515714052864,0.057502528900676086
0.8423024904518771,0.82981893043149,0.012483560020387086
2.421658629477484,2.3144009418956806,0.10725768758180321
0.6682902643613364,0.8937422015050338,-0.22545193714369738
0.8920499777892897,0.9610021079886374,-0.06895213019934765
0.6273855693561574,0.5288777039404542,0.09850786541570322
0.866520710087515,0.9330771702932245,-0.06655646020570949
0.5886282802122461,0.5781328416058596,0.010495438606386465
0.7315098993779066,0.8053670128396143,-0.07385711346170776
0.38356230187482,0.2847568675805614,0.09880543429425859
0.4934597637506037,0.6736176337439189,-0.18015786999331523
1.3523724655819134,1.4782251740917227,-0.12585270850980934
1.696585836936263,1.4038739596407663,0.29271187729549664
2.070894539370689,1.9835224650956738,0.08737207427501525
2.2491789743559303,2.1117111420263366,0.1374678323295937
1.3014540768249814,1.1148064146906211,0.18664766213436024
0.8888853793581566,0.9421755532269063,-0.05329017386874968
0.9683665294920164,1.0241733406380569,-0.05580681114604047
0.1032557353012525,0.09076957696494471,0.012486158336307784
0.6001519393203054,0.5436781892131088,0.056473750107196574
0.3097638664607957,0.3017780438693294,0.007985822591466296
2.262054368392404,2.141596596443529,0.12045777194887508
0.6814911606378963,0.7536584342439101,-0.07216727360601383
1.7158265953975522,1.662248801861859,0.05357779353569314
0.3586569122218023,0.3325354376921409,0.026121474529661404
0.8024918421882224,0.7887849279133012,0.013706914274921211
1.3871514023400664,1.4025640207832595,-0.015412618443193082
0.121755073667177,0.2591383992216113,-0.1373833255544343
1.271675205588019,1.3622066554365921,-0.0905314498485732
1.5631030751110675,1.3619708478334147,0.2011322272776528
1.3721692893046025,1.4474057597226255,-0.07523647041802306
0.7378707422244842,0.783450182670207,-0.04557944044572282
0.8501009650486689,0.9579264416239118,-0.10782547657524288
0.8651463703059233,0.807590504907922,0.05755586539800139
1.5215383352540857,1.2613675439212773,0.2601707913328084
0.8205616992299927,0.7297307888994244,0.09083091033056823
1.3483850715586856,1.4782251740917227,-0.12984010253303713
1.6877566073134014,1.7809981381955435,-0.09324153088214215
0.7450227346788448,0.7871471438946456,-0.04212440921580074
0.8998981818984999,1.5175121014786266,-0.6176139195801267
0.34362506967392,0.34879377306543125,-0.005168703391511265
1.574631255037862,1.8268213399528999,-0.2521900849150378
0.7641685551872003,0.6913148406247669,0.07285371456243339
2.049976543740898,2.115599012149205,-0.0656224684083071
2.093553064137601,2.044715776869441,0.04883728726816017
2.632136071132147,2.5777105019576907,0.05442556917445618
1.877854035071568,1.9224408220149665,-0.04458678694339846
2.1662755360850405,2.135916860484802,0.030358675600238527
1.8533329188085248,1.7085209833262083,0.14481193548231652
0.89028232348659,0.9117527605245378,-0.02147043703794782
1.191262759452926,1.1720053257763512,0.01925743367657473
0.2030762117098286,0.17352300766771986,0.029553204042108733
1.2135731783924146,1.436217688197179,-0.22264450980476447
1.209490846416253,1.0721728842907927,0.13731796212546032
0.3097005744921731,0.39544639423528644,-0.08574581974311335
0.0938161903390063,0.2967062906272687,-0.20289010028826243
2.055261423120891,1.9835224650956738,0.07173895802521724
1.622624650781947,1.5737688415997175,0.04885580918222954
1.1173060941173452,1.0425725251215703,0.07473356899577488
0.34409975943859,0.32501534605629423,0.019084413382295773
1.3589683927748746,1.4202198046281764,-0.06125141185330185
0.467817474567788,0.5254985936456743,-0.05768111907788631
1.2326014566009944,1.4165188436391836,-0.18391738703818916
1.6994791839647985,1.5946642055670563,0.10481497839774212
2.0393028064031813,2.032967627171175,0.006335179232006105
1.0502482533616342,1.0569394324982526,-0.00669117913661843
1.92639897500515,1.9091278654432202,0.017271109561929787
0.3466947301521191,0.4668964420638647,-0.12020171191174561
1.4687980418633009,1.50799198559433,-0.039193943731029135
1.1279391448459524,1.6800746518564926,-0.5521355070105403
1.373615962692286,1.5280821837869123,-0.15446622109462638
0.5205577679585728,0.6629403536830584,-0.1423825857244856
1.1371933347210657,1.0528189164546036,0.08437441826646208
1.604875774402025,1.6682423249906937,-0.06336655058866869
0.5588494089752835,0.42822097428507566,0.1306284346902078
2.27999311991869,1.6814595015823661,0.5985336183363237
0.1392417405351388,0.21485446287710028,-0.07561272234196148
0.5374567235808236,0.695622744168399,-0.15816602058757534
1.528699369345916,1.5476845386693978,-0.01898516932348171
2.218762661854502,2.200617702030276,0.01814495982422626
1.2255037144777865,1.683554699100039,-0.45805098462225247
0.3230777842183965,0.32566879417838346,-0.0025910099599869563
0.0756604369817718,0.12038188083416383,-0.04472144385239203
0.9619243111487092,1.0324765714329343,-0.07055226028422501
1.782884436153263,1.6750904575950127,0.10779397855825024
1.0838834138658446,1.2163391220496496,-0.13245570818380492
2.031997103073824,2.016284396326853,0.01571270674697134
1.180914522583121,1.1584135876728605,0.022500934910260506
0.2489719305987284,0.4640000739013623,-0.21502814330263387
2.125990198056716,2.379750105844036,-0.2537599077873196
0.987336036550708,0.9273736518975564,0.059962384653151624
0.7775141189291126,0.7299250654335646,0.047589053495547984
1.6124617689992748,1.8574292884394563,-0.24496751944018147
0.4488796134934076,0.42931226468905115,0.019567348804356455
0.7277756732291694,1.7916028739830223,-1.063827200753853
0.703155097434954,0.9452331165435947,-0.24207801910864069
2.043520762941387,1.919585400394743,0.12393536254664395
0.1606525092045378,0.1960946103626763,-0.035442101158138506
0.5446087160351845,0.5570799919494533,-0.012471275914268887
1.0350581808921953,1.0185474164705184,0.01651076442167687
1.1268134518669488,1.416023422888407,-0.2892099710214582
1.605540340072563,1.511447492114879,0.09409284795768391
1.6826254370362308,1.5347116329417374,0.1479138040944934
1.429710730420072,1.1292681681262045,0.30044256229386757
0.5289394329823408,0.5206057502489562,0.00833368273338464
0.7382369315800158,0.8179931201647316,-0.07975618858471578
1.145150039492582,1.0967126264274027,0.048437413065179236
0.6215265414398263,0.8366664148002876,-0.21513987336046125
0.0925141841635069,0.16037504747872655,-0.06786086331521965
1.7626942981626337,1.8173290674743183,-0.05463476931168465
0.684262444801089,0.7080214035742249,-0.02375895877313594
2.2472259639534253,2.2777490671383167,-0.030523103184891376
0.8970093556886992,0.8636072242349825,0.03340213145371673
1.5788627752981108,0.8204627185041509,0.7584000567939599
0.7778757872127415,0.7297307888994244,0.04814499831331709
0.5345769390084926,0.4175257348633669,0.11705120414512565
1.1251497774078203,1.0891353589371369,0.03601441847068343
1.0502120865585882,1.1069155505711736,-0.056703464012585414
1.6813234308607317,1.8359912300251426,-0.15466779916441098
0.6778699559702002,0.5781328416058596,0.09973711436434052
1.1321164147750484,1.1946018541296453,-0.06248543935459683
2.5577544457974826,2.379086494200976,0.1786679515965064
1.6330768672421558,1.6568544930935254,-0.023777625851369555
0.5207657273925478,0.4175257348633669,0.10323999252918087
0.6326794903736191,0.7318509180522637,-0.09917142767864451
2.1398511391850787,1.892867981477144,0.24698315770793466
0.1375464198385313,0.14143369594897187,-0.0038872761104405684
0.691509375208384,0.8998045935388099,-0.20829521833042597
0.1095080777386917,0.08381723621739413,0.025690841521297567
1.214933955717802,1.2896218732131077,-0.07468791749530568
1.7441497513561937,1.307935771580107,0.43621397977608667
0.6964145027766403,0.9048837572826742,-0.20846925450603393
1.5010769458608586,1.3312635441238616,0.169813401736997
1.0543622313221073,1.2865097881309235,-0.23214755680881627
1.5062985332722283,1.5347116329417374,-0.028413099669509112
0.2745102399379727,0.23086870241423757,0.04364153752373512
2.530267647633972,2.466826932352548,0.06344071528142425
0.3474542337755911,0.3458532243481067,0.0016010094274843678
2.0455777519216234,1.9638000014275472,0.0817777504940762
1.5804541161511467,1.5946642055670563,-0.014210089415909621
1.248985034836794,1.4099497549996654,-0.16096472016287144
2.144060055098486,2.1249614066074582,0.019098648491027603
1.4770576437685583,1.483705502846211,-0.00664785907765264
0.8962136852621811,1.0400774630948528,-0.14386377783267168
1.3726258955411654,1.7888371279054107,-0.4162112323642453
2.061337452108666,1.9638000014275472,0.09753745068111885
1.9083788477289665,1.8621375535611457,0.046241294167820746
1.1390468853392297,1.0930388626757543,0.04600802266347537
1.7167443289425808,1.9224408220149665,-0.2056964930723857
2.015939026824942,1.9152876476264906,0.10065137919845157
0.9403733958326924,0.949640392857257,-0.009266997024564572
0.7923063560587087,0.7871471438946456,0.0051592121640631206
2.313112903289617,2.463830036033797,-0.15071713274417986
0.3141084079489175,0.336548688884514,-0.022440280935596524
2.08187569592672,1.9152876476264906,0.16658804830022933
0.9843613140254428,0.9877590937988759,-0.0033977797734331405
1.4511712286018894,1.4320627703937336,0.019108458208155765
1.2189303913784992,1.324597054665013,-0.10566666328651375
0.3244476031812534,0.4361192264721426,-0.1116716232908892
0.8127406202863591,0.7279562802261437,0.0847843400602154
2.249215139386801,2.1455507385336783,0.1036644008531229
1.0975544790883398,1.3764526574292317,-0.2788981783408919
1.3007397816420252,1.297256313121801,0.0034834685202242976
1.067210500952508,1.020624226253439,0.04658627469906884
0.6253692679977018,0.5781328416058596,0.04723642639184211
0.4839117181260513,0.4881502918362585,-0.004238573710207194
1.3949905648118068,1.687419866131934,-0.2924293013201271
1.949536711114972,1.7886525819756698,0.16088412913930217
1.1323831451057431,1.4423328231033135,-0.30994967799757034
1.4656334434321676,1.3989823357161422,0.06665110771602545
1.889879509109874,2.0601760180085744,-0.17029650889870052
1.262751038012223,1.5280821837869123,-0.2653311457746892
2.247804632295828,2.1399663088269762,0.1078383234688518
1.3283215175053018,1.4103575666834849,-0.08203604917818308
0.6034431216886841,0.7497495589723009,-0.1463064372836168
0.6720877824786962,0.7208979195613684,-0.048810137082672234
1.3004504469644886,1.3619708478334147,-0.06152040086892607
2.007729154685271,1.9072741074557087,0.10045504722956244
1.494811040967215,1.5084453215561777,-0.013634280588962655
1.4006325916566935,1.5309939219490865,-0.13036133029239294
1.465854965322347,1.3936874727960127,0.07216749252633425
1.8562398277869288,1.7021598636266844,0.1540799641602444
0.1680004054918582,0.18263462739793054,-0.014634221906072331
1.2323121219234576,1.1046020921505046,0.12771002977295298
1.671395633424443,1.307935771580107,0.3634598618443361
1.207781963263441,1.2018386850583558,0.005943278205085223
0.1017367280543087,0.03453167566333994,0.06720505239096874
1.3353152800381058,1.6867024147161267,-0.35138713467802085
2.0788376814328324,2.0815940791115914,-0.002756397678759015
1.9564084087570903,1.8406107780369256,0.11579763072016469
0.3791951560398564,0.5254985936456743,-0.14630343760581793
2.261837368080463,2.037496680180749,0.22434068789971384
0.9491709794712424,1.0324765714329343,-0.08330559196169185
1.660093496206563,1.5810277886530797,0.0790657075534833
0.8381885124914041,0.4374212066464193,0.4007673058449848
0.5643467686079856,0.7497495589723009,-0.18540279036431528
0.8751645846232432,0.8507798026412987,0.024384781981944492
0.7299592461466514,0.7208979195613684,0.009061326585283025
0.3770115831223745,0.4361192264721426,-0.05910764334976809
2.4816594157317677,2.305859501157501,0.17579991457426658
2.1663704740379743,1.9300156544303158,0.23635481960765858
1.882302556656429,1.7677350775419478,0.11456747911448129
0.829847535089417,0.7320418361756883,0.0978056989137287
1.219762228861231,1.2270709210845339,-0.007308692223302771
2.5087845458648164,1.8072818822189323,0.7015026636458841
1.8556702000693248,2.0524130960687152,-0.19674289599939043
1.1710816630997665,1.2018386850583558,-0.030757021958589315
1.7883908374234343,1.7904420795430647,-0.00205124211963037
1.1104705615060977,1.157599967731089,-0.0471294062249914
1.6543068018963245,1.6591362385717483,-0.004829436675423793
1.0004163768171142,0.9452331165435947,0.0551832602735195
1.5861323100522473,1.50307242064877,0.0830598894034773
1.8006016665488735,1.6461926100299054,0.1544090565189682
1.2481622392446998,1.3049552574823962,-0.056793018237696336
0.732522570875869,1.4011570296850442,-0.6686344588091752
1.70816826719421,1.7067247253524185,0.001443541841791518
1.051830552577201,0.9104305112218091,0.14140004135539186
0.3653206524552889,0.3325354376921409,0.032785214763147996
1.8555752621163908,1.7682700049067834,0.08730525720960736
2.061979412419691,1.9524836968350017,0.10949571558468918
1.3670335979555293,1.378387164594873,-0.011353566639343837
1.95374110545014,1.831302841768108,0.12243826368203181
2.208961447342788,1.986859001328981,0.22210244601380702
2.704410977720989,2.5857613291019987,0.11864964861899008
1.1073918593904288,1.203801355974895,-0.09640949658446618
1.2420862102569243,1.092402465471036,0.1496837447858883
0.438214916780489,0.5178349157705424,-0.0796199989900534
0.5140748619934847,0.5837251851130324,-0.06965032311954766
2.360455295819369,2.1133123452429747,0.24714295057639424
2.368421043241026,2.4570570417661495,-0.0886359985251235
0.4937490984281404,0.6451106505819734,-0.15136155215383296
0.7979122161005491,0.7792078747695971,0.018704341330952
0.3700178205895703,0.24607231981572314,0.12394550077384714
0.4258729828990699,0.36787525043691205,0.057997732462157836
1.0284758161554386,0.9549170245959888,0.07355879155944978
0.7633005511545901,0.6828057508068305,0.08049480034775958
0.1565973023939526,0.23786003453638904,-0.08126273214243646
1.3814867711483385,0.9959182445000391,0.38556852664829944
1.5654448779501062,1.88927192430526,-0.3238270463551538
1.475601928490237,1.4038739596407663,0.07172796884947075
1.0501216694243891,0.9105968614081325,0.13952480801625666
1.912284866002296,1.6376107329513636,0.27467413305093236
0.4686131452474739,0.3415228432029839,0.12709030204449
1.8009542931950333,1.6750904575950127,0.12586383560002057
0.5398256515854386,0.5068715709005003,0.032954080684938325
1.6473446853478315,1.6440697908769815,0.003274894470850054
0.5140748619934847,0.4740103614012893,0.04006450059219541
2.43488665091962,2.304139028271426,0.13074762264819428
1.7892091121967943,1.2609449932833368,0.5282641189134576
0.4229344271768508,0.38099353444991235,0.04194089272693846
1.5977418654757711,1.511447492114879,0.08629437336089207
2.1401781485335225,2.0102874960283077,0.1298906525052148
1.3659847596545205,1.8909844307681993,-0.5249996711136788
1.6994023295399712,1.5647482355803999,0.13465409395957129
0.6472682891411429,0.5570799919494533,0.09018829719168953
0.0878305784854299,0.1134918035850251,-0.025661225099595203
0.514165279127684,0.5570799919494533,-0.042914712821769396
0.8385999102874515,0.8857482041470325,-0.04714829385958097
1.2312632836224489,1.4124405876419577,-0.18117730401950882
2.506433699869301,2.2772197408028303,0.2292139590664708
1.0185389770816804,0.9557824596642709,0.06275651741740951
0.3057900348937722,0.11522937855248117,0.19056065634129105
0.4642595618687145,0.6196100051628308,-0.15535044329411635
0.5908118531297282,0.4245731519361755,0.16623870119355266
0.2560967978875126,0.3922330091875452,-0.13613621130003262
2.080316002070667,1.8654871772310286,0.2148288248396384
1.0397417865702725,1.1241034109162777,-0.08436162434600525
0.8056564406193556,0.9112890608303748,-0.10563262021101916
1.255852213432353,1.151510125088126,0.1043420883442272
0.3986257904070137,0.46461327643038486,-0.06598748602337118
1.2337000244144214,1.2713794355837673,-0.03767941116934592
1.6055086940882517,1.5624007360595134,0.04310795802873835
0.1583016647280297,0.05953603900710129,0.09876562572092841
1.5285773062274053,1.5683782162101925,-0.03980090998278718
0.4618861130453647,0.5837251851130324,-0.1218390720676677
0.913609934742776,0.8588064926544863,0.05480344208828969
1.9738363054878356,1.986859001328981,-0.01302269584114546
0.9955639924716542,1.1429838687154545,-0.14741987624380037
0.7072781170328963,0.7438539628556797,-0.03657584582278339
0.7898018024793785,1.2782605854478648,-0.4884587829684863
1.2912279030736868,1.4307016841627063,-0.13947378108901942
0.2639721271622994,0.20739046537441239,0.05658166178788701
1.3607586514244163,1.205958306134896,0.15480034528952036
0.2912193196543556,0.31473499582181813,-0.02351567616746253
0.1298383621227707,0.12097632126077221,0.008862040861998488
2.2931940169547538,2.112608184437187,0.18058583251756666
1.131325265167265,1.4935385573119966,-0.36221329214473164
1.6161733908011702,1.416023422888407,0.20014996791276318
1.8543094227439372,1.596646645715038,0.2576627770288993
0.7698648323632399,0.7318509180522637,0.03801391431097623
2.1685630875802544,2.2866494548745777,-0.11808636729432331
2.202234414887511,2.502287225602809,-0.300052810715298
2.3198534979479306,2.163205246047813,0.15664825190011777
2.038457405451574,1.7085209833262083,0.32993642212536556
0.8919233938520446,0.9062338476975588,-0.014310453845514215
0.2977248299662854,0.3245940854614644,-0.02686925549517899
0.7793269816723281,0.9009511904283589,-0.12162420875603086
1.5962590250318731,1.2367845709585674,0.3594744540733057
1.6766579084575937,1.6104741966671077,0.06618371179048599
1.918975730895024,1.9290363883865915,-0.010060657491567593
1.25506106382457,1.1593406803883026,0.09572038343626743
2.0721784625244166,1.9673220482554261,0.1048564142689905
1.5295312065754805,1.5503055020889005,-0.020774295513420027
0.2888458708310057,0.3017780438693294,-0.012932173038323669
0.1657113458756161,0.2892855399867626,-0.12357419411114651
2.4758365546184824,2.301896713470216,0.17393984114826644
1.0009438098045804,0.9660549477474433,0.03488886205713715
0.998412131059674,1.1243554192132073,-0.12594328815353328
0.5173660443618632,0.30181738367387095,0.21554866068799222
0.1419135656734949,0.1305087983765395,0.011404767296955387
0.4829939845810226,0.6196100051628308,-0.13661602058180822
1.0018931893339205,1.0418423618146853,-0.039949172480764794
1.4466729780109455,1.307935771580107,0.13873720643083853
0.4877454030464571,0.5599928498903849,-0.07224744684392781
1.9514173863923767,2.4863155106034975,-0.5348981242111208
1.299907944412461,1.3676502077607031,-0.06774226334824207
0.1015965816608589,0.1305087983765395,-0.028912216715680603
2.3521459641485247,2.310259986673883,0.041885977474641845
0.5467922889526664,0.6452158846130075,-0.09842359566034109
1.373543629086194,1.428413973036038,-0.054870343949843914
1.0935399598995357,1.2613675439212773,-0.16782758402174158
1.42732371888735,1.4023285605739673,0.024995158313382726
1.3823683378903209,1.2967547008628886,0.0856136370274323
0.9640626756256752,0.9610021079886374,0.00306056763703777
2.5081787505846624,2.3033976534762166,0.20478109710844583
1.823359650087456,1.7809981381955435,0.04236151189191251
1.489349848137559,1.4782251740917227,0.011124674045836391
0.3013460346339816,0.6886988402099172,-0.38735280557593565
1.849404295175681,1.8154032915122864,0.03400100366339465
1.826280121268896,1.4935385573119966,0.33274156395689936
0.3460934564502039,0.336548688884514,0.009544767565689893
0.8611318511171192,0.8421514523094332,0.018980398807685983
1.8358598138904316,1.7904420795430647,0.045417734347366956
0.7388517677381353,0.8560093553714285,-0.1171575876332932
1.819227588345708,1.8678939866701145,-0.048666398324406446
1.438752440295643,1.4298473541405745,0.008905086155068576
1.88029077586354,1.9137824165617425,-0.03349164069820243
0.954677380741414,0.9797676255270085,-0.025090244785594518
1.9767341738414417,2.089287096468561,-0.11255292262711913
0.5638494744964739,0.6070618735055825,-0.04321239900910856
1.807441719978856,1.4307016841627063,0.3767400358161497
2.14378880344272,2.1249614066074582,0.01882739683526191
0.1675151669813619,0.17213733306898796,-0.004622166087626056
0.8936820065172746,0.715461075717973,0.17822093079930157
0.8538984831660288,0.9589864592145889,-0.10508797604856013
0.9827157228412536,0.974206892202544,0.008508830638709663
1.2320951208520132,0.9889126897772317,0.24318243107478155
1.791668457335609,2.127550853155873,-0.3358823958202639
1.9525385580463095,1.574822465559192,0.37771609248711746
1.8691197434016404,1.7359280008429292,0.13319174255871125
1.9439670178761768,2.0854123396616706,-0.14144532178549385
1.5224696312553188,1.6440697908769815,-0.1216001596216627
1.9017783992109345,2.07845368272736,-0.17667528351642559
2.482893609119909,2.1666243834917926,0.3162692256281163
2.027064851099494,1.8680775110648855,0.15898734003460868
1.3730734601402588,1.1292681681262045,0.24380529201405432
0.1500194584759305,0.14143369594897187,0.00858576252695864
1.1235403530266774,1.1239426819373672,-0.0004023289106898087
1.7286432190436414,1.4994580751391602,0.2291851439044812
1.8058820251101315,2.0729967893389545,-0.26711476422882297
1.034949680483057,1.2163391220496496,-0.18138944156659265
0.5532164237678666,0.5947441523925638,-0.041527728624697224
0.9262683284673084,0.9660549477474433,-0.03978661928013483
0.5535645295952912,0.4638468749930624,0.08971765460222886
0.2505271046487184,0.2668313018709508,-0.016304197222232364
1.4743044431334724,1.771597815986972,-0.29729337285349966
2.055293069105202,2.359400551646347,-0.3041074825411454
2.4898240796840905,2.6461932154748795,-0.15636913579078904
2.4515640846516917,2.3081181396194332,0.1434459450322585
0.8748662083082368,0.7952911042870847,0.07957510402115209
1.123920104838413,1.2014049046303292,-0.07748479979191614
2.488567280936435,1.986859001328981,0.5017082796074541
0.4499028337371966,0.4638468749930624,-0.013944041255865791
0.7388834137224467,0.7318509180522637,0.007032495670183048
0.6088319806590797,0.6210528800399779,-0.01222089938089821
0.1149828330245521,0.2713733880916175,-0.1563905550670654
2.4718491605952546,2.400705265208884,0.07114389538637056
2.4961849225306683,2.421590690488764,0.07459423204190418
1.0276078121228285,0.9549170245959888,0.07269078752683966
0.0703439116174681,0.11522937855248117,-0.044885466935013066
0.5432615011660016,0.43840349987815674,0.10485800128784484
1.965007075864974,1.6696843849370762,0.29532269092789787
1.216507213295899,1.0377600346728204,0.17874717862307854
0.5249610805965826,0.4760088762276981,0.04895220436888453
1.494304705218234,1.9377728931951324,-0.44346818797689824
1.5234551775877043,1.3809968212010217,0.14245835638668258
0.5920776925021815,0.49993194329202806,0.0921457492101534
0.6303693335188921,0.6629403536830584,-0.03257102016416624
0.5856852036712923,0.5068715709005003,0.07881363277079201
0.1163842979717203,0.1134918035850251,0.002892494386695199
0.2497314342222004,0.24407819957447519,0.005653234647725214
0.8991070322907166,0.9450333896658891,-0.04592635737517248
0.857777376780118,0.9104305112218091,-0.05265313444169106
1.934889139425385,1.8621375535611457,0.07275158586423935
0.8330935090172796,0.8275345372750951,0.00555897174218456
1.001682216189567,0.9452331165435947,0.056449099645972445
0.3399315311469639,0.4760088762276981,-0.1360773450807342
0.3391629858860224,0.4072812408537987,-0.06811825496777629
1.282041525985931,1.1881020455733138,0.09393948041261724
1.5916477529598885,1.6815123288314955,-0.08986457587160701
1.0868626572098448,1.0706538483289416,0.016208808880903147
1.6722817209851604,1.892867981477144,-0.2205862604919837
1.5843691765682824,1.50307242064877,0.08129675591951235
0.9578781459755936,1.151510125088126,-0.19363197911253227
1.9974442097840883,1.9420256292438345,0.05541858054025384
0.8530304791334183,0.8365707861079613,0.016459693025457023
0.6971152352502245,0.6497640358007256,0.04735119944949884
0.1745767423015235,0.20739046537441239,-0.03281372307288888
0.7551178036741597,0.7469024659981293,0.008215337676030443
0.24568074823035,0.41052266054775943,-0.16484191231740944
0.4942599549958565,0.6210528800399779,-0.12679292504412143
1.5509419754980471,1.4298473541405745,0.12109462135747262
0.6796828187134156,0.589450608487255,0.09023221022616068
0.9011323752866416,0.8825230825159258,0.01860929277071577
1.4263607769018056,1.859536771461713,-0.4331759945599074
0.3691633790131642,0.2847568675805614,0.0844065114326028
1.6259158331503254,1.6554667617117031,-0.029550928561377754
0.114358954975795,0.11690475126469613,-0.002545796288901128
0.120977486515598,0.2967062906272687,-0.17572880411167072
2.396269509434997,2.250499092543144,0.14577041689185322
1.5149378869892218,1.4867547340322396,0.02818315295698226
2.448856092203953,2.345892734330693,0.10296335787326027
0.7627444858931903,0.6638734771633288,0.09887100872986154
0.1118055761996945,0.40703681569718375,-0.29523123949748925
0.5096625077180053,0.5365901938881124,-0.0269276861701071
0.3168209209622226,0.23786003453638904,0.07896088642583354
0.8359235640771926,1.2618558033807303,-0.42593223930353774
0.8178763113822641,0.8421514523094332,-0.024275140927169092
1.6113044300359602,1.5624007360595134,0.048903693976446894
2.542889873795955,2.6251848927765664,-0.08229501898061153
2.379849762623976,2.3265720506295584,0.053277711994417665
0.3625810142764075,0.24607231981572314,0.11650869446068435
1.0486976001303792,1.2233608321057396,-0.1746632319753605
0.2206532954588217,0.14172694941116024,0.07892634604766147
0.4036891478968267,0.28830032946558865,0.11538881843123805
0.7621432121912751,0.8617119207015779,-0.09956870851030275
1.157157430002781,1.0385711567674556,0.11858627323532533
0.6208032046194005,0.6325431776906068,-0.011739973071206222
0.255047959586504,0.4361192264721426,-0.18107126688563857
2.336784099554493,2.295337524826861,0.0414465747276318
1.1539747482967089,1.0746924033853487,0.07928234491136021
0.1682113786362111,0.11690475126469613,0.05130662737151498
0.3587744545215782,0.6886988402099172,-0.32992438568833904
1.3611022364331058,1.6087897927948662,-0.24768755636176043
1.748159749726263,1.4310700609669216,0.3170896887593415
2.0543120435915507,1.6677474629422477,0.386564580649303
0.2033067752374774,0.2591383992216113,-0.05583162398413391
1.9074023437935528,1.8359912300251426,0.07141111376841014
1.1037390084852536,1.4935385573119966,-0.38979954882674295
0.2670915171529169,0.31926090811013047,-0.05216939095721357
1.4283002235822666,1.5528593036582767,-0.12455908007601013
1.85550292952297,1.8157280134606129,0.03977491606235706
1.4749057168353878,1.7855593831022067,-0.3106536662668189
2.406794057475956,2.2890690074719227,0.11772505000403344
2.1396612632792107,2.016992814660259,0.12266844861895176
1.5872806071249248,1.5190759179269948,0.06820468919792999
1.1199010648308745,0.9813618973935305,0.13853916743734396
0.8043906012469023,1.2782605854478648,-0.4738699842009625
1.2632257277768932,1.1584135876728605,0.10481214010403272
0.4085309834964603,0.2433549948376365,0.16517598865882377
0.8209098050574172,0.7978998194393644,0.023009985618052786
1.4237070350383887,1.4310700609669216,-0.007363025928532885
1.17328784036409,0.9892692859379827,0.18401855442610737
1.7892769249841518,1.4526660759453638,0.336610849038788
0.7298823917218242,0.9421755532269063,-0.21229316150508204
2.0990911113920845,2.02196343910081,0.0771276722912746
0.5030575386344067,0.39169090610883006,0.11136663252557666
2.212541965148207,2.0524130960687152,0.16012886907949175
1.3432358177534085,1.460550203559412,-0.11731438580600351
1.509463131703361,1.4511703042754318,0.058292827427929295
0.3964603010176387,0.34067063772703626,0.05578966329060242
2.187573283526566,1.919585400394743,0.2679878831318232
0.6093383164080611,0.8406205721985938,-0.23128225579053263
1.3320964312758197,1.1437261946223338,0.18837023665348585
0.548071690781324,0.73502805050805,-0.18695635972672597
1.710220735355712,1.7352293668375456,-0.025008631481833632
1.3550623742483767,1.5953516086557122,-0.24028923440733552
1.116722903943537,1.0931884758307673,0.023534428112769623
1.2024744795366071,1.460550203559412,-0.2580757240228049
1.6723902213942987,1.9091278654432202,-0.2367376440489215
1.451917169769157,1.826784649165869,-0.37486747939671194
1.6399485666564495,1.5946642055670563,0.045284361089393155
0.343055441956316,0.4072812408537987,-0.0642257988974827
1.481709603462324,1.4360828915332764,0.04562671192904766
1.2242695210896448,1.293871128144557,-0.06960160705491214
0.1438439707164861,0.1726537193401166,-0.028809748623630504
0.6539681961776757,0.6546585162674057,-0.0006903200897300232
1.6480499386401504,1.502612149532462,0.14543778910768834
1.4248643740017035,1.3312635441238616,0.0936008298778419
2.34646777075376,2.2407785368807374,0.10568923387302265
2.418403614671654,2.2700652528263534,0.1483383618453007
0.9353100383428794,0.9914146027592494,-0.05610456441637002
2.423747264442031,2.301896713470216,0.12185055097181507
2.3598223761331423,2.330349038862778,0.029473337270364386
1.949392043396452,2.127550853155873,-0.1781588097594209
1.0846429174893166,1.0072609506689605,0.07738196682035614
1.5217553360723624,1.6568544930935254,-0.13509915702116304
0.1481387829453577,0.2967062906272687,-0.14856750768191102
1.2158923768846113,1.0248739855483364,0.19101839133627485
2.0899725463321825,1.9139205066992178,0.17605203963296479
2.26447754698134,2.3904442322477535,-0.12596668526641341
2.560268040761114,2.212250348860613,0.3480176919005009
1.1853449603867074,1.248502198451712,-0.0631572380650045
2.0336246104767386,1.8928528454479359,0.14077176502880273
1.094647569350432,1.157599967731089,-0.06295239838065703
1.0818580708699197,1.3414265239766747,-0.259568453106755
1.2978102678104435,1.1881020455733138,0.10970822223712973
2.124077876795,2.09413749591496,0.029940380880039807
1.7029572285286667,1.6677474629422477,0.03520976558641897
1.4279385552986377,1.5386240526818413,-0.11068549738320366
0.947932265264366,0.8570220246593122,0.09091024060505382
0.1298745291789848,0.12097632126077221,0.00889820791821258
1.6785024174382883,2.1212427729348957,-0.4427403554966074
1.426998217406767,1.3577390827712876,0.06925913463547939
1.222836410158165,1.0859840351232395,0.13685237503492553
0.1325508751360758,0.2798812268970402,-0.1473303517609644
0.7421429501065139,0.7527016086846858,-0.010558658578171953
0.3253562950888125,0.39590766445151515,-0.07055136936270268
1.0642990703958657,1.1881020455733138,-0.1238029751774481
0.9070185283685496,0.8570220246593122,0.04999650370923736
1.7335121798088515,1.8928528454479359,-0.15934066563908433
1.217773052668352,1.2865097881309235,-0.06873673546257164
1.3777028154871829,1.2877737274246934,0.08992908806248945
1.414954660093522,1.3312635441238616,0.0836911159696605
0.0585896889817599,0.1450655501235698,-0.08647586114180991
1.809340479037536,1.7594181508992797,0.04992232813825637
0.906607130572502,0.9010736310185271,0.005533499553974863
0.6386334562428843,0.5886172662352531,0.050016190007631134
2.7265089179267745,2.3024237877178266,0.4240851302089479
0.1146347271971275,0.1726537193401166,-0.05801899214298911
1.1555660891497446,1.199248378037349,-0.0436822888876045
0.8632295277191366,1.0528189164546036,-0.18958938873546693
0.3347009020981247,0.578662692623573,-0.24396179052544825
2.076807816858669,1.9288227174057087,0.14798509945296057
0.9610246611317876,1.2865097881309235,-0.3254851269991359
0.0779823481677436,0.40703681569718375,-0.3290544675294401
1.7579790465002454,1.7320668980004785,0.025912148499766863
1.9258112635062712,1.9046199032345927,0.02119136027167845
1.299397087844745,1.2055131786943383,0.09388390915040667
0.8278402756215989,0.8179931201647316,0.009847155456867318
1.954166065449224,1.9029649735971732,0.051201091852050906
1.0755966867950106,1.2703050463193988,-0.19470835952438814
1.9859928850416249,1.9590634773721125,0.02692940766951235
0.6663734220277174,0.6452158846130075,0.021157537414709937
1.4973427197121216,1.6863228493934728,-0.18898012968135114
0.6812244303072014,0.6638734771633288,0.017350953143872583
0.3999549217480896,0.36787525043691205,0.03207967131117756
1.9738408270660737,1.9152876476264906,0.05855317943958305
1.570571527408542,1.4360828915332764,0.1344886358752655
1.0916231173127486,0.9623785076021093,0.12924460971063934
2.0545019194974183,2.006671950010502,0.0478299694869162
2.5390561906477243,2.4252308785245518,0.11382531212317248
0.9492704382429116,0.916723984123019,0.03254645411989254
0.7610582070872203,0.7208979195613684,0.04016028752585188
1.0278745424535232,1.1299563731379079,-0.1020818306843847
1.7211431207618555,2.089287096468561,-0.3681439757067053
0.5180532143792429,0.8406205721985938,-0.32256735781935086
1.5116647881489504,1.0672304912450927,0.4444342969038577
1.9048797056734448,1.88927192430526,0.015607781368184748
1.7819034106396117,1.7493285454280507,0.032574865211560944
1.3181631565413643,1.7985208879264813,-0.48035773138511706
1.5726918083574013,1.5040697588531378,0.06862204950426354
0.031469080426949,0.0677652788894542,-0.0362961984625052
0.930753016602048,0.854324268070755,0.076428748531293
1.4916147965517708,1.5399338678866434,-0.048319071334872676
1.5491698003766123,1.6532248909457332,-0.10405509056912088
2.3702655509558817,2.316481215943133,0.053784335012748485
0.5755223218886203,0.5005998194136423,0.074922502474978
1.9487093939446385,1.8459748751335996,0.1027345188110389
2.390044291150464,2.305146499436609,0.0848977917138547
1.687761128132136,1.620640175877704,0.06712095225443204
2.593668116412605,2.379086494200976,0.2145816222116288
1.2404406190727348,1.2270709210845339,0.01336969798820098
0.9726342163021432,0.578662692623573,0.39397152367857025
0.8701735609926904,1.0886993579445945,-0.2185257969519041
1.6219736475676136,1.4526660759453638,0.16930757162224985
2.1208228619891707,1.9341117191897692,0.18671114279940149
1.8021206737958173,1.566929036420173,0.2351916373756444
2.488083550546967,2.305825997604129,0.18225755294283807
0.9353100383428794,0.9660549477474433,-0.03074490940456387
1.1089832002434652,1.2148957394266007,-0.10591253918313548
0.5279629282874243,0.578662692623573,-0.050699764336148645
1.2093100121478546,1.199248378037349,0.010061634110505535
1.4659182572909697,1.4573950465081726,0.008523210782797053
1.4235623678262042,1.6867024147161267,-0.26314004688992254
1.1211352582190162,1.118941926520389,0.002193331698627121
1.8491511273011905,1.9374428175772413,-0.08829169027605088
1.4050087791291268,1.826784649165869,-0.4217758700367422
1.864327637567593,1.8675492685512585,-0.0032216309836654577
0.2771458982732828,0.32566879417838346,-0.04852289590510067
1.5918059828814453,1.3619708478334147,0.22983513504803055
1.9324750039929257,1.977923363205289,-0.04544835921236334
1.118983331285846,1.0569394324982526,0.06204389878759331
1.3609575689677538,1.507449543163303,-0.14649197419554927
0.6250528081545884,0.7299250654335646,-0.1048722572789762
0.9724624239243824,1.0166573824315654,-0.044194958507183024
1.3074668138441343,1.2618558033807303,0.04561101046340399
0.4690697514840369,0.695622744168399,-0.22655299268436208
0.3164095231661752,0.3815302743515936,-0.06512075118541838
1.181178239203438,1.3994774319925058,-0.21829919278906784
2.4575451756865325,2.305825997604129,0.15171917808240343
0.9236326701319983,1.0400774630948528,-0.11644479296285448
1.5095309444907188,1.5058050565173153,0.0037258879734034522
0.3112828737077396,0.4668964420638647,-0.1556135683561251
1.1153123971057313,1.034198836920243,0.08111356018548821
0.3809989771456021,0.3922330091875452,-0.01123403204194312
1.4046109440424517,1.2877737274246934,0.11683721661775825
1.5803501365607433,1.4994580751391602,0.08089206142158312
0.4645624592556235,0.39169090610883006,0.07287155314679344
1.7311613353323434,1.7287039125874566,0.002457422744886806
2.04646383948234,2.0729967893389545,-0.026532949856614696
1.686554059909571,1.5683782162101925,0.1181758436993785
1.3565497355110092,1.3989823357161422,-0.04243260020513295
0.3913246096685657,0.4301216289762569,-0.038797019307691194
0.2978694971784699,0.27520025846197815,0.022669238716491735
1.01267090752788,0.9273736518975564,0.08529725563032353
0.5007292982515724,0.5171877346338106,-0.016458436382238206
0.5762818255120923,0.5043867530568118,0.07189507245528048
1.9432798468461256,1.8621375535611457,0.0811422932849799
1.0325581481316002,0.9385526476672552,0.09400550046434497
1.663999514733061,1.8280228146922668,-0.16402329995920573
0.3339097524903414,0.16271626881151904,0.17119348367882234
1.889942801078496,1.8459748751335996,0.0439679259448964
2.279088948576698,2.2486148702617292,0.030474078314968622
2.1503711681794777,2.112608184437187,0.03776298374229059
0.9405903969041371,1.0036984059928897,-0.06310800908875258
0.5233335729405004,0.558896428938497,-0.03556285599799658
1.3156405194339276,1.3911917498589574,-0.07555123042502987
1.6897819503093268,1.648888507718143,0.04089344259118377
1.7401307113486544,1.6677474629422477,0.07238324840640664
0.2010508687139034,0.03335421611512891,0.16769665259877448
0.2991624617164997,0.4924130597640813,-0.1932505980475816
0.3678658936563997,0.3245940854614644,0.04327180819493531
1.8984691330612813,1.8253345535085908,0.07313457955269054
1.801523920912637,1.80587197128605,-0.004348050373413015
1.4531106752823502,1.378387164594873,0.07472351068747707
1.6931997166149504,1.6104741966671077,0.08272551994784272
1.1036305080761153,1.1200868592274809,-0.016456351151365567
2.111925818819448,1.919585400394743,0.19234041842470506
1.1443634107035334,1.3969599079784119,-0.25259649727487843
2.0680464007826687,1.9029649735971732,0.16508142718549546
2.124566128762706,2.305146499436609,-0.1805803706739031
1.7583271523276698,1.6230604755042128,0.13526667682345694
1.0643412651260031,0.9452331165435947,0.11910814858240848
1.297123097793064,1.1376000302842646,0.1595230675087993
0.1057738515899547,0.04556173508460021,0.06021211650535449
0.5034056444618313,0.6350667338817068,-0.13166108941987542
1.090067943262759,1.0385711567674556,0.051496786495303315
1.6027554934531658,1.5399338678866434,0.06282162556652238
1.532438116313388,1.4011570296850442,0.1312810866283438
1.018132100104368,0.9450333896658891,0.07309871043847882
1.6454820930921978,1.4298963056703007,0.21558578742189716
0.370022341408305,0.5599928498903849,-0.18997050848207991
0.0643492581264222,0.06692896925074668,-0.0025797111243244797
0.1370717300738613,0.10628157837816313,0.03079015169569818
1.3985710818577222,1.2877737274246934,0.11079735443302874
1.554811827221499,1.2107904770841311,0.3440213501373679
0.9303416188060004,0.8617119207015779,0.06862969810442254
0.5595004121896172,0.6452158846130075,-0.08571547242339028
1.5943060156420406,1.6235847390935065,-0.029278723451465982
1.100845661456718,1.0277736595282903,0.07307200192842767
2.27918840810787,2.4691774638295603,-0.18998905572169011
1.7754295463119931,1.6568544930935254,0.11857505321846773
0.4378984569373757,0.4245731519361755,0.013325305001200216
1.6257711656849734,1.390100397311319,0.2356707683736543
2.23691841369273,2.3024237877178266,-0.0655053740250966
1.9195544017691044,1.8359912300251426,0.08356317174396177
1.0916412008408556,1.1239426819373672,-0.03230148109651165
0.3709265124971294,0.5288777039404542,-0.1579511914433248
0.3839465745052907,0.4638468749930624,-0.07990030048777169
1.8219988727620684,1.7809981381955435,0.041000734566524866
1.0009121638202692,1.683554699100039,-0.6826425352797698
0.3295154814898011,0.4885204290275158,-0.1590049475377147
0.7086886238707021,0.7318509180522637,-0.02316229418156157
1.7368078829959646,1.6794805646261657,0.057327318369798874
0.2047308445314873,0.4374212066464193,-0.23269036211493202
0.3371466845275667,0.2892855399867626,0.04786114454080409
0.742974787336078,0.6828057508068305,0.060169036529247544
0.6418523050051705,0.8294841746718694,-0.18763186966669887
0.9145502726346464,1.0528189164546036,-0.13826864381995718
1.8823748892498495,1.6814595015823661,0.2009153876674834
0.5265885885058327,0.6446338518173891,-0.1180452633115564
1.2628776219494688,1.4867547340322396,-0.22387711208277072
1.3890230362331697,1.4320627703937336,-0.04303973416056395
0.4840699480476079,0.5570799919494533,-0.07301004390184546
1.4071787895904042,1.9029649735971732,-0.495786184006769
0.0797472900298361,0.08842958007769748,-0.008682290047861377
1.100013824227154,1.138129904919219,-0.03811608069206507
1.951706721829417,1.7297913118519415,0.2219154099774756
0.3243074567878036,0.24741421190200324,0.07689324488580035
0.7878081054677649,0.7443461386967808,0.04346196677098413
1.1024324814910196,1.2712617141080704,-0.16882923261705085
1.887790874145326,1.9240481516511758,-0.03625727750584984
1.7565866231905467,1.6440697908769815,0.11251683231356524
0.7906065145433664,0.7208979195613684,0.069708594981998
0.1212306543900887,0.1960946103626763,-0.0748639559725876
0.3136382390029824,0.4072812408537987,-0.09364300185081631
1.6874717934545995,1.4526660759453638,0.23480571750923573
2.4534492815073348,2.6251848927765664,-0.17173561126923165
2.1282687089271315,2.1212427729348957,0.007025935992235777
1.7525359371986966,1.4867547340322396,0.26578120316645704
2.250987314508236,2.4041305139343447,-0.15314319942610854
2.15175002928614,1.9911037192283518,0.16064631005778818
2.139471387373342,2.401594147187856,-0.2621227598145137
1.9724303199751003,1.8675492685512585,0.10488105142384185
0.1794592655229381,0.21485446287710028,-0.03539519735416219
1.5701104001000763,1.428413973036038,0.1416964270640384
0.8911638902285725,0.7828168507426626,0.10834703948590985
1.5515839368217434,1.50307242064877,0.048511516172973446
1.964943783896351,1.9374428175772413,0.0275009663191097
0.9229409792958836,0.916723984123019,0.006216995172864559
0.919581984140148,0.807590504907922,0.11199147923222608
2.27243425124652,1.977923363205289,0.29451088804123104
0.8315745017703357,0.8567043558197691,-0.025129854049433464
0.7738251012208911,0.7208979195613684,0.052927181659522704
1.1193630830975818,0.8738688703285704,0.2454942127690114
1.0677484826858006,0.9421755532269063,0.1255729294588943
1.453870178905822,1.7112590749042378,-0.25738889599841586
2.2899751671797954,1.6987060277286838,0.5912691394511116
1.170692869650561,1.2014049046303292,-0.030712034979768266
1.1561809253078643,1.171145664891073,-0.014964739583208653
0.9326201296764164,0.7663380865512731,0.16628204312514328
0.1877776385780834,0.2954506010884747,-0.1076729625103913
1.1235222694985705,1.1243554192132073,-0.0008331497146367717
1.198966296096784,1.204402680099241,-0.00543638400245694
1.0088553058824132,0.9557824596642709,0.053072846218142344
1.5376325785591811,1.6461926100299054,-0.10856003147072424
0.4915790879668629,0.6532090871982151,-0.16162999923135224
1.65205993701022,1.4474057597226255,0.2046541772875945
1.5199063065261007,1.9571589833888465,-0.4372526768627458
0.7620347117821369,0.9112890608303748,-0.14925434904823787
2.2629947047652665,2.1297388408278275,0.13325586393743905
2.181076816117945,2.037496680180749,0.14358013593719576
1.299492025797679,1.2459773359670216,0.053514689830657325
0.0703619951455751,0.2713733880916175,-0.20101139294604237
1.692028815195431,1.6937539250703852,-0.0017251098749542226
1.2754094317367557,1.2163391220496496,0.05907030968710614
1.3741946323005274,1.307935771580107,0.06625886072042042
0.134250716651418,0.11762282908350029,0.016627887567917707
0.0946480275685705,0.03453167566333994,0.06011635190523056
1.151479236354848,1.126931355075287,0.02454788127956098
0.4798248653311547,0.4760088762276981,0.0038159891034565963
1.3620425743249764,1.4298963056703007,-0.06785373134532424
1.3461065606882698,1.5888454615163026,-0.24273890082803273
0.9449937095421468,0.9579264416239118,-0.012932732081765042
1.1725283367406183,1.5280821837869123,-0.355553847046294
1.552628254304017,1.5624007360595134,-0.009772481755496276
0.8104982762189893,0.7279562802261437,0.08254199599284562
0.464707126467808,0.5096520521280953,-0.044944925660287294
1.4130378175067353,1.4935385573119966,-0.08050073980526129
2.219124329884964,2.119937807532253,0.0991865223527113
1.1761676249364212,1.4038739596407663,-0.2277063347043451
1.297195431399156,1.3556445867490352,-0.058449155349879156
1.8374195077464848,1.9240481516511758,-0.08662864390469105
2.127635789240905,2.2634950984661497,-0.13585930922524492
1.9885968963799523,1.9747997860496311,0.01379711033032116
0.407455020029875,0.42931226468905115,-0.021857244659176156
1.6003503986455043,1.5399338678866434,0.06041653075886089
0.6592937631794488,0.9836690757304295,-0.32437531255098073
1.1715789572112782,1.0891353589371369,0.08244359827414138
1.8912086404509492,1.7594181508992797,0.1317904895516695
1.0238102940054683,0.9385526476672552,0.08525764633821309
1.2616434285613267,1.2018386850583558,0.059804743502970936
0.8131022885699881,1.2447610078536844,-0.43165871928369626
0.3679608316093338,0.43840349987815674,-0.07044266826882295
0.1478630107240252,0.1305087983765395,0.017354212347485687
1.2287677716805885,1.1733242495313292,0.055443522149259294
1.3785753405916954,1.6987060277286838,-0.32013068713698845
1.137338002186418,1.2723785394747635,-0.13504053728834564
0.3070317630641948,0.555765030786756,-0.2487332677225612
1.202944648482542,1.3676502077607031,-0.16470555927816122
0.0931154578654223,0.06112244135285617,0.031993016512566134
1.911620300331758,1.7809981381955435,0.13062216213621447
2.4915329628369025,2.200215056509441,0.29131790632746135
1.8009271680294567,1.9091278654432202,-0.10820069741376348
0.0036522602172889,0.11522937855248117,-0.11157711833519227
2.510231217986661,2.4534577988084547,0.05677341917820611
1.8362395657021675,1.6623100998308058,0.1739294658713617
0.8349922680759595,0.7792078747695971,0.05578439330636242
2.1774239631874277,2.031899694706459,0.14552426848096855
1.204933824675421,1.3675960728389098,-0.16266224816348873
1.6098215895920622,1.4526660759453638,0.15715551364669844
0.9714768775919962,1.1447075301773693,-0.17323065258537307
1.1231967680179875,0.9105968614081325,0.21259990660985506
1.7657006666722102,1.5280821837869123,0.23761848288529785
1.8991517825130937,1.7085209833262083,0.1906307991868854
0.6579827153664798,0.6202555330174683,0.03772718234901151
1.995251596241809,2.006671950010502,-0.011420353768693214
1.0309351612942528,1.0967126264274027,-0.06577746513314997
1.1378805047384457,1.2865097881309235,-0.14862928339247783
1.5055525921049608,1.4115749648389295,0.09397762726603132
0.3320742854002841,0.31987071860600086,0.01220356679428325
0.3989196459032851,0.34067063772703626,0.05824900817624884
0.181412274912771,0.1960946103626763,-0.014682335449905298
2.4915646088212138,2.3594241124014834,0.13214049641973036
0.6716537805889748,0.8560093553714285,-0.18435557478245368
1.121750094377136,1.1967893583880318,-0.07503926401089589
0.92297714609893,0.9579264416239118,-0.03494929552498183
0.5860830390111353,0.5331364617976913,0.05294657721344409
0.0880837463599206,0.09076957696494471,-0.0026858306050241143
2.283682137880079,2.1927266773304104,0.09095546054966874
0.971291522504863,1.1299563731379079,-0.15866485063304492
0.9740447231399488,0.916723984123019,0.0573207390169298
1.7808184055355567,1.4310700609669216,0.34974834456863513
1.0531280379339656,1.179530802310249,-0.1264027643762835
0.9209879699060508,0.9589864592145889,-0.03799848930853811
0.3296375446083117,0.28830032946558865,0.04133721514272304
1.6261418758592394,1.5084453215561777,0.1176965543030617
2.292416429550007,2.4570570417661495,-0.16464061221614257
0.4196432448084723,0.5005998194136423,-0.08095657460516997
2.0502613575997004,1.9224408220149665,0.12782053558473394
1.7560441206385191,1.9240481516511758,-0.1680040310126567
0.1154439603330177,0.1960946103626763,-0.08065065002965861
0.8020487984078639,0.9836690757304295,-0.18162027732256558
1.113648722393435,1.0289928851787802,0.08465583721465486
2.437101869821413,2.310259986673883,0.12684188314752998
0.8334642191915461,0.7320418361756883,0.10142238301585782
0.623334883364307,0.458843817061949,0.164491066302358
1.8438210397338504,1.7682700049067834,0.07555103482706693
0.8732206171240476,0.8179931201647316,0.05522749695931606
1.152672742121209,1.203801355974895,-0.051128613853685945
0.740054315141966,0.7805158510036011,-0.040461535861635145
1.3518073586830444,1.3556445867490352,-0.0038372280659908498
0.4679259752300942,0.5342666940505106,-0.06634071882041642
0.2024206876767603,0.48945544949297215,-0.28703476181621185
1.0680332965446029,1.0706538483289416,-0.0026205517843387316
1.027897146800365,0.9105968614081325,0.11730028539223258
0.6790092114054082,0.6083599429801013,0.07064926842530683
2.2683112301295703,2.0815940791115914,0.1867171510179788
1.0395835566487155,0.9959182445000391,0.043665312148676416
0.9197582975898114,0.9009511904283589,0.018807107161452508
0.8779855982988543,1.0166573824315654,-0.1386717841327112
2.1859231707641387,1.8702839871584394,0.3156391836056993
1.9251602600387696,1.6087897927948662,0.3163704672439034
1.1698881575865734,1.0228603347963587,0.14702782279021465
2.0210521140803417,1.6696843849370762,0.35136772914326553
0.3050486147984073,0.2798812268970402,0.025167387901367078
0.7406239428595699,1.0930388626757543,-0.35241491981618445
1.5387537507194498,1.4126049796975897,0.12614877102186006
0.9419285698826824,0.9797676255270085,-0.0378390556443261
0.648687837616418,0.6452158846130075,0.0034719530034105217
1.502627599092114,1.4360828915332764,0.06654470755883768
1.0006635167645133,1.1376000302842646,-0.13693651351975134
1.126166969724518,0.9390328625504596,0.18713410717405843
0.3535664295664127,0.32566879417838346,0.02789763538802925
1.769100349449727,1.6582885072105145,0.11081184223921259
2.2384012559088027,2.064000857852233,0.17440039805656982
1.916841887743128,1.9449264884905157,-0.028084600747387833
1.836298336092552,1.7289344199166892,0.10736391617586283
1.3107263502282016,1.3631596783492528,-0.05243332812105117
0.7526494168978758,0.715461075717973,0.03718834117990277
1.184363934873056,1.5647482355803999,-0.38038430070734397
0.3837205317963766,0.34879377306543125,0.03492675873094536
1.7194794460495595,1.664677420489359,0.05480202556020042
0.1358782243075003,0.16217439225319313,-0.02629616794569284
0.447392252230775,0.695622744168399,-0.24823049193762398
1.576982099767538,1.7682700049067834,-0.19128790513924554
2.2140971399577007,2.1773406354535867,0.03675650450411405
0.8504626335854658,1.2703050463193988,-0.41984241273393297
2.4356778005274027,2.2939235317379043,0.14175426878949837
0.7339149941855678,0.7706412409915719,-0.036726246806004115
0.1231791429611869,0.08842958007769748,0.03474956288348942
0.8463531764437277,0.809794218127669,0.0365589583160586
0.2411237264895182,0.3815302743515936,-0.1404065478620754
0.7604026830541519,0.8617119207015779,-0.10130923764742594
1.8461131128073027,1.8250301503572477,0.02108296245005503
1.905051497798038,1.7560461016057243,0.14900539619231368
1.3293658349875754,1.2618558033807303,0.0675100316068451
1.193034934574361,1.1967893583880318,-0.0037544238136708596
1.1689839864977492,1.0569394324982526,0.11204455399949653
1.9733344913170925,1.8253345535085908,0.14799993780850174
1.3272772000230275,1.1148064146906211,0.21247078533240638
2.480465908952735,2.3081181396194332,0.17234776933330176
2.0864281960893134,2.064000857852233,0.02242733823708054
2.16299339434146,2.108901213211681,0.05409218112977898
0.4239470986748134,0.5140208016477872,-0.09007370297297379
0.7013512763292078,0.6638734771633288,0.03747779916587901
2.420329498136407,2.458912319830353,-0.03858282169394611
0.2224978041863485,0.11690475126469613,0.10559305292165239
0.3495112227558276,0.3403353360568732,0.00917588669895436
2.584626408056041,2.425096293877946,0.15953011417809515
2.3080947539871524,2.212250348860613,0.09584440512653947
0.2027055015355621,0.2949971836995128,-0.09229168216395067
1.4010123434684294,1.7226211149625426,-0.32160877149411315
2.147541113372732,1.8928528454479359,0.25468826792479615
1.68996730539646,1.9137824165617425,-0.22381511116528263
1.5252544778747157,1.5648869601549251,-0.039632482280209436
2.185995505889238,2.463830036033797,-0.27783453014455883
0.7822700582132819,0.9404572329276943,-0.15818717471441246
1.7775362648046482,1.986859001328981,-0.20932273652433286
1.4350317766031104,1.3685196249752658,0.06651215162784463
1.7274406716398107,1.892867981477144,-0.16542730983733334
2.0405143944318103,1.9139205066992178,0.1265938877325925
1.3785225973688997,1.3675960728389098,0.010926524529989878
0.6010561104091297,0.42822097428507566,0.172835136124054
0.3635484773338543,0.4924130597640813,-0.12886458243022697
0.2050292208464938,0.16901960540288644,0.03600961544360737
0.2254996518771901,0.1726537193401166,0.05284593253707348
0.7219618537533542,0.7805158510036011,-0.0585539972502469
2.2658518865097634,2.295337524826861,-0.029485638317097607
0.4521075038931634,0.5436781892131088,-0.09157068531994544
0.2142155981874172,0.19581698811170367,0.01839861007571353
1.7223140221813753,1.6987060277286838,0.02360799445269146
0.4086485257962361,0.34067063772703626,0.06797788806919985
0.7648918920076261,0.6828057508068305,0.0820861412007956
2.195927823384758,1.6987060277286838,0.49722179565607405
2.264983882730321,2.1666243834917926,0.09835949923852816
1.2186998278508503,1.2896218732131077,-0.07092204536225744
1.180231873384476,1.1062589651147796,0.07397290826969649
2.1224142018295358,1.892867981477144,0.2295462203523917
1.0367580224075377,0.9273736518975564,0.10938437050998129
1.277624650638549,1.1856721584854437,0.09195249215310519
1.8351003102669596,2.1276064609226744,-0.2925061506557147
1.3041439854914445,1.2107601826926602,0.09338380279878433
2.292687681205772,2.108901213211681,0.18378646799409104
0.9313226443196518,0.7887849279133012,0.1425377164063506
0.8120172834659333,0.7792078747695971,0.032809408696336195
2.3597590841645197,2.316481215943133,0.04327786822138657
0.4063338481227742,0.41006939352526106,-0.003735545402486884
1.946354028902564,2.212250348860613,-0.26589631995804885
2.349917183043696,2.356062173920117,-0.006144990876421286
1.8869680785532312,1.7886525819756698,0.09831549657756145
0.7805521334230004,0.7297307888994244,0.050821344523576006
1.1729080885523542,1.0706538483289416,0.10225424022341256
0.7445163989298638,0.8406205721985938,-0.09610417326873
1.5096530076092296,1.6937539250703852,-0.18410091746115564
0.3108895594397993,0.3922330091875452,-0.08134344974774593
0.0482730980962659,0.09076957696494471,-0.042496478868678814
2.1331195851515634,1.8680775110648855,0.2650420740866779
1.140520684145658,1.1534916374283195,-0.012970953282661402
0.639166917157442,0.695622744168399,-0.05645582701095697
1.2548802295561716,0.9892692859379827,0.26561094361818893
1.4641460821695351,1.6474307114797027,-0.18328462931016754
0.7107817796539846,0.9112890608303748,-0.20050728117639016
1.0490547475952734,0.9404572329276943,0.10859751466757905
0.6934262177951708,0.7318509180522637,-0.03842470025709288
2.217478738700774,2.032967627171175,0.18451111152959898
1.5001592123158305,1.4474057597226255,0.052753452593204964
1.9401694997588173,1.52136832386486,0.41880117589395716
1.8215241829973985,1.4526660759453638,0.3688581070520347
1.545444615865345,1.5810277886530797,-0.03558317278773471
1.984057958420396,1.9911037192283518,-0.007045760807955936
1.4437977142573493,1.7855593831022067,-0.3417616688448575
1.5612133576898577,1.8715557149025226,-0.3103423572126649
1.01686173991318,1.1200868592274809,-0.10322511931430078
2.304283673666756,2.296193848256189,0.00808982541056702
1.9546362336356555,1.9780530599512214,-0.023416826315565853
2.49037562362042,2.4534577988084547,0.03691782481196526
1.9644374481473703,1.8015379994173608,0.1628994487300095
0.976431734419503,0.9549170245959888,0.021514709823514222
1.171696499511054,1.1400543480199317,0.03164215149112226
2.160167861112954,2.1276064609226744,0.03256140019027942
1.2087946347614036,1.2014049046303292,0.007389730131074357
2.0861795497930613,2.24742663650967,-0.16124708671660848
1.0346965126085663,1.3991714362629921,-0.3644749236544258
0.6132805019907733,0.9199321383547542,-0.30665163636398085
1.54152051381074,1.5399338678866434,0.0015866459240965192
0.0976788088031162,0.40703681569718375,-0.30935800689406756
0.616318516484661,0.6325431776906068,-0.01622466120594579
1.8851959034317964,2.037496680180749,-0.1523007767489526
0.3161247093073732,0.2668238049154662,0.049300904391906986
0.4192815765248434,0.36787525043691205,0.05140632608793133
0.616318516484661,0.49993194329202806,0.1163865731926329
0.328624873110349,0.4169871314933424,-0.08836225838299339
1.408987131514885,1.297256313121801,0.11173081839308407
0.9003005380570775,0.8079073113373118,0.0923932267197658
1.2278771633011365,1.1967893583880318,0.0310878049131047
1.3598092718950765,1.522911597881529,-0.16310232598645258
0.6741492922776675,0.8294841746718694,-0.1553348823942019
0.4409364714312634,0.4072812408537987,0.03365523057746472
1.8674018196240303,1.9137824165617425,-0.04638059693771224
1.1535407461538194,1.3697585659234779,-0.21621781976965848
0.9595418206878896,0.9390328625504596,0.020508958137430033
0.4057913453175788,0.5438527780020787,-0.13806143268449983
2.108046924952191,2.016992814660259,0.09105411029193222
1.7791908976263069,1.596646645715038,0.182544251911269
1.229744276375505,1.5280821837869123,-0.2983379074114072
1.011038878799895,0.8685777547818043,0.14246112401809063
0.9082527217566913,0.8617119207015779,0.04654080105511338
1.8385406819320964,1.6635714301373068,0.17496925179478962
0.7048639805877657,0.82981893043149,-0.12495494984372435
0.2227509720608392,0.19534846341612103,0.02740250864471816
1.1975919563151924,1.1353515714052864,0.06224038490990602
2.126528179790008,2.0854123396616706,0.04111584012833758
0.288936287965205,0.16271626881151904,0.12622001915368594
1.2407028285846953,1.1376000302842646,0.10310279830043068
1.2712954537762826,1.2712617141080704,3.373966821218488e-05
0.418056424774171,0.4146630724075412,0.0033933523666297982
1.4254113973724656,1.2979647012132323,0.12744669615923332
2.358429952823444,2.4706600024010874,-0.1122300495776436
1.5328223889438588,1.4477986687256685,0.08502372021819027
1.4688432503038165,1.4477986687256685,0.021044581578147925
0.1857432539446886,0.24407819957447519,-0.05833494562978658
0.7922068972870399,0.8617119207015779,-0.06950502341453801
0.387599425410466,0.7828168507426626,-0.3952174253321966
0.3690096699103424,0.4475740384959336,-0.07856436858559118
2.501515010098008,1.986859001328981,0.5146560087690271
2.017476117853161,1.8894557581466778,0.12802035970648307
1.521697469238122,1.503965848432876,0.01773162080524604
1.4842503238447,1.3697585659234779,0.11449175792122213
2.413267922056742,2.289668843412221,0.12359907864452069
1.1898386901589164,1.6966284282394937,-0.5067897380805773
2.06194324738882,1.9791914771552992,0.08275177023352076
0.1780125921352542,0.21485446287710028,-0.03684187074184608
0.2656493643307999,0.28830032946558865,-0.02265096513478876
0.7422378880594479,0.6828057508068305,0.05943213725261742
0.9730636976262976,0.8204627185041509,0.15260097912214676
1.169960491192665,1.118941926520389,0.05101856467227606
0.1422300255166082,0.12038188083416383,0.02184814468244438
1.5794052778501382,1.4423328231033135,0.13707245474682472
0.3825722347236991,0.5746631388066775,-0.1920909040829784
0.1643632269439533,0.40703681569718375,-0.24267358875323045
1.283637387657702,1.1584135876728605,0.12522379998484157
0.8165019716006725,0.7706412409915719,0.045860730609100564
2.3960570281696163,2.305146499436609,0.0909105287330072
1.1755347052501948,1.1593406803883026,0.016194024861892142
1.6446502558626337,1.664677420489359,-0.02002716462672538
0.562140591343662,0.5772027582411778,-0.015062166897515827
0.748074311628937,0.9959182445000391,-0.24784393287110207
0.7928126918076899,0.7469024659981293,0.04591022580956061
1.5988946833671835,1.4994580751391602,0.09943660822802336
1.600097230771014,1.4202198046281764,0.17987742614283753
2.196022761337692,2.1310779528752737,0.06494480846241846
0.6756230910840958,0.42822097428507566,0.24740211679902013
2.431676844301139,2.3081181396194332,0.12355870468170593
1.2640168773846765,0.9813618973935305,0.28265497999114597
1.600065584786703,1.436217688197179,0.1638478965895238
0.445249366935074,0.28830032946558865,0.15694903746948535
0.5759924908345555,0.7305547168811326,-0.1545622260465771
1.3495288478126282,1.293871128144557,0.055657719668071204
0.4000182137167122,0.5140208016477872,-0.11400258793107498
0.7664470660576164,0.688211431915615,0.07823563414200141
0.7557507233603863,0.41006939352526106,0.34568132983512523
1.686929290902572,1.8678939866701145,-0.1809646957675426
1.0458720658892011,1.0248739855483364,0.0209980803408647
1.5081204379060813,1.6155283631232797,-0.10740792521719844
2.530742337398642,2.4534577988084547,0.07728453859018725
0.5355217977190976,0.4740103614012893,0.061511436317808255
1.4200948720081623,1.433590740318372,-0.013495868310209769
0.5188805307900722,0.4175257348633669,0.10135479592670532
0.8254713476169836,1.4423328231033135,-0.6168614754863299
0.9483798298634591,0.9330771702932245,0.015302659570234689
0.1742874076239868,0.14143369594897187,0.03285371167501494
1.1738665097191638,1.2270709210845339,-0.05320441136537002
1.7911123920742091,1.6376107329513636,0.15350165912284552
1.0707232052110658,1.151510125088126,-0.0807869198770601
2.041255814274008,2.2817567260745193,-0.24050091180051147
1.881760053344898,1.431132841170514,0.45062721217438395
0.5152728885785806,0.49129283875914836,0.023980049819432192
0.9818205936430668,0.974206892202544,0.007613701440522869
2.2203901692574166,2.177662261824225,0.04272790743319144
0.2024613752985411,0.12092579944666587,0.08153557585187524
1.9519960547347783,1.7888371279054107,0.1631589268293676
1.832464652944321,1.7888371279054107,0.04362752503891021
0.0897293375441097,0.11509545756347604,-0.025366120019366348
0.8948348244086869,0.7952911042870847,0.09954372012160217
0.803124761874449,0.9117527605245378,-0.10862799865008876
2.437829727460574,2.301896713470216,0.13593301399035784
1.4828488588975317,1.4023285605739673,0.08052029832356444
1.8710185024603203,1.8139453521624174,0.05707315029790294
1.1775193606243388,1.1534916374283195,0.024027723196019313
2.047381573027369,1.9911037192283518,0.05627785379901695
1.6887737996300989,1.8359912300251426,-0.14721743039504376
0.0729479242216347,0.1726537193401166,-0.09970579511848192
2.699419955356276,2.6251848927765664,0.07423506257970969
1.2043009049891946,1.248502198451712,-0.04420129346251733
1.1308822213869063,1.1004803792751028,0.030401842111803523
1.9288673617814336,1.8157280134606129,0.11313934832082073
1.0444977258544417,1.0036984059928897,0.04079931986155194
1.5038889176458323,1.709899367253711,-0.20601044960787873
1.913993749155108,1.9638000014275472,-0.04980625227243918
1.2095993468253914,1.204402680099241,0.0051966667261504895
2.4671926793232504,2.4041305139343447,0.06306216538890563
0.4171115660635658,0.36787525043691205,0.04923631562665376
1.2944919602764886,1.034198836920243,0.26029312335624555
1.7698462906169945,1.5953516086557122,0.17449468196128226
1.9890308995355128,2.006671950010502,-0.017641050474989317
1.8743096848286984,2.048655282623729,-0.17434559779503056
1.366527262206548,1.3010083267890595,0.06551893541748854
2.5235767827412445,2.458912319830353,0.06466446291089145
1.8861452829611365,1.7836623844133457,0.1024828985477908
0.8955626820478476,0.8692132498967134,0.026349432151134167
1.4056643031621952,1.9772147585249353,-0.5715504553627402
2.384442951927358,2.2817567260745193,0.10268622585283849
2.369854153159834,2.2990966531553374,0.07075750000449643
0.4243087672116102,0.4839343951861685,-0.05962562797455828
1.2316249519060778,1.034198836920243,0.19742611498583473
1.865448809221526,1.7011114326465808,0.16433737657494518
1.9655767035825775,1.8250301503572477,0.14054655322532983
0.5983797641988711,0.6546585162674057,-0.05627875206853461
1.987349140788774,1.9835224650956738,0.0038266756931002455
1.195060277570286,1.126931355075287,0.06812892249499902
0.1700784917105797,0.17213733306898796,-0.0020588413584082532
0.6767623465193036,0.7544941445177866,-0.07773179799848307
1.0312606627748355,0.9385526476672552,0.09270801510758031
0.8576381344491483,1.5186066438590664,-0.6609685094099181
2.184801999110206,1.8654871772310286,0.31931482187917726
1.1714840192583442,0.9105968614081325,0.26088715785021177
1.341644476900372,1.3164214462676798,0.025223030632692156
1.4251537086792403,1.9772147585249353,-0.552061049845695
0.647458165047011,0.6886988402099172,-0.04124067516290619
1.483852488758025,1.4684884276061694,0.015364061151855513
1.717535478550364,1.6794805646261657,0.03805491392419835
1.0913247409977422,0.9912634404998355,0.10006130049790674
0.4453985552191611,0.37415961968946804,0.07123893552969307
2.4227436335688664,2.0815940791115914,0.3411495544572749
1.1963261169427393,1.1437261946223338,0.052599922320405446
2.361278091411464,2.330349038862778,0.030929052548686276
0.2831495936549661,0.28830032946558865,-0.005150735810622531
2.273591590463003,2.1455507385336783,0.1280408519293248
1.371739807980448,1.237495421928866,0.13424438605158184
1.4838298844111832,1.3312635441238616,0.15256634028732163
0.6988874103716588,1.0228603347963587,-0.32397292442469994
0.7554659095015842,0.7706412409915719,-0.015175331489987731
0.3517897336262435,0.3325354376921409,0.019254295934102605
2.0678746086580757,2.064000857852233,0.003873750805842846
2.453413113944785,2.324673284030361,0.1287398299144238
1.4409586173067992,1.2618558033807303,0.17910281392606886
1.3312645940462553,1.3911917498589574,-0.05992715581270214
2.5355480054357256,2.4041305139343447,0.13141749150138082
1.1853449603867074,1.859536771461713,-0.6741918110750056
2.575616343152109,2.401594147187856,0.17402219596425317
0.7312567315034157,0.7591089735330795,-0.027852242029663743
0.0361662485612304,0.08842958007769748,-0.05226333151646708
0.9340080321673802,0.9660549477474433,-0.03204691558006312
0.7150901543390605,0.7305547168811326,-0.015464562542072069
2.0263189096790595,2.0729967893389545,-0.046677879659895005
2.448241256299001,2.2772197408028303,0.17102151549617073
2.349157679420224,2.377275249447036,-0.028117570026811922
0.7210938497207438,0.9330771702932245,-0.2119833205724807
1.8379484488549795,1.574822465559192,0.2631259832957875
1.1002669921016448,1.1429838687154545,-0.04271687661380974
0.2330223545058175,0.23086870241423757,0.002153652091579944
1.7548144480691124,1.6230604755042128,0.1317539725648995
1.3817173346759868,1.1539429076409502,0.2277744270350366
0.771040254601494,1.199248378037349,-0.4282081234358551
1.445732640119075,1.5175121014786266,-0.07177946135955149
2.462454824833028,2.1792014199062675,0.2832534049267603
2.214314140269641,2.1609938786215808,0.05332026164806036
0.0957691997288393,0.06692896925074668,0.028840230478092616
0.9310061844765386,1.2270709210845339,-0.29606473660799526
2.383620156335263,2.1310779528752737,0.25254220345998935
2.0035518847561757,1.6966284282394937,0.30692345651668207
2.076432586625171,1.9791914771552992,0.09724110946987197
2.4150039321473056,2.135916860484802,0.27908707166250357
0.1329893980976996,0.10628157837816313,0.02670781971953648
1.5202860583378366,1.4165188436391836,0.10376721469865302
0.0823558231995697,0.1134918035850251,-0.031135980385455397
0.9415126512679004,0.8998045935388099,0.041708057729090475
2.549580738688682,2.356062173920117,0.19351856476856488
2.204377301195883,1.9374428175772413,0.2669344836186416
0.8475692863037625,0.9589864592145889,-0.11141717291082642
0.5637861825278512,0.4881502918362585,0.07563589069159266
1.3937021210925118,1.3741665446686786,0.01953557642383319
0.8813219891077486,1.0166573824315654,-0.13533539332381683
0.2334201898456604,0.3245940854614644,-0.091173895615804
0.6197995747589073,0.551086126046453,0.06871344871245433
0.7222150216278447,0.5438527780020787,0.17836224362576603
1.1833829093594048,1.687419866131934,-0.5040369567725291
0.8819549087939752,0.9596247177461495,-0.07766980895217435
1.366359990647522,1.5503055020889005,-0.1839455114413786
1.5570586921076035,1.522911597881529,0.034147094226074426
1.9030261548021128,1.8785062971066337,0.02451985769547904
0.2140347639190188,0.3922330091875452,-0.17819824526852643
1.2186365358822278,1.309320785304175,-0.0906842494219473
1.115963400320065,1.0569394324982526,0.059023967821812295
0.3307451540592083,0.4885204290275158,-0.1577752749683075
2.746219844574496,2.4691774638295603,0.2770423807449358
0.7970080452648927,0.7558504967781593,0.041157548486733364
0.693896386487938,0.9009511904283589,-0.20705480394042086
1.6951391632954111,1.6155283631232797,0.0796108001721314
2.56397062092554,2.4884084152674473,0.0755622056580929
1.7140182534730717,1.502612149532462,0.21140610394060966
1.237556313681669,1.0248739855483364,0.21268232813333254
0.141249000002957,0.3396414529819679,-0.1983924529790109
1.903360698426501,2.025323021269885,-0.12196232284338415
2.2441879494595383,1.9224408220149665,0.3217471274445718
0.4187752407758621,0.4839343951861685,-0.0651591544103064
1.6143424445298478,1.4684884276061694,0.1458540169236784
0.8320491915350057,1.1292681681262045,-0.2972189765911988
0.3588467881276703,0.3403353360568732,0.018511452070797074
0.8752776061042842,0.9596247177461495,-0.08434711164186537
0.562900094967134,0.6565387242803893,-0.09363862931325528
0.8484734573925867,1.2703050463193988,-0.42183158892681205
1.0059438753257706,0.949640392857257,0.05630348246851358
1.4968725507661864,1.5737688415997175,-0.07689629083353111
1.4251898754822865,1.664455609135249,-0.23926573365296244
0.6130906260849052,0.49993194329202806,0.11315868279287711
1.459367538538524,1.034198836920243,0.425168701618281
1.6694652283814522,1.6815123288314955,-0.012047100450043313
1.2223391160466537,1.0248739855483364,0.19746513049831727
2.5816290801712625,2.421590690488764,0.1600383896824984
0.3011245127438022,0.4361192264721426,-0.13499471372834038
1.89792662974975,2.0472356372052007,-0.14930900745545084
0.8311495415180841,0.578662692623573,0.2524868488945111
1.6527245026807578,1.522286714754137,0.13043778792662075
1.6178189819853594,1.4165188436391836,0.20130013834617588
1.6273760692473815,1.566929036420173,0.06044703282720865
1.8357558353126997,1.9240481516511758,-0.08829231633847612
1.0543622313221073,1.0166573824315654,0.03770484889054182
2.4896884551220477,2.2868257898163145,0.20286266530573327
0.9204997176851764,0.7828168507426626,0.13768286694251375
1.0576262885249093,1.1239426819373672,-0.06631639341245799
0.8381297413415161,0.5947441523925638,0.24338558894895224
1.1684460047644565,1.1534916374283195,0.014954367336136976
2.5241283266775736,2.377275249447036,0.14685307723053764
1.83600900318719,1.7320668980004785,0.10394210518671154
0.9074977389519544,0.974206892202544,-0.06670915325058957
0.8237895896297484,0.7792078747695971,0.04458171486015128
0.2838729304753919,0.3374910903348385,-0.05361815985944657
1.1361444964200569,1.1200868592274809,0.016057637192576024
2.056554386899417,1.9029649735971732,0.15358941330224396
2.478223565644869,2.2389655379018842,0.23925802774298477
0.7092311264227295,0.6978269949521664,0.011404131470563073
0.8777459928805681,0.9610021079886374,-0.0832561151080693
0.8357517716994316,0.8365707861079613,-0.0008190144085297169
0.771835925028012,0.6565387242803893,0.11529720074762273
0.9594242783881136,1.6682423249906937,-0.7088180466025801
1.433955813136525,1.502612149532462,-0.06865633639593693
1.719624113514912,1.6800746518564926,0.03954946165841933
0.7089056249421465,0.7544941445177866,-0.04558851957564014
0.9828694319440754,1.1046020921505046,-0.12173266020642926
0.4724558718053493,0.49129283875914836,-0.01883696695379905
2.077422652763621,2.4534577988084547,-0.3760351460448339
2.389284787526992,2.2866494548745777,0.10263533265241431
0.2242564168515788,0.23498865244126943,-0.010732235589690636
1.464539396437475,1.5946642055670563,-0.13012480912958124
0.9544422963950304,0.9199321383547542,0.03451015804027624
2.268745233285131,2.3024237877178266,-0.03367855443269585
0.8126321196240527,0.7469024659981293,0.06572965362592342
2.3728288756850997,2.1666243834917926,0.20620449219330705
1.3857318538647914,1.3312635441238616,0.054468309740929755
0.2271994933925325,0.2668238049154662,-0.03962431152293369
2.16708024789586,2.1249614066074582,0.04211884128840193
0.716446410845713,0.8053670128396143,-0.08892060199390128
1.348606593448865,1.3675960728389098,-0.018989479390044917
0.1336358802401305,0.20355452381780278,-0.06991864357767227
2.423973307910449,2.212250348860613,0.21172295904983596
2.2154217497205377,2.1875655783727175,0.027856171347820258
0.1649518422521441,0.2591383992216113,-0.0941865569694672
0.7826181640407064,0.7624812551074441,0.020136908933262254
0.2295729422158823,0.14172694941116024,0.08784599280472205
0.3766634772949498,0.4760088762276981,-0.0993453989327483
0.9469919273724954,0.8910109528104935,0.055980974562001906
1.6001650435583714,1.6104741966671077,-0.010309153108736258
2.37760741931611,2.200617702030276,0.17698971728583412
1.5008147363488986,1.2107904770841311,0.2900242592647675
2.348312278468616,1.9341117191897692,0.4142005592788469
1.0027792768946375,1.1967893583880318,-0.19401008149339427
2.3682402079599565,2.2777490671383167,0.09049114082163978
0.86225302302422,0.809794218127669,0.05245880489655097
0.1246303374207733,0.18263462739793054,-0.058004289977157245
1.950947218205945,1.8280228146922668,0.12292440351367828
1.9101962310377485,1.6532248909457332,0.2569713400920153
2.425890150750404,2.3144009418956806,0.11148920885472346
0.6269877340163144,0.6537592481990183,-0.02677151418270396
0.0955160318543486,0.14143369594897187,-0.04591766409462328
0.7589966972882489,1.092402465471036,-0.3334057681827871
0.9139806449170425,0.9385526476672552,-0.024572002750212762
1.0694890118229237,1.0166573824315654,0.052831629391358215
1.8363661496394128,1.8894557581466778,-0.05308960850726496
1.1272745791754146,1.5280821837869123,-0.40080760461149767
1.1207012560761274,1.3049552574823962,-0.1842540014062688
1.9400067482590224,2.330349038862778,-0.39034229060375547
1.481045037791786,1.5185883841988546,-0.03754334640706847
1.5800020307333185,1.5040697588531378,0.0759322718801807
0.5500518253367335,0.4740103614012893,0.07604146393544414
0.194685505048591,0.24407819957447519,-0.049392694525884184
2.5845088647435936,2.316481215943133,0.2680276488004605
0.0675771485261779,0.28101183559877124,-0.21343468707259333
0.948727935690884,1.2703050463193988,-0.3215771106285148
0.7770168248176008,0.8722598508340259,-0.09524302601642509
2.463973832079972,2.296193848256189,0.16777998382378279
1.822568500479672,2.0654192160634834,-0.24285071558381155
0.2176876145710262,0.2668313018709508,-0.04914368729992458
0.0759316883843694,0.12097632126077221,-0.04504463287640281
0.3208294122239352,0.5438527780020787,-0.22302336577814347
1.7329154269256712,2.0102874960283077,-0.27737206910263645
0.5596089125987554,0.8860706502337395,-0.3264617376349841
2.5233055310854797,2.1310779528752737,0.39222757821020604
1.556041499790906,1.5476845386693978,0.008356961121508188
1.1271027867976535,0.8514250981666704,0.2756776886309831
1.423322762407918,1.5737688415997175,-0.15044607919179942
0.4798926781185121,0.5288777039404542,-0.048985025821942085
2.0556502155574243,1.7352293668375456,0.32042084871987875
1.1569268664751318,1.0418423618146853,0.11508450466044651
2.418557323014973,2.497379560452752,-0.07882223743777894
1.2165433800989451,1.171145664891073,0.04539771520787217
1.7804793413456017,1.6794805646261657,0.10099877671943602
1.1387304254961164,1.1200868592274809,0.018643566268635503
0.1625693517913247,0.23498865244126943,-0.07241930064994473
2.1715287694807217,2.305146499436609,-0.1336177299558874
1.7466497841167887,1.7473228385119464,-0.0006730543951576351
1.668194868190264,1.6104741966671077,0.05772067152315641
0.3932459730740874,0.37415961968946804,0.019086353384619337
0.6655280220887809,0.8294841746718694,-0.1639561525830885
0.8412898189539146,0.9404572329276943,-0.0991674139737797
0.7507506578391959,0.7706412409915719,-0.019890583152376018
0.1736544879377602,0.2668238049154662,-0.093169316977706
1.4902540192263836,1.7836623844133457,-0.2934083651869621
0.1927686624618042,0.278175811467507,-0.08540714900570276
0.3273273877535845,0.20739046537441239,0.11993692237917211
1.0015450835064956,0.8785566825388337,0.12298840096766195
1.4894945156029114,1.7904420795430647,-0.3009475639401533
1.6326066982962206,1.4115749648389295,0.2210317334572911
0.8013842327373258,0.8625998060214484,-0.061215573284122526
0.2126242570812133,0.19534846341612103,0.01727579366509227
1.2344595280378934,1.1609506625605177,0.07350886547737567
2.0711793532294904,2.115599012149205,-0.04441965891971478
0.3759989116244119,0.5140208016477872,-0.13802189002337528
1.7193709456404214,1.3989823357161422,0.3203886099242792
1.9579500213635477,1.7297913118519415,0.22815870951160622
0.3596424585541884,0.3458532243481067,0.01378923420608169
0.7461514413682264,0.9452331165435947,-0.19908167517536823
0.3931510351211534,0.34879377306543125,0.04435726205572216
1.2953147558685834,1.1856721584854437,0.10964259738313964
1.6547814916609942,1.7594181508992797,-0.10463665923828547
1.240268826694974,1.8574292884394563,-0.6171604617444824
1.0284034825493464,1.020624226253439,0.007779256295907366
1.1947121717428613,0.578662692623573,0.6160494791192883
0.7042943528701616,0.8617119207015779,-0.15741756783141625
1.3662966986788991,1.5084453215561777,-0.14214862287727859
0.8392328299736781,0.9836690757304295,-0.1444362457567514
2.0488372883056902,2.112608184437187,-0.06377089613149689
0.2836197626009012,0.2949971836995128,-0.011377421098611562
0.8121257838750715,0.8179931201647316,-0.0058673362896600745
0.5967612981802582,0.8514250981666704,-0.2546637999864122
2.340201865860117,2.4884084152674473,-0.14820654940733036
1.738394703030266,1.662248801861859,0.07614590116840692
0.9323986077862372,0.8998045935388099,0.03259401424742725
1.550978142301093,1.4573950465081726,0.09358309579292046
0.5599886644104914,0.5947441523925638,-0.0347554879820724
1.1194715835067202,1.204402680099241,-0.08493109659252074
1.3666357628688544,1.3049552574823962,0.061680505386458195
2.126645723102456,2.1249614066074582,0.001684316494997784
1.3462331446255151,1.5503055020889005,-0.20407235746338537
2.4618173835685626,2.4365269813887465,0.02529040217981615
0.4777633555321834,0.4475740384959336,0.03018931703624983
0.274107883779395,0.278175811467507,-0.004067927688111983
0.5819509775225554,0.5947441523925638,-0.012793174870008417
1.5645904363737004,1.4277819285433324,0.13680850783036802
1.1033411733985787,1.687419866131934,-0.5840786927333552
1.455787021492609,1.5280821837869123,-0.07229516229430333
0.354434433852191,0.35152390005721007,0.0029105337949809074
2.170190597514848,2.24742663650967,-0.07723603899482168
1.0515502595371338,1.6682423249906937,-0.6166920654535599
2.413842071352584,2.204537592814527,0.20930447853805711
1.7698779366013058,2.379750105844036,-0.60987216924273
0.3118298970785017,0.4668964420638647,-0.155066544985363
0.3766951232792611,0.29553739376985955,0.08115772950940153
2.3770694375828176,2.2407785368807374,0.13629090070208028
2.252510843333418,2.044715776869441,0.20779506646397694
1.5943060156420406,1.859536771461713,-0.2652307558196725
0.8350193932415361,0.7414490464858136,0.09357034675572251
1.8223017704021451,1.8157280134606129,0.006573756941532283
1.4191454924788225,1.6410291964351664,-0.22188370395634394
0.5061543242781824,0.5140208016477872,-0.007866477369604774
2.49479249922097,2.112608184437187,0.3821843147837827
1.1190014148139529,1.1299563731379079,-0.010954958323954989
2.468368102321008,2.295337524826861,0.17303057749414696
1.6830956059821662,1.4298473541405745,0.2532482518415917
2.1556741313407444,2.0601760180085744,0.09549811333216995
0.8663760428753307,0.8204627185041509,0.04591332437117979
0.0902356732930911,0.40703681569718375,-0.31680114240409263
0.7450724641912632,0.629757411569639,0.11531505262162411
0.9703557054317276,1.2618558033807303,-0.2915000979490028
0.4724468301678798,0.6043462637778526,-0.1318994336099728
0.3553386046878474,0.32566879417838346,0.029669810509463934
1.3059794525815018,1.237495421928866,0.06848403065263575
1.157496494192736,1.2489977144472781,-0.09150122025454221
1.269776446529339,1.502612149532462,-0.23283570300312295
0.649013339097001,0.8184939358686885,-0.16948059677168748
1.0332136721646683,0.9966070563195666,0.03660661584510172
1.3320240976697275,1.2723785394747635,0.05964555819496398
1.7649411630487382,1.662248801861859,0.10269236118687908
0.935527039414324,0.916723984123019,0.018803055291304993
1.4690512097377917,1.6696843849370762,-0.20063317519928447
0.5255397499516561,0.5178349157705424,0.007704834181113673
2.289336219566477,2.522949331339286,-0.23361311177280886
0.6835165036338214,0.6546585162674057,0.02885798736641576
1.5027677454855637,1.5476845386693978,-0.044916793183834125
1.775357212705901,1.4684884276061694,0.3068687850997316
0.3182449902562325,0.31987071860600086,-0.0016257283497683739
2.3711697222978736,2.2868257898163145,0.08434393248155914
0.5065385969086531,0.4175257348633669,0.08901286204528619
0.300238425183085,0.39572071217692223,-0.0954822869938372
1.6003503986455043,1.6104741966671077,-0.010123798021603347
0.6245283888775002,0.7558504967781593,-0.13132210790065912
0.3370743509214745,0.34510007135387344,-0.008025720432398964
0.060615031977685,0.030556910661549065,0.030058121316135937
0.5755223218886203,0.5043867530568118,0.0711355688318085
1.0841094565747589,1.2453922426390203,-0.16128278606426139
0.5420453913059666,0.5365901938881124,0.005455197417854274
2.075008517331161,1.9835224650956738,0.09148605223548723
2.149937167555596,2.0973894060528924,0.05254776150270368
0.4126630449850404,0.3325354376921409,0.08012760729289953
0.6737514571909922,0.6350667338817068,0.03868472330928541
2.0566990546179373,1.919585400394743,0.13711365422319433
1.9408566682571904,1.8928528454479359,0.048003822809254526
0.6738961244031768,0.5570799919494533,0.11681613245372346
1.4225496963282416,1.441486692832311,-0.018936996504069326
2.317100297312845,2.356062173920117,-0.03896187660727213
2.4435033992771,2.400705265208884,0.042798134068215976
1.757056792136482,2.0729967893389545,-0.31593999720247257
0.3468032305612575,0.34510007135387344,0.001703159207384064
1.1188929141516466,0.9390328625504596,0.179860051601187
1.85109057296898,1.7021598636266844,0.14893070934229558
1.90548097937536,2.0524130960687152,-0.14693211669335526
0.3001841748519318,0.29553739376985955,0.004646781082072227
2.1166275082788006,2.249517273072548,-0.13288976479374748
1.5524067324138378,1.986859001328981,-0.4344522689151433
2.5112800570471734,2.2939235317379043,0.21735652530926908
1.721459580604969,2.2215936196532287,-0.5001340390482596
0.8444227714007363,0.9959182445000391,-0.15149547309930278
1.4268038206821645,1.5399338678866434,-0.11313004720447895
0.5858750795771603,0.6383562712487384,-0.052481191671578054
0.6597910572909604,0.6638734771633288,-0.004082419872368348
0.3083217136386787,0.31926090811013047,-0.010939194471451752
0.7977675488883645,0.7208979195613684,0.07686962932699615
2.394791188797164,2.2772197408028303,0.1175714479943335
2.417006669783717,2.301896713470216,0.11510995631350118
1.291842739231806,1.7888371279054107,-0.4969943886736048
1.7907326402624733,1.8928528454479359,-0.10212020518546261
1.370433280986214,1.3676502077607031,0.002783073225510968
0.5872991488711703,0.715461075717973,-0.12816192684680272
1.305369137242117,1.5399338678866434,-0.23456473064452643
1.1313704736077803,1.307935771580107,-0.17656529797232667
2.085921860340332,1.9590634773721125,0.12685838296821927
2.389578642010592,2.3265720506295584,0.0630065913810336
2.5606839601354,2.305825997604129,0.254857962531271
1.475601928490237,1.307935771580107,0.1676661569101301
1.900892311650217,1.8250301503572477,0.0758621612929693
1.432753265732695,1.3655645937274485,0.06718867200524636
0.865024307187413,0.9610021079886374,-0.09597780080122442
1.6006352125043066,1.664455609135249,-0.0638203966309423
1.2310417617322695,1.2896218732131077,-0.05858011148083819
0.732522570875869,0.8275345372750951,-0.09501196639922604
2.1093579725119924,1.574822465559192,0.5345355069528004
0.2397855535109728,0.10252882835416177,0.13725672515681103
1.3274670759288956,1.2489977144472781,0.07846936148161743
0.2286552086708537,0.2310233633434544,-0.0023681546726007086
0.2051422423275347,0.18263462739793054,0.022507614929604153
2.595946627283021,2.7036426177485358,-0.10769599046551459
0.3940009558788245,0.5599928498903849,-0.1659918940115604
1.735004061890219,1.6794805646261657,0.055523497264053256
0.7912258717733884,0.9112890608303748,-0.12006318905698632
0.209477742178187,0.16961116563632478,0.03986657654186221
0.0736215315296423,0.06112244135285617,0.012499090176786139
1.4434541292486591,1.5953516086557122,-0.15189747940705312
2.3461422702858488,2.330349038862778,0.015793231423070875
1.267086537862876,1.205958306134896,0.06112823172797999
1.0854024211127886,0.9104305112218091,0.17497190989097955
0.3393528617918903,0.4924130597640813,-0.153060197972191
1.871344002928232,1.4310700609669216,0.4402739419613104
2.0962655781635777,2.3457021208196847,-0.24943654265610693
0.5944194953412199,0.6736176337439189,-0.07919813840269907
2.3588308011141605,2.1514329777106647,0.20739782340349588
1.4859501653600422,1.4298473541405745,0.056102811219467696
1.4971528438062538,1.5528593036582767,-0.05570645985202294
0.7026487616859725,0.6446338518173891,0.058014909868583375
0.3682139994838243,0.4146630724075412,-0.046449072923716916
0.1531659736321245,0.11762282908350029,0.035543144548624214
0.566444445210003,0.7414490464858136,-0.17500460127581052
2.441297223531784,2.305859501157501,0.13543772237428264
0.805326418320038,0.9062338476975588,-0.10090742937752073
1.7636391568732388,1.6472778413028577,0.1163613155703811
0.422740030452248,0.2892855399867626,0.1334544904654854
0.643949981607188,0.6886988402099172,-0.04474885860272926
1.4242857043934622,0.8738688703285704,0.5504168340648918
1.1861361099944907,1.1609506625605177,0.025185447433972996
0.2181577835169614,0.1772764283696754,0.040881355147286025
2.3091571552507006,2.4706600024010874,-0.16150284715038676
0.6730597663548779,0.6083599429801013,0.06469982337477653
0.9433797643422688,0.9892692859379827,-0.04588952159571391
2.170041408218089,1.9300156544303158,0.24002575378777324
1.3037054625298208,1.5810277886530797,-0.2773223261232589
1.1330657943043885,1.2148957394266007,-0.0818299451222122
0.5541658032972065,0.4740103614012893,0.08015544189591722
1.6582309039509295,1.7399592212710486,-0.08172831732011909
1.3138683443124928,1.1376000302842646,0.17626831402822818
1.9041834940185955,1.919585400394743,-0.015401906376147467
1.8063160269998524,1.6867024147161267,0.11961361228372569
0.2500162480810023,0.3017780438693294,-0.05176179578832707
1.2353772615829215,1.204402680099241,0.030974581483680597
0.420221914163546,0.3415228432029839,0.07869907096056211
0.8389615785710802,1.1400543480199317,-0.30109276944885144
1.8652589333156584,1.7836623844133457,0.08159654890231272
0.1894774800934258,0.2591383992216113,-0.0696609191281855
0.0350450766541295,0.16037504747872655,-0.12532997082459704
1.8010175851636558,1.9673220482554261,-0.16630446309177027
0.1810280022823003,0.16961116563632478,0.011416836645975509
1.3013591388720471,1.859536771461713,-0.5581776325896659
0.348878303069601,0.34510007135387344,0.0037782317157275536
1.8970631475485455,1.6474307114797027,0.2496324360688429
0.0307412227877885,0.2892855399867626,-0.2585443171989741
0.3370427049371631,0.37415961968946804,-0.03711691475230494
1.941240941647164,1.7085209833262083,0.23271995832095582
0.6954515607910962,1.0228603347963587,-0.3274087740052626
0.7239871967492794,0.7727098171933667,-0.04872262044408737
0.4247066022982854,0.34067063772703626,0.08403596457124912
1.2980996024879805,1.4320627703937336,-0.13396316790575313
2.018805249194237,1.9152876476264906,0.10351760156774659
1.4350001306187992,1.4320627703937336,0.0029373602250655217
1.9404497920393808,2.115112931481488,-0.17466313944210698
1.4805974731926923,1.3991714362629921,0.08142603692970019
1.5856983079093585,1.6815123288314955,-0.09581402092213698
1.2173752173285093,0.8365707861079613,0.38080443122054797
0.2409428922211198,0.1981684110890459,0.04277448113207391
2.378240339002337,2.304139028271426,0.07410131073091097
2.3461422702858488,2.2868257898163145,0.059316480469534305
0.2593879802558911,0.3922330091875452,-0.13284502893165412
1.276675271109209,1.2782605854478648,-0.001585314338655719
1.6665311934779676,1.7473228385119464,-0.08079164503397873
0.1905986520005266,0.20739046537441239,-0.016791813373885772
1.302561686275878,1.50799198559433,-0.20543029931845203
0.3470563984357481,0.2847568675805614,0.06229953085518669
0.0651720537185168,0.14597238118103067,-0.08080032746251388
0.8886186490274617,0.7817293799503741,0.10688926907708762
1.5128944604651895,1.433590740318372,0.07930372014681741
1.4450454701016957,1.2489977144472781,0.19604775565441757
1.3037325876953971,1.2896218732131077,0.0141107144822894
2.445488055663916,2.4884084152674473,-0.042920359603531466
2.200136739298165,1.9288859035065165,0.27125083579164855
0.5802963447008965,0.5781328416058596,0.0021635030950368783
2.7594569066414305,2.5857613291019987,0.17369557753943177
0.7972069628082302,0.7871471438946456,0.01005981891358465
0.2656448435120652,0.31473499582181813,-0.049090152309752944
1.5354625683510714,1.50799198559433,0.027470582756741413
1.679465359423833,1.7836623844133457,-0.10419702498951278
1.0939197117112711,1.0425725251215703,0.05134718658970083
0.5769509120013651,0.5570799919494533,0.01987092005191171
0.7306418953452963,0.8629420843129021,-0.13230018896760576
1.6425344957325092,1.6230604755042128,0.019474020228296363
1.0157812556278598,1.1935272697012211,-0.17774601407336132
0.9265938302010592,0.9404572329276943,-0.01386340272663511
1.7263647081732254,2.2700652528263534,-0.543700544653128
0.2122625887975842,0.2892855399867626,-0.0770229511891784
0.0406509366959699,0.14597238118103067,-0.10532144448506078
1.776491947322374,1.771597815986972,0.004894131335401841
0.2732444005655194,0.41052266054775943,-0.13727825998224003
1.7442130433248164,1.6557563061381708,0.0884567371866456
1.8094037710061583,1.9911037192283518,-0.18169994822219349
1.4330019127884506,1.3471875797599178,0.08581433302853281
0.1395672420157217,0.05953603900710129,0.08003120300862042
1.8246571354442205,1.6582885072105145,0.16636862823370602
1.2475293195584731,1.2967547008628886,-0.04922538130441545
2.2792517000764927,2.200215056509441,0.07903664356705153
2.1741689483815985,1.9638000014275472,0.21036894695405128
1.1717055411485235,1.2163391220496496,-0.04463358090112601
2.2849118096899823,2.2634950984661497,0.021416711223832596
1.2448258484358057,1.1967893583880318,0.04803649004777388
0.5214167303537135,0.4010804194649976,0.12033631088871588
0.2479592591007657,0.39572071217692223,-0.14776145307615654
0.2601429630606283,0.1981684110890459,0.06197455197158239
1.1251136106047743,1.010290497890982,0.11482311271379242
1.337024163190918,1.664455609135249,-0.3274314459443308
0.2891171222336033,0.3922330091875452,-0.10311588695394192
2.5965026927975883,2.6251848927765664,-0.02868219997897814
1.6973769865440462,1.648888507718143,0.048488478825903236
1.8030112821752695,1.7085209833262083,0.09449029884906124
1.4513746669639618,1.6863228493934728,-0.234948182429511
1.4734500015570664,1.1665705680769665,0.30687943348009994
1.185729233017178,1.1353515714052864,0.05037766161189161
1.0443892254453035,0.9596247177461495,0.084764507699154
0.6887245285889868,0.7318509180522637,-0.04312638946327685
2.2252320048570504,2.356062173920117,-0.13083016906306666
2.2857798134694254,2.200215056509441,0.08556475695998422
0.794801868000569,1.2782605854478648,-0.48345871744729585
1.7002567711163772,1.8961692168577984,-0.1959124457414212
2.6009014846168625,2.421590690488764,0.17931079412809847
1.11528075112142,1.1062589651147796,0.009021786006640387
0.3705874483071741,0.34510007135387344,0.025487376953300667
0.5735964376643639,0.5781328416058596,-0.004536403941495792
1.9827921190479425,1.9240481516511758,0.05874396739676668
2.112287486849909,2.0973894060528924,0.01489808079701671
0.7855069902505071,0.7544941445177866,0.03101284573272045
0.299194107700811,0.4301216289762569,-0.13092752127544588
0.5840938628182563,0.7536584342439101,-0.16956457142565384
2.137712774454945,2.3265720506295584,-0.1888592761746133
0.8435050378557077,0.8079073113373118,0.03559772651839599
2.2082697572661774,1.0746924033853487,1.1335773538808287
0.3839104077022447,0.39590766445151515,-0.011997256749270435
0.6929650904867051,0.6383562712487384,0.05460881923796668
0.3756508057969872,0.4885204290275158,-0.11286962323052863
0.5162087056517161,0.7887849279133012,-0.2725762222615852
1.8134047272324227,1.7011114326465808,0.11229329458584192
1.9039664937066547,1.8680775110648855,0.03588898264176921
1.9429905114090853,1.8678939866701145,0.07509652473897077
0.056311178111344,0.1305087983765395,-0.0741976202651955
2.0476663868861715,2.1133123452429747,-0.0656459583568032
0.4163158956370477,0.3758212486656074,0.040494646971440285
1.063666150709639,1.0859840351232395,-0.022317884413600497
2.411436976544924,2.4691774638295603,-0.0577404872846361
1.058159749439467,1.0721728842907927,-0.014013134851325715
1.5002360667406571,1.4474057597226255,0.0528303070180316
0.9073033422273512,0.7591089735330795,0.14819436869427172
1.742282638281825,1.6696843849370762,0.0725982533447489
1.4552852065623625,1.4202198046281764,0.03506540193418606
0.9431944092551356,1.1299563731379079,-0.18676196388277222
1.806171359787668,1.483705502846211,0.32246585694145713
1.2954413398058284,1.221622085804976,0.07381925400085243
0.6224307122754827,0.41006939352526106,0.21236131875022168
0.4843457202689403,0.4640000739013623,0.02034564636757802
1.0233762918625793,0.48656110752330095,0.5368151843392783
1.7408902149721266,1.2773046387524227,0.46358557621970387
2.5530527563381304,2.4252308785245518,0.12782187781357868
1.2057294951019393,1.126931355075287,0.0787981400266522
2.190407859911549,2.4706600024010874,-0.28025214248953834
1.6770557437974367,1.7011114326465808,-0.024055688849144108
1.600065584786703,1.483705502846211,0.11636008194049197
0.9735745541940136,0.9914146027592494,-0.0178400485652358
1.15569267308699,1.2097769909922955,-0.054084317905305435
0.9170819513795528,1.0241733406380569,-0.10709138925850403
0.5663359448008647,0.4881502918362585,0.07818565296460617
1.630002685945222,1.664677420489359,-0.034674734544137165
1.0852939204504823,1.0324765714329343,0.05281734901754809
0.4188792203662657,0.42931226468905115,-0.010433044322785467
2.240105617483376,1.0746924033853487,1.1654132140980276
2.2438081976478017,2.016284396326853,0.22752380132094885
0.0436211384025002,0.19534846341612103,-0.15172732501362082
0.989234795609388,0.9579264416239118,0.031308353985476156
0.8261630384530982,0.8722598508340259,-0.046096812380927665
0.4069486842808937,0.42736875985211076,-0.020420075571217056
0.1373248979483519,0.37147550656989564,-0.23415060862154374
0.8127406202863591,0.9450333896658891,-0.13229276937953005
2.5704580477093626,2.1310779528752737,0.4393800948340889
1.5062759289253866,1.4573950465081726,0.048880882417214
0.4679983088361865,0.6629403536830584,-0.1949420448468719
2.102667107619265,1.8253345535085908,0.27733255411067415
1.9875842248819893,1.977923363205289,0.009660861676700216
0.3419478325054194,0.34510007135387344,-0.0031522388484540587
1.6223714829074565,1.782996603288527,-0.16062512038107046
0.9198984439832611,1.1447075301773693,-0.2248090861941081
1.515539160691137,1.5648869601549251,-0.04934779946378809
0.1254621746503375,0.06156366233598713,0.06389851231435036
1.214626537512158,1.3991714362629921,-0.18454489875083402
2.290865776318752,2.295337524826861,-0.004471748508108941
0.1285906062784245,0.1305087983765395,-0.0019181920981150014
0.2591935835312883,0.20739046537441239,0.05180311815687591
0.798671719724021,0.6325431776906068,0.1661285420334142
0.9290531750867056,0.8910109528104935,0.03804222227621212
1.4837982384268718,1.9772147585249353,-0.4934165200980636
0.7942955322515878,0.7544941445177866,0.03980138773380115
0.7929980468948231,0.7871471438946456,0.005850903000177543
1.677091910600483,1.431132841170514,0.24595906942996892
1.6042157295502215,1.6719731365034307,-0.0677574069532092
0.3653929860613811,0.35152390005721007,0.013869086004171027
0.9888731273257588,0.949640392857257,0.03923273446850184
1.3455052869863544,1.3262520208543946,0.019253266131959768
2.122920537578517,1.9835224650956738,0.1393980724828432
0.2458389781519066,0.1981684110890459,0.047670567062860714
2.1785089698104896,2.018756593142384,0.1597523766681057
0.3415047887250609,0.3325354376921409,0.008969351032920014
0.0061839389621954,0.08276875847847023,-0.07658481951627483
0.9266299970041052,0.916723984123019,0.009906012881086168
0.4619177590296761,0.3922330091875452,0.06968474984213086
1.8114607599863952,2.1276064609226744,-0.31614570093627914
0.1865841330648903,0.12092579944666587,0.06565833361822443
0.9887284598604066,0.9450333896658891,0.04369507019451746
1.2451513499163884,1.1856721584854437,0.05947919143094471
0.3024265189193016,0.41052266054775943,-0.10809614162845782
0.4390693583568949,0.4885204290275158,-0.04945107067062088
0.2593834594371564,0.30181738367387095,-0.04243392423671455
0.3405237632114095,0.3458532243481067,-0.005329461136697244
0.9097400830193236,0.8570220246593122,0.05271805836001142
0.2932039750284998,0.4169871314933424,-0.12378315646484256
1.5438306706654672,1.4165188436391836,0.12731182702628363
0.1552998170371881,0.09076957696494471,0.06453024007224338
1.191136175515681,0.8937422015050338,0.29739397401064727
1.0482590771687552,1.2148957394266007,-0.16663666225784546
1.59310346823821,1.662248801861859,-0.06914533362364916
1.2526740525450155,1.3622066554365921,-0.10953260289157662
1.413480861287094,1.9772147585249353,-0.5637338972378414
0.8778770976365482,0.8625998060214484,0.01527729161509983
0.3327343302520874,0.31987071860600086,0.012863611646086515
1.6764047405831033,1.6440697908769815,0.03233494970612183
1.2823399023009374,1.1967893583880318,0.08555054391290562
0.4360629898473184,0.4374212066464193,-0.0013582167991009197
1.593474178412476,1.6472778413028577,-0.05380366289038174
0.9106442541081484,0.6913148406247669,0.21932941348338153
0.791447393663568,0.7443461386967808,0.04710125496678719
0.9753467293154482,1.0185474164705184,-0.043200687155070194
1.3633536221379454,1.4103575666834849,-0.04700394454553947
1.2182070545580734,1.324597054665013,-0.10639000010693955
1.7989922421677305,1.8072818822189323,-0.008289640051201808
0.5597987885046234,0.4638468749930624,0.09595191351156102
0.1622619335856809,0.11762282908350029,0.0446391045021806
1.045076395462683,0.916723984123019,0.1283524113396639
1.767834510077274,1.8268213399528999,-0.05898682987562576
2.372670645763543,2.2550063003995935,0.11766434536394943
1.9122125334088755,1.9744523197881965,-0.06223978637932093
0.6780281858917567,0.6497640358007256,0.028264150091031115
0.3424225222700894,0.3922330091875452,-0.04981048691745582
0.2006530333740604,0.21485446287710028,-0.014201429503039875
2.0151433556389207,1.6814595015823661,0.33368385405655454
0.2511871495005216,0.37851716426135074,-0.1273300147608291
1.759624637684435,1.483705502846211,0.27591913483822395
1.4081959819071015,1.3262520208543946,0.08194396105270685
0.9108974219826388,0.9404572329276943,-0.029559810945055554
2.168056751831273,2.064000857852233,0.10405589397904036
2.2025960854496507,2.119937807532253,0.08265827791739788
0.9017020030042456,0.9421755532269063,-0.04047355022266064
0.6119830166340087,0.7497495589723009,-0.13776654233829222
1.823097441588167,1.6591362385717483,0.1639612030164186
1.8966201037681871,1.8250301503572477,0.07158995341093943
1.8919952684804948,1.8675492685512585,0.02444599992923635
1.2906944421591289,1.3911917498589574,-0.10049730769982856
2.5423247676565888,2.296193848256189,0.24613091940039977
0.2496591006161081,0.27520025846197815,-0.02554115784587005
0.5647807704977068,0.6196100051628308,-0.054829234665124016
1.480235804655896,1.3010083267890595,0.17922747786683657
0.158012330050493,0.12460918696286237,0.033403143087630635
0.6457583235316686,0.7318509180522637,-0.08609259452059503
1.2717339767379068,1.2107904770841311,0.06094349965377566
1.375568972082119,1.293871128144557,0.08169784393756196
1.254396498154032,1.1584135876728605,0.09598291048117158
0.7711849220668463,0.6877852079868475,0.0833997140799988
1.1199055856496092,1.0248739855483364,0.09503160010127276
1.1964210548956733,1.9341117191897692,-0.7376906642940959
0.4421028520320479,0.5043867530568118,-0.06228390102476389
1.5441787764928918,1.414322461654853,0.12985631483803872
1.9049746436263784,1.648888507718143,0.25608613590823537
1.4125631277420654,1.5476845386693978,-0.13512141092733243
1.323597224205444,1.129279899972224,0.1943173242332199
1.601503216536917,1.1148064146906211,0.4866968018462958
0.8868826407090733,0.9914146027592494,-0.10453196205017612
2.1372245224872386,2.0102874960283077,0.1269370264589309
2.2837544704735,2.1455507385336783,0.13820373193982194
1.5129758359619194,1.4011570296850442,0.11181880627687524
0.1932749982107855,0.12038188083416383,0.07289311737662167
1.389904602975152,1.4684884276061694,-0.07858382463101732
0.3579607005669531,0.4760088762276981,-0.11804817566074499
2.217026654295618,2.200215056509441,0.01681159778617669
2.4308676109120806,2.2772197408028303,0.1536478701092503
0.3348320068541047,0.24741421190200324,0.08741779495210145
1.5792606106379536,1.569404402652395,0.00985620798555864
1.541104595195958,1.5953516086557122,-0.054247013459754134
1.6518067691357292,1.687419866131934,-0.03561309699620474
0.7992142222760483,0.6202555330174683,0.17895868925858005
2.067350189127819,1.7320668980004785,0.33528329112734045
1.7481235829232171,2.127550853155873,-0.37942727023265577
0.8470493880985769,0.7527016086846858,0.09434777941389105
2.224440855249267,1.9835224650956738,0.24091839015359318
1.230124028187241,1.2447610078536844,-0.014636979666443395
0.9233388146357268,0.8457797165049707,0.07755909813075601
2.393208889581597,2.345892734330693,0.047316155250904046
0.9627154607564924,1.0185474164705184,-0.055831955714025994
1.834309160659176,1.8702839871584394,-0.035974826499263424
1.610942761752331,1.4115749648389295,0.19936779691340156
1.7384429254343277,1.7855593831022067,-0.047116457667879086
0.6024575753562978,0.6401121886046445,-0.037654613248346624
2.1767729622516043,2.0137844626462353,0.16298849960536899
2.0498273544441394,1.9911037192283518,0.058723635215787606
2.4227074685379955,2.32502935341987,0.09767811511812541
0.8997715979612544,0.7663380865512731,0.13343351140998128
0.1640974006757381,0.25087617639176774,-0.08677877571602963
1.4210126055531906,1.3655645937274485,0.055448011825742105
1.0624319573214969,1.204402680099241,-0.14197072277774403
1.8853405711503168,1.8715557149025226,0.013784856247794242
0.1335273798309922,0.14597238118103067,-0.012445001350038482
0.6510658072585026,1.1046020921505046,-0.45353628489200204
1.2916980720196218,1.3556445867490352,-0.06394651472941337
0.663877910085857,0.6325431776906068,0.0313347323952502
0.1670721232010032,0.1134918035850251,0.0535803196159781
2.230516884237043,2.119937807532253,0.11057907670479006
1.585915308980803,1.7455762017913452,-0.1596608928105423
1.2230669736858142,1.1771691512608347,0.04589782242497953
1.7151394253801724,1.687419866131934,0.027719559248238435
1.5681980785851923,1.6696843849370762,-0.10148630635188383
1.8974745453445931,2.2700652528263534,-0.37259070748176026
1.5957300849360505,1.7399592212710486,-0.14422913633499812
1.748390313253912,1.8154032915122864,-0.06701297825837438
1.7610351445222403,1.8359912300251426,-0.07495608550290234
1.1137300978901647,1.0569394324982526,0.05679066539191213
2.320536147399744,1.431132841170514,0.8894033062292301
1.95282789348335,1.9137824165617425,0.039045476921607536
0.5547354310148105,0.5178349157705424,0.03690051524426807
2.273880923368365,2.1399663088269762,0.13391461454138875
1.7600948066303697,1.9158034114804832,-0.1557086048501135
1.5050824234121931,1.6410291964351664,-0.1359467730229733
2.162509663951992,2.4570570417661495,-0.2945473778141574
0.8656572268736397,0.8825230825159258,-0.016865855642286154
1.26290926793378,1.1400543480199317,0.12285491991384845
1.3581365555453109,1.3010083267890595,0.05712822875625134
1.223351787544616,1.2896218732131077,-0.06627008566849169
2.1568812003228133,1.8654871772310286,0.29139402309178464
2.292827827346054,2.261309339629099,0.03151848771695498
0.98324315582872,1.6677474629422477,-0.6845043071135277
0.5585013031478588,0.82981893043149,-0.2713176272836312
0.4145437205156132,0.4374212066464193,-0.02287748613080609
0.5622490917528002,0.6325431776906068,-0.0702940859378065
0.8723074043977538,0.9660549477474433,-0.09374754334968949
0.7115096372931452,0.6565387242803893,0.05497091301275592
1.3665498665533895,1.3936874727960127,-0.02713760624262318
0.1554580469587447,0.20355452381780278,-0.048096476859058074
2.406938725194476,2.250499092543144,0.15643963265133198
1.623854323351354,1.6719731365034307,-0.04811881315207667
1.540634426250023,1.6461926100299054,-0.10555818377988246
0.6004412739978424,0.4475740384959336,0.15286723550190884
0.3933137858614449,0.3815302743515936,0.011783511509851297
1.3422593130584917,1.3049552574823962,0.03730405557609551
0.956576139800094,0.8636072242349825,0.09296891556511155
0.1241285224905268,0.2967062906272687,-0.17257776813674192
0.2107074147475941,0.1960946103626763,0.014612804384917799
2.0657678899122525,2.1875655783727175,-0.12179768846046501
1.439801278596652,1.571434597600918,-0.131633319004266
2.6350475016887898,2.3967768878781612,0.23827061381062853
1.6585744889596192,1.6474307114797027,0.011143777479916572
0.1186854131889778,0.05953603900710129,0.059149374181876505
2.114407767798769,1.8250301503572477,0.28937761744152124
0.2700210309844984,0.2892855399867626,-0.019264509002264174
0.5383066443384948,0.5043867530568118,0.033919891281683046
2.019519544630361,1.8654871772310286,0.15403236739933246
0.865399538180414,0.8722598508340259,-0.006860312653611866
0.1257876761309204,0.48656110752330095,-0.36077343139238055
0.0201081720591811,0.04190025453623789,-0.02179208247705679
1.1207871523915918,1.4124405876419577,-0.2916534352503659
1.3919932379397,1.431132841170514,-0.039139603230814
2.440501552345762,2.5777105019576907,-0.13720894961192887
1.2050784921407736,1.2018386850583558,0.0032398070824177783
1.95469048497948,1.771597815986972,0.18309266899250787
0.8325600481027219,0.8588064926544863,-0.026246444551764392
0.2682126890600178,0.278175811467507,-0.0099631224074892
0.1745767423015235,0.19534846341612103,-0.02077172111459752
1.2831943438773434,1.7112590749042378,-0.42806473102689435
1.6066795955077708,1.5503055020889005,0.05637409341887034
1.0095831635215735,1.0891353589371369,-0.07955219541556335
1.2486369290093695,1.157599967731089,0.09103696127828043
1.007526174541337,1.2014049046303292,-0.19387873008899215
1.8445805433573224,1.4867547340322396,0.3578258093250828
0.0903441737022295,0.1134918035850251,-0.023147629882795603
2.128454063254761,2.0472356372052007,0.08121842604956031
1.1251859442108667,1.2723785394747635,-0.14719259526389683
1.6812375345452673,1.6440697908769815,0.03716774366828579
0.4420124348978488,0.5252118749886856,-0.0831994400908368
2.1135894937849127,2.037496680180749,0.07609281360416364
0.9595779874909358,0.9836690757304295,-0.024091088239493685
0.2789180733947173,1.6461926100299054,-1.367274536635188
0.6212733735653356,0.6497640358007256,-0.028490662235389985
0.6448179858929662,0.5523797853752888,0.09243820051767748
1.1118765472720007,1.204402680099241,-0.0925261328272402
0.7987259700551741,0.9421755532269063,-0.14344958317173218
1.373638567039128,1.5647482355803999,-0.19110966854127187
1.2024744795366071,1.171145664891073,0.031328814645534164
0.3540049525280367,0.3458532243481067,0.008151728179929985
1.6753513814633596,1.6696843849370762,0.005666996526283441
2.032159854573619,2.1249614066074582,-0.09280155203383922
0.939324557531684,0.8294841746718694,0.10984038285981457
1.8608917874806945,2.032967627171175,-0.17207583969048068
1.1604486123711593,1.1534916374283195,0.006956974942839755
1.0047729739062514,1.1228512291401032,-0.11807825523385174
0.4928810941423623,0.3758212486656074,0.11705984547675491
1.662697508557562,2.070450668911109,-0.4077531603535469
1.5590071806787016,1.4023285605739673,0.15667862010473432
1.4275949702899478,1.1946018541296453,0.2329931161603025
0.9133567668682852,1.0283876111054389,-0.1150308442371537
0.2491165980640807,0.37851716426135074,-0.12940056619727003
1.679307129502276,1.80587197128605,-0.12656484178377414
2.054963047059052,2.0524130960687152,0.0025499509903368356
0.7544532380036216,0.7706412409915719,-0.016188002987950312
1.7241811352557437,2.3457021208196847,-0.621520985563941
0.2962510311598573,0.3396414529819679,-0.043390421822110614
0.6917263762798284,0.8560093553714285,-0.16428297909160017
1.6493519448156495,1.7473228385119464,-0.09797089369629686
0.5325561168313021,0.5837251851130324,-0.05116906828173029
0.2646683388171487,0.4668964420638647,-0.20222810324671603
0.6554510366215733,0.6565387242803893,-0.00108768765881595
1.9952606368666068,1.6591362385717483,0.3361243982948585
0.7477488101483544,0.6913148406247669,0.05643396952358748
0.0697290754593485,0.20355452381780278,-0.13382544835845428
0.2275973287323755,0.17352300766771986,0.05407432106465565
0.766035668261569,0.8501071100736675,-0.08407144181209847
1.37107524230991,1.309320785304175,0.0617544570057349
1.8452270252465852,1.9377728931951324,-0.09254586794854713
2.113331804332184,2.502287225602809,-0.38895542127062477
0.6553696611248438,0.5781328416058596,0.0772368195189842
1.0688741756648044,1.0443852413875399,0.024488934277264507
0.3488150111009784,0.31473499582181813,0.03408001527916027
1.5626600313307093,1.5476845386693978,0.014975492661311485
1.162844665541351,1.118941926520389,0.04390273902096187
2.245743124269032,2.0654192160634834,0.18032390820554856
0.3273590337378957,0.30181738367387095,0.025541650064024757
0.2308161772414939,0.24407819957447519,-0.013262022332981294
1.6144871119952002,1.6428595582461283,-0.02837244625092805
1.8420126970498665,1.7136288552844618,0.12838384176540463
1.881208509408569,1.9046199032345927,-0.02341139382602364
0.2952654848274712,0.2892855399867626,0.005979944840708629
1.890069385015742,1.9137824165617425,-0.023713031546000574
0.5614534213262823,0.5096520521280953,0.05180136919818701
0.1102042893935411,0.08381723621739413,0.026387053176146966
0.7857194705032169,0.8588064926544863,-0.07308702215126939
0.1412806459872683,0.16961116563632478,-0.028330519649056474
0.2170727784129065,0.1772764283696754,0.03979635004323112
1.573831063792609,1.4526660759453638,0.12116498784724516
2.092920144451375,2.1310779528752737,-0.03815780842389849
1.0350581808921953,1.4310700609669216,-0.3960118800747263
1.50943148571905,1.3994774319925058,0.10995405372654421
2.5446982164799388,2.2939235317379043,0.25077468474203446
0.7574596065131981,0.6866034444185527,0.0708561620946454
1.7092080638577491,1.7320668980004785,-0.02285883414272938
2.161329721907675,2.1133123452429747,0.04801737666470007
0.4631203064335066,0.49129283875914836,-0.028172532325641764
1.2500338731378031,1.2163391220496496,0.03369475108815356
1.2338899003202892,1.138129904919219,0.09575999540107016
0.8597710737917319,0.8825230825159258,-0.022752008724193917
2.247587631983887,2.163205246047813,0.08438238593607394
2.206574436316401,2.1117111420263366,0.09486329429006446
1.6965225449676402,1.5186066438590664,0.1779159011085738
0.2189534539434795,0.17352300766771986,0.04543044627575965
0.1220082415416676,0.1450655501235698,-0.023057308581902206
0.1013388929676335,0.1450655501235698,-0.04372665715593631
1.7941278022212552,1.5699219068726142,0.224205895348641
1.9387951602303932,1.7886525819756698,0.15014257825472344
1.4307234019180346,1.3312635441238616,0.09945985779417299
0.1329261061290768,0.08929634972887647,0.04362975640020032
1.7348458319686622,1.6557563061381708,0.07908952583049134
1.808594537870268,1.7359280008429292,0.07266653702733872
0.5813180578363288,1.0746924033853487,-0.4933743455490198
0.6943891597807149,0.7887849279133012,-0.09439576813258632
2.278908115827307,2.2155909475083235,0.06331716831898326
1.0697421796974145,1.0228603347963587,0.046881844901055736
1.2980996024879805,1.683554699100039,-0.38545509661205846
1.2833073653583844,1.3676502077607031,-0.08434284240231871
0.2195682903547669,0.23498865244126943,-0.01542036208650252
1.182582718114152,1.129279899972224,0.05330281814192794
0.5885016962750009,0.7299250654335646,-0.14142336915856368
1.1764705223233305,1.203801355974895,-0.027330833651564523
1.8032780125059649,2.0654192160634834,-0.2621412035575186
1.8728268451443049,2.006671950010502,-0.13384510486619727
0.119024477378933,0.06692896925074668,0.05209550812818632
2.36194717866024,2.0815940791115914,0.28035309954864873
1.0400582464133856,0.9421755532269063,0.09788269318647935
0.928759319590434,0.9797676255270085,-0.05100830593657446
1.6207078081951602,1.6300516194367607,-0.009343811241600442
0.5388175009062109,0.44087333041257626,0.09794417049363469
0.2620281596631039,0.278175811467507,-0.016147651804403085
1.4463926849708784,0.9048837572826742,0.5415089276882041
0.7243850320891221,0.6828057508068305,0.0415792812822916
2.312543275572013,2.200617702030276,0.11192557354173704
2.022195891093788,2.031899694706459,-0.009703803612671091
0.8787270183942192,0.688211431915615,0.19051558647860423
0.0849553147318336,0.12038188083416383,-0.035426566102330234
1.9825932025172763,1.52136832386486,0.46122487865241624
1.0536027276986355,1.1299563731379079,-0.07635364543927237
1.1141188913393705,1.2609449932833368,-0.14682610194396628
0.8348973301230255,0.9117527605245378,-0.07685543040151233
2.2290702095835195,2.304139028271426,-0.07506881868790627
1.3356407815186888,0.8365707861079613,0.4990699954107275
0.7092672932257754,0.4881502918362585,0.2211170013895169
0.6106041557805144,0.7497495589723009,-0.13914540319178648
2.5313436111005574,2.1042247827948524,0.427118828305705
1.15868849285074,1.7226211149625426,-0.5639326221118026
1.200087468257053,1.307935771580107,-0.10784830332305395
1.0122097802194143,0.9966070563195666,0.015602723899847737
2.3078280239096247,2.1927266773304104,0.11510134657921434
0.912524929638721,0.809794218127669,0.10273071151105195
0.996323496095126,0.974206892202544,0.022116603892582076
0.5422985591804573,0.5886172662352531,-0.046318707054795794
1.1290196291312726,1.2163391220496496,-0.08731949291837693
0.4516147306003864,0.24741421190200324,0.20420051869838318
2.205019261506908,2.0654192160634834,0.13960004544342475
0.5658657758549296,0.5523797853752888,0.01348599047964083
0.8826872872518704,0.807590504907922,0.07509678234394845
0.3754112003787008,0.4885204290275158,-0.11310922864881501
2.2601736931149983,2.1773406354535867,0.08283305766141158
1.7534039412313067,1.748876019273504,0.004527921957802716
1.5799839472052115,1.7886525819756698,-0.20866863477045827
1.314112470549514,1.2712617141080704,0.04285075644144354
1.579369111047092,1.6635714301373068,-0.0842023190902148
0.6698951679237447,0.5947441523925638,0.07515101553118086
1.3286379773484152,1.4298963056703007,-0.10125832832188553
1.9213672634996484,1.9290363883865915,-0.007669124886943157
1.6283254487767216,1.6677474629422477,-0.039422014165526154
0.2530226165905788,0.18653599217071815,0.06648662441986064
2.172035105229703,1.8702839871584394,0.30175111807126354
0.4458732449838311,0.5331364617976913,-0.08726321681386018
2.4840328645551173,2.3904442322477535,0.0935886323073638
1.8735863487677769,1.7287039125874566,0.14488243618032026
1.733579992596209,1.7836623844133457,-0.050082391817136696
1.6964773365271246,1.7677350775419478,-0.07125774101482318
1.6634570121810337,1.7473228385119464,-0.08386582633091266
0.0181461210318786,0.0677652788894542,-0.049619157857575605
0.3015359105398495,0.32501534605629423,-0.023479435516444713
1.935757145736506,1.574822465559192,0.3609346801773139
2.496198484733705,2.5857613291019987,-0.08956284436829387
1.6463003678655574,1.6440697908769815,0.002230576988575983
0.7205287428218746,0.6401121886046445,0.08041655421723015
0.1435908028419955,0.11690475126469613,0.026686051577299363
2.173662612632617,2.0524130960687152,0.1212495165639016
0.9385379287426352,1.0322753060922365,-0.0937373773496013
2.043642825300393,2.0091272743780193,0.034515550922373794
1.84652451060335,1.5811528442268112,0.26537166637653886
2.02277455943619,2.127550853155873,-0.104776293719683
1.640165567727894,1.50307242064877,0.1370931470791239
1.4837665924425605,1.3989823357161422,0.08478425672641832
0.827532857415955,0.9117527605245378,-0.08421990310858285
0.1710595172242309,0.2668238049154662,-0.0957642876912353
1.3005046972956416,1.3049552574823962,-0.004450560186754604
1.0269568089084946,1.61673148982345,-0.5897746809149553
1.6567118967039856,1.9220508099996778,-0.26533891329569226
2.3350390488391315,2.2890690074719227,0.045970041367208836
1.1249960683049989,1.1895022488129088,-0.0645061805079099
1.429367145411382,1.7916028739830223,-0.3622357285716402
2.6129586046394806,2.4884084152674473,0.12455018937203333
0.2114081472211782,0.14172694941116024,0.06968119781001797
2.1959052180252447,2.0137844626462353,0.1821207553790094
0.7528845012442593,0.7208979195613684,0.031986581682890924
1.3602206696911234,1.6635714301373068,-0.30335076044618337
2.06950211606099,2.296193848256189,-0.2266917321951989
2.2174244873569497,2.1117111420263366,0.10571334533061316
1.6564768123576017,1.6104741966671077,0.04600261569049402
1.3762651837369686,0.9048837572826742,0.47138142645429437
2.518020651705487,2.466826932352548,0.05119371935293904
0.8486904584640311,0.8588064926544863,-0.010116034190455148
2.434317023202016,2.2866494548745777,0.14766756832743821
0.6833356696185908,0.5206057502489562,0.16272991936963466
0.6791403161613883,0.5846417276611902,0.0944985885001981
1.0967949754648678,1.2609449932833368,-0.16415001781846894
2.258934978148618,2.3024237877178266,-0.04348880956920853
2.2244046876867176,2.1297388408278275,0.09466584685889012
1.1441735347976654,1.6300516194367607,-0.4858780846390953
1.0355645166411769,1.1243554192132073,-0.08879090257203037
1.2234512463162848,1.3764526574292317,-0.15300141111294696
1.2783841542620211,1.324597054665013,-0.04621290040299186
2.5058550315268997,2.4570570417661495,0.04879798976075023
1.232054433230232,1.1609506625605177,0.07110377066971418
1.954491568448814,2.1666243834917926,-0.21213281504297865
0.8392509135017849,0.8629420843129021,-0.023691170811117157
1.7751763784375023,1.748876019273504,0.02630035916399831
1.0397960369014256,1.1935272697012211,-0.1537312327997955
2.019216646990284,1.8894557581466778,0.12976088884360637
0.105751247243113,0.1960946103626763,-0.09034336311956331
0.962209125007511,1.0072609506689605,-0.045051825661449496
2.0770248197022885,1.8072818822189323,0.2697429374833562
1.5204759342437046,1.4867547340322396,0.033721200211465074
1.3328785392461333,1.129279899972224,0.2035986392739093
1.0735080518304627,1.0721728842907927,0.0013351675396700013
0.2384835473354734,0.18653599217071815,0.051947555164755244
1.145755834013232,1.6410291964351664,-0.4952733624219343
0.9540806278582338,0.8294841746718694,0.12459645318636436
0.5187765511996687,0.48656110752330095,0.03221544367636775
2.347227274377232,2.2389655379018842,0.10826173647534798
1.859806783389311,1.854417829689497,0.005388953699813959
1.1093087017240482,1.1437261946223338,-0.03441749289828566
1.894879574631064,1.9911037192283518,-0.09622414459728779
0.1230389965677371,0.05953603900710129,0.06350295756063581
0.9061957327764548,1.0346805814720965,-0.1284848486956417
0.1226049944248482,0.12324394767098337,-0.0006389532461351793
1.4084446289628574,1.2979647012132323,0.11047992774962512
2.4417538295151786,2.377275249447036,0.06447858006814267
1.4378799151911303,1.5084453215561777,-0.07056540636504738
1.112997719432269,1.8715557149025226,-0.7585579954702535
0.9511872808296982,1.0346805814720965,-0.08349330064239835
1.6107619274839329,1.8139453521624174,-0.2031834246784845
0.9376608828193876,0.9009511904283589,0.036709692391028725
1.5174876492622351,1.9290363883865915,-0.4115487391243564
0.7889473609029727,0.807590504907922,-0.018643144004949264
2.3453465990998272,2.135916860484802,0.20942973861502523
1.4357912802265824,1.6410291964351664,-0.205237916208584
1.821365953075842,1.7594181508992797,0.06194780217656226
0.9761785665450124,1.0277736595282903,-0.0515950929832778
0.2573897624255425,0.1981684110890459,0.059221351336496614
0.3318211175257934,0.336548688884514,-0.004727571358720595
0.280269809082635,0.11690475126469613,0.16336505781793886
2.2475152993904657,2.0856554752779948,0.1618598241124709
0.4164108335899818,0.48680771367510606,-0.07039688008512424
0.2921370531993842,0.41052266054775943,-0.11838560734837522
1.4172783794044537,1.3676502077607031,0.04962817164375055
0.8104349842503666,1.3809968212010217,-0.5705618369506551
0.3711435135685738,0.4780247553744654,-0.10688124180589165
2.279631451888229,2.463830036033797,-0.18419858414556822
1.9645459483033405,1.6376107329513636,0.3269352153519769
1.3990819384254385,1.297256313121801,0.10182562530363759
2.612800374717924,2.2286341222864374,0.3841662524314864
2.234422902510373,2.24742663650967,-0.013003733999296774
1.8297521389183449,1.748876019273504,0.08087611964484087
1.0760352097566346,1.0443852413875399,0.03164996836909473
1.1667054756273332,1.3471875797599178,-0.1804821041325846
1.5421896003000126,1.782996603288527,-0.24080700298851432
1.1443001187349109,1.2703050463193988,-0.1260049275844879
0.5776154776719028,0.5781328416058596,-0.0005173639339568492
1.829593908996788,1.7136288552844618,0.11596505371232624
1.2035594848938296,1.2018386850583558,0.0017207998354737963
1.9440031829070483,1.8359912300251426,0.10801195288190568
1.8882972098943076,1.6794805646261657,0.20881664526814192
2.036517959783785,1.9152876476264906,0.12123031215729418
0.8759964221059752,0.9010736310185271,-0.02507720891255194
0.5269186108051503,0.44087333041257626,0.08604528039257409
0.4248874365666837,0.5772027582411778,-0.15231532167449413
0.5086588778575123,0.8625998060214484,-0.3539409281639361
1.2873399678221278,1.687419866131934,-0.40007989830980617
1.1535769129568656,1.5624007360595134,-0.40882382310264775
1.439114108579272,1.2979647012132323,0.14114940736603976
2.3018785788590947,1.9288859035065165,0.3729926753525783
0.3030413553305891,0.35152390005721007,-0.048482544726620946
0.8354669578406295,0.9404572329276943,-0.10499027508706482
0.674135729821463,0.6638734771633288,0.010262252658134186
1.4383229589714888,1.596646645715038,-0.15832368674354913
0.2387728820130101,0.3473976556340418,-0.10862477362103168
1.3876577380890478,1.4165188436391836,-0.02886110555013577
0.3950181481955219,0.4885204290275158,-0.09350228083199391
1.4946211650613472,1.5647482355803999,-0.07012707051905265
0.377436543374626,0.29553739376985955,0.08189914960476646
2.510629053579672,2.07845368272736,0.43217537085231195
1.367657476004286,1.4025640207832595,-0.03490654477897337
2.4465775813335378,2.425096293877946,0.021481287455591858
0.6548949713601738,0.7497495589723009,-0.09485458761212706
0.8141149600679506,0.7461770577397422,0.0679379023282084
2.255042522078325,2.1609938786215808,0.09404864345674424
0.6398314828279801,0.7469024659981293,-0.10707098317014918
1.9461731936214932,1.9152876476264906,0.030885545995002595
0.1822938416547535,0.4374212066464193,-0.2551273649916658
0.4946713527919039,0.42473438111107886,0.06993697168082502
1.642819309591311,1.664455609135249,-0.021636299543937865
0.3441630514072126,0.24607231981572314,0.09809073159148946
0.9196136301244592,0.9117527605245378,0.007860869599921383
1.8531701673087295,1.7677350775419478,0.08543508976678171
1.660192954978232,1.6104741966671077,0.04971875831112427
0.3599227515942556,0.3922330091875452,-0.03231025759328965
1.013127513764443,0.9914146027592494,0.02171291100519368
1.599260872722715,1.6472778413028577,-0.048016968580142594
1.4251898754822865,1.4867547340322396,-0.06156485854995308
0.9242791522744292,1.1239426819373672,-0.199663529662938
0.5926789662040965,0.5772027582411778,0.015476207962918709
2.353339470927558,2.24742663650967,0.10591283441788812
0.8212036605536887,0.7320418361756883,0.08916182437800035
2.499200331665042,2.401594147187856,0.09760618447718628
2.4166314395502204,2.2389655379018842,0.17766590164833618
0.2336733577201512,0.3374910903348385,-0.1038177326146873
0.8143590863049717,0.8501071100736675,-0.03574802376869579
1.1859824008916688,2.4365269813887465,-1.2505445804970776
0.5129175232833376,0.5252118749886856,-0.012294351705347983
0.615161177521346,0.629757411569639,-0.014596234048293022
1.9298800332793964,1.80587197128605,0.12400806199334635
1.4910496896529015,1.309320785304175,0.18172890434872646
0.9459430890714868,0.9385526476672552,0.007390441404231618
2.1885633496650154,2.2215936196532287,-0.033030269988213234
0.7735719333464004,1.61673148982345,-0.8431595564770495
1.0125262400625274,1.4320627703937336,-0.4195365303312062
1.4298915646884705,1.9780530599512214,-0.5481614952627509
1.8820313050006636,1.8173290674743183,0.0647022375263453
0.9119100934806016,1.092402465471036,-0.18049237199043444
0.943339076720488,1.1896647381398242,-0.2463256614193362
1.1555660891497446,1.2097769909922955,-0.05421090184255095
0.4093718626166619,0.3815302743515936,0.02784158826506833
1.6682626809776215,1.7455762017913452,-0.07731352081372367
1.1300594257948118,1.428413973036038,-0.2983545472412261
1.0665775812662812,0.9966070563195666,0.06997052494671463
0.98667147088017,0.9966070563195666,-0.009935585439396544
1.6852294493872295,1.483705502846211,0.20152394654101857
0.8676057154447379,0.6913148406247669,0.17629087481997097
2.489444327872355,2.305146499436609,0.18429782843574571
2.2433561132426454,2.1297388408278275,0.1136172724148179
1.4599823746966438,1.5698982292197061,-0.1099158545230623
0.2539629544824491,0.18653599217071815,0.06742696231173095
0.3504606022851675,0.3815302743515936,-0.03106967206642608
1.2187495573632687,1.1720053257763512,0.04674423158691754
0.3365318483694471,0.32566879417838346,0.010863054191063648
1.5361135713122371,1.507449543163303,0.028664028148934095
2.1941556482633238,2.141596596443529,0.0525590518197947
1.0672828345586003,1.1228512291401032,-0.05556839458150287
0.9724533822869128,0.8738688703285704,0.09858451195834239
0.5605899381124068,1.0931884758307673,-0.5325985377183605
2.475425156822435,2.4252308785245518,0.050194278297883255
0.9171181181825988,1.1896647381398242,-0.2725466199572254
0.5558113944813957,0.5570799919494533,-0.0012685974680576306
2.306467246584237,2.1310779528752737,0.1753892937089634
0.7198641771513365,0.8629420843129021,-0.14307790716156554
1.7417446565485324,1.6867024147161267,0.05504224183240569
2.138870113671428,2.044715776869441,0.09415433680198726
2.43999521659678,2.4252308785245518,0.014764338072228433
1.9655586198013035,1.8280228146922668,0.13753580510903674
0.187632971365899,0.03335421611512891,0.15427875525077006
1.720455950744476,1.7067247253524185,0.013731225392057622
1.214952039245909,1.0967126264274027,0.11823941281850625
1.8087075593513091,1.748876019273504,0.05983154007780511
1.1089832002434652,1.0706538483289416,0.03832935191452358
2.292904681517713,2.1297388408278275,0.1631658406898855
0.589577659741586,0.551086126046453,0.03849153369513303
2.4006095283322093,2.3033976534762166,0.0972118748559927
0.3440364674699674,0.3403353360568732,0.003701131413094194
0.8874251432611007,0.783450182670207,0.10397496059089362
1.8926010637606483,2.249517273072548,-0.3569162093118998
0.9854689234763394,0.8718150288741342,0.11365389460220521
2.3294105852099527,2.1133123452429747,0.21609823996697797
1.37669014398922,1.378387164594873,-0.0016970206056530213
1.354122036356506,1.2489977144472781,0.10512432190922794
1.8993009718098524,1.9590634773721125,-0.05976250556226015
2.2000282391421946,2.1927266773304104,0.007301561811784207
0.2197129575669513,0.20739046537441239,0.01232249219253892
2.491352127555833,2.497379560452752,-0.006027432896918761
1.6608529998300352,1.9341117191897692,-0.273258719359734
0.8770497812257189,0.8179931201647316,0.05905666106098728
0.9128142643162576,0.7887849279133012,0.12402933640295633
0.3672736615919539,0.558896428938497,-0.1916227673465431
2.2440794493035674,2.1666243834917926,0.07745506581177475
2.313555947069976,2.3804730149485134,-0.06691706787853757
1.7305103321180098,1.9224408220149665,-0.1919304898969567
2.4194117645913784,2.2939235317379043,0.1254882328534741
1.483129151937599,1.1292681681262045,0.35386098381139464
2.222813347846353,1.9571589833888465,0.26565436445750645
2.0504060253182206,1.7673210243169941,0.28308500100122647
1.5723437025299765,1.522911597881529,0.049432104648447384
1.7283764887129465,1.1733242495313292,0.5550522391816173
0.3590276223960687,0.5342666940505106,-0.1752390716544419
1.0407228120839238,1.157599967731089,-0.11687715564716528
0.7408454647497492,1.2703050463193988,-0.5294595815696496
0.2854597505096932,0.30181738367387095,-0.016357633164177765
2.358208430933264,2.2990966531553374,0.059111777777926644
2.1865289660442926,1.9835224650956738,0.20300650094861883
1.4269304046194096,1.441486692832311,-0.014556288212901336
1.5428179991675044,2.1875655783727175,-0.6447475792052131
1.8714525056158808,1.8909844307681993,-0.019531925152318497
2.3855822073625657,2.2486148702617292,0.13696733710083642
1.626566836111491,1.6440697908769815,-0.017502954765490353
0.956576139800094,0.9836690757304295,-0.02709293593033546
1.4754436985686803,1.151510125088126,0.3239335734805544
0.2760970599722741,0.4668964420638647,-0.19079938209159064
0.7683141791319847,0.8501071100736675,-0.08179293094168272
0.2608075287311663,0.28101183559877124,-0.020204306867604938
1.9540575652932533,1.8909844307681993,0.06307313452505392
1.9681083823274843,1.9072741074557087,0.06083427487177562
1.726604313591512,1.5737688415997175,0.15283547199179437
2.435582862574469,2.17704656710487,0.2585362954695989
0.5652418978061725,0.6043462637778526,-0.0391043659716801
1.3110111640870037,1.416023422888407,-0.1050122588014033
1.5680714946479468,1.7455762017913452,-0.1775047071433984
1.1532875782793288,1.3471875797599178,-0.19390000148058895
0.4996442931475177,0.5331364617976913,-0.03349216865017357
0.0290413812724461,0.04000951455535983,-0.010968133282913732
0.756211850668852,0.7000284409887366,0.05618340968011537
2.0769524845771894,1.9590634773721125,0.11788900720507689
0.3125487130801929,0.16271626881151904,0.14983244426867384
1.1369898963589933,1.199248378037349,-0.06225848167835579
1.2261275925265438,1.1069155505711736,0.11921204195537016
1.9936240863072152,1.8702839871584394,0.12334009914877586
1.801966964692996,1.7320668980004785,0.06990006669251758
0.2577062222686558,0.31473499582181813,-0.057028773553162326
2.2129217169599427,1.9300156544303158,0.2829060625296269
1.6061687389400547,1.6300516194367607,-0.02388288049670595
0.5091652136064935,0.4760088762276981,0.033156337378795364
1.477120935737181,1.50799198559433,-0.030871049857148947
1.114082724536324,1.1437261946223338,-0.02964347008600976
2.1692864261728557,2.07845368272736,0.09083274344549563
0.5128994397552307,0.5463115777465625,-0.0334121379913318
1.9711283130400967,1.8044309593831844,0.1666973536569123
1.4381737706874018,1.5476845386693978,-0.109510767981996
1.2642836077153714,1.7836623844133457,-0.5193787766979743
1.1216415939679976,1.1292681681262045,-0.007626574158206889
1.6528510866180033,1.6635714301373068,-0.01072034351930351
1.4358862181795164,1.3524834195054491,0.0834027986740673
0.23403502600378,0.25087617639176774,-0.016841150387987724
2.146275274000279,1.9835224650956738,0.1627528089046053
0.1771988381806292,0.2433549948376365,-0.0661561566570073
1.226516385975749,1.0418423618146853,0.18467402416106382
0.2882445971290904,0.4361192264721426,-0.14787462934305218
2.0062734394069497,1.8785062971066337,0.12776714230031594
2.5179709219399005,2.3787225027699352,0.13924841916996522
0.299004231794943,0.3017780438693294,-0.0027738120743863726
1.542248371449901,1.5528593036582767,-0.010610932208375834
1.0287651508329754,1.1720053257763512,-0.14324017494337582
1.580698242388168,1.4935385573119966,0.08715968507617133
2.4484220915800714,2.3594241124014834,0.08899797917858798
0.8966115203488562,0.82981893043149,0.06679258991736614
1.2187947658037843,1.151510125088126,0.06728464071565843
0.3468529600736758,0.4361192264721426,-0.0892662663984668
1.4263472144456013,1.5399338678866434,-0.11358665344104213
1.2166880473111297,1.3471875797599178,-0.1304995324487881
0.1883563081863248,0.2713733880916175,-0.0830170799052927
0.3615999887627562,0.3815302743515936,-0.019930285588837415
0.1430211751243915,0.09076957696494471,0.052251598159446785
1.256724738536866,1.1584135876728605,0.09831115086400555
1.5101276973738995,1.5648869601549251,-0.05475926278102561
1.7837072317453575,2.006671950010502,-0.22296471826514463
1.9795642286481865,1.9240481516511758,0.055516076997010666
2.3439360920088537,2.522949331339286,-0.17901323933043223
1.5822624580756277,1.4277819285433324,0.1544805295322953
2.235358719836676,1.9571589833888465,0.27819973644782925
0.805760420209759,0.7320418361756883,0.07371858403407072
0.1635096894300272,0.17213733306898796,-0.008627643638960764
1.3830555079077005,1.2107904770841311,0.17226503082356937
2.0556863831199745,1.9307277947110868,0.12495858840888774
1.3360386168585316,1.3764526574292317,-0.04041404057070008
0.4905257288471194,0.6210528800399779,-0.13052715119285851
1.3913377139066316,1.4202198046281764,-0.028882090721544795
0.6134613362591718,0.8184939358686885,-0.2050325996095167
0.6653381461829131,0.7497495589723009,-0.0844114127893878
0.7266997097625842,0.7305547168811326,-0.003855007118548359
0.0277665002625233,0.04190025453623789,-0.014133754273714591
0.1745405754984774,0.03335421611512891,0.1411863593833485
1.309238988965569,1.3049552574823962,0.004283731483172737
1.0111971087214515,0.9549170245959888,0.056280084125462704
1.3972690756822226,1.4477986687256685,-0.05052959304344595
0.1457879382156817,0.12460918696286237,0.02117875125281933
1.9542474411991213,1.8280228146922668,0.1262246265068545
0.466791240613621,0.5837251851130324,-0.11693394449941141
1.0183852679788588,0.9048837572826742,0.11350151069618453
0.852619081337371,0.8998045935388099,-0.04718551220143896
0.095109154877036,0.04556173508460021,0.04954741979243579
0.5920776925021815,0.458843817061949,0.13323387544023246
0.6894478654094126,0.8294841746718694,-0.1400363092624568
1.2921818034217614,1.3655645937274485,-0.07338279030568717
0.4499555769599929,0.6451106505819734,-0.19515507362198048
0.7280921330722827,0.7469024659981293,-0.01881033292584655
1.7966956477692078,2.0654192160634834,-0.2687235682942757
0.5297667493931701,0.46461327643038486,0.06515347296278529
0.6393929598663561,0.5523797853752888,0.08701317449106738
1.80150583738453,1.88927192430526,-0.08776608692072996
0.3378700213479925,0.2892855399867626,0.04858448136122989
1.0475899906794826,1.1228512291401032,-0.0752612384606206
0.5491928629415928,0.6452158846130075,-0.09602302167141474
1.3127110056023457,1.5476845386693978,-0.23497353306705215
0.2568517806922499,0.27520025846197815,-0.018348477769728255
1.1888395811171582,1.8715557149025226,-0.6827161337853644
2.287262655685498,2.032967627171175,0.25429502851432284
1.822790022369852,1.7594181508992797,0.06337187147057244
0.4458099530152085,0.42931226468905115,0.016497688326157334
1.057553954918817,1.2865097881309235,-0.22895583321210644
1.902696132755963,1.7855593831022067,0.11713674965375631
1.0708271848014692,0.7805158510036011,0.2903113337978681
1.2564715706623757,0.9048837572826742,0.35158781337970146
1.1952817994604652,1.859536771461713,-0.6642549720012478
0.8025234881725339,1.5186066438590664,-0.7160831556865325
2.3706769487519286,2.301896713470216,0.06878023528171262
0.965848413203314,1.2163391220496496,-0.2504907088463355
1.0303926587422254,1.0859840351232395,-0.05559137638101408
0.5710014669508348,0.8421514523094332,-0.27114998535859847
1.76807411549556,1.7836623844133457,-0.015588268917785753
1.912393366158267,1.8961692168577984,0.01622414930046867
1.441582495355556,1.4115749648389295,0.030007530516626524
0.310419390493864,0.24607231981572314,0.06434707067814088
0.6865183513246633,1.0640529140764177,-0.37753456275175434
1.6256626652758346,1.6155283631232797,0.010134302152554842
1.6466755988585589,1.6155283631232797,0.03114723573527911
2.3134836144765547,2.4706600024010874,-0.1571763879245327
1.108187529816947,1.1069155505711736,0.0012719792457733803
0.3934584533267971,0.5599928498903849,-0.16653439656358782
2.019216646990284,2.02196343910081,-0.002746792110525753
1.0835217453290478,1.020624226253439,0.0628975190756087
1.7213962886363463,1.6155283631232797,0.10586792551306656
1.0303112832454957,1.0425725251215703,-0.01226124187607458
1.901000811806188,1.8909844307681993,0.010016381037988742
0.2358433679282607,0.23786003453638904,-0.0020166666081283535
2.1880796192755474,2.119937807532253,0.06814181174329459
0.2622089936783344,0.23786003453638904,0.024348959141945348
0.9543925668826122,0.9912634404998355,-0.0368708736172233
1.4651903996518092,1.45541230264812,0.009778097003689146
0.6781864158133134,0.6383562712487384,0.03983014456457501
0.8218184969649762,1.0640529140764177,-0.24223441711144145
0.0868179069874673,0.1134918035850251,-0.026673896597557797
1.906172669451971,1.8157280134606129,0.09044465599135809
0.4299146272534506,0.4780247553744654,-0.04811012812101484
1.884752859651438,1.7473228385119464,0.13743002113949165
2.417418067579765,2.305825997604129,0.11159206997563587
1.5139252154912592,1.9304150220438965,-0.41648980655263723
0.982082803155027,0.9660549477474433,0.01602785540758378
2.199051735206781,2.1773406354535867,0.021711099753194407
2.438019603366442,2.108901213211681,0.32911839015476074
1.673262746498812,1.648888507718143,0.02437423878066891
1.3616763849694449,1.297256313121801,0.06442007184764398
1.2245000846172938,1.1243554192132073,0.10014466540408651
1.2317063274028075,1.1895022488129088,0.04220407858989872
2.3011145536573845,2.2890690074719227,0.01204554618546183
1.300156591468217,1.203801355974895,0.09635523549332192
1.6575979842647028,1.2865097881309235,0.3710881961337793
0.2784479044487822,0.4169871314933424,-0.13853922704456018
0.1083914266503256,0.11690475126469613,-0.00851332461437053
1.1436671990486842,1.4124405876419577,-0.2687733885932735
1.1805212083151806,1.324597054665013,-0.1440758463498324
1.1612940123100957,1.248502198451712,-0.0872081861416163
0.9662598109993614,0.9892692859379827,-0.023009474938621266
1.6369105521625618,1.7673210243169941,-0.13041047215443236
2.12794772750578,2.232907736242271,-0.10496000873649125
2.593527970272323,2.3904442322477535,0.20308373802456936
1.5679765566950128,1.7473228385119464,-0.17934628181693357
2.464633876172271,2.497379560452752,-0.03274568428048097
0.8511859704058916,1.2703050463193988,-0.41911907591350717
0.9033385525509656,1.5190759179269948,-0.6157373653760292
2.1551994415760745,2.212250348860613,-0.05705090728453843
0.5826471891774047,0.4640000739013623,0.11864711527604238
1.146307378202729,1.1376000302842646,0.008707347918464503
2.367449058352173,2.4706600024010874,-0.1032109440489144
2.454697037098513,2.305859501157501,0.1488375359410119
1.5784513775020634,1.522286714754137,0.05616466274792642
2.282343965914205,2.1399663088269762,0.14237765708722883
0.2384021718387438,0.23786003453638904,0.0005421373023547504
1.5162353723459865,1.4474057597226255,0.06882961262336096
1.092925123741416,0.8625998060214484,0.23032531771996756
2.2447259311928303,2.1297388408278275,0.11498709036500276
1.7269659818751408,1.6554667617117031,0.07149922016343768
1.2184466599763597,1.1004803792751028,0.11796628070125692
1.5592603485531924,1.4684884276061694,0.09077192094702302
1.2082250070438,1.1881020455733138,0.02012296147048631
1.7021238841907458,1.986859001328981,-0.2847351171382353
0.5860649554830285,0.6532090871982151,-0.06714413171518663
1.146777547148664,1.2618558033807303,-0.11507825623206624
1.6556359332374002,1.6815123288314955,-0.02587639559409527
2.19022702463048,2.0091272743780193,0.18109975025246072
0.1946990675047954,0.39572071217692223,-0.20102164467212683
0.9511963224671676,1.428413973036038,-0.47721765056887033
1.6130404383543484,1.6867024147161267,-0.07366197636177829
2.4341271472961474,2.3594241124014834,0.07470303489466401
0.0860584033639954,0.06112244135285617,0.024935962011139227
1.8697526630878671,1.9300156544303158,-0.06026299134244861
0.4378668109530644,0.48680771367510606,-0.04894090272204166
1.1284409597761988,1.2055131786943383,-0.07707221891813942
0.7847836534300813,0.7208979195613684,0.06388573386871288
0.8861005327387594,0.8507798026412987,0.03532073009746073
2.0993035926574657,2.401594147187856,-0.3022905545303902
1.3927210955788607,1.3631596783492528,0.029561417229607923
0.4558462508606353,0.3415228432029839,0.11432340765765142
0.7070475535052474,0.7414490464858136,-0.03440149298056616
0.953253311447404,0.8184939358686885,0.13475937557871553
1.1268948273636787,1.2107904770841311,-0.08389564972045238
0.2924851590268089,0.31473499582181813,-0.022249836795009248
1.1560091329301034,1.1593406803883026,-0.003331547458199191
0.960785055713501,0.949640392857257,0.011144662856244048
0.9387458881766102,0.9914146027592494,-0.05266871458263922
0.8930310033029412,0.783450182670207,0.10958082063273411
0.1430392586524985,0.03453167566333994,0.10850758298915855
0.7612571246305578,1.2782605854478648,-0.517003460817307
0.5425743314017897,0.5463115777465625,-0.0037372463447727933
1.7433902477327217,1.709899367253711,0.03349088047901061
0.7018169244564084,0.7438539628556797,-0.04203703839927131
0.9442658519029862,1.0721728842907927,-0.12790703238780654
0.5271401326953297,0.5365901938881124,-0.009450061192782688
2.185995505889238,1.8654871772310286,0.32050832865820955
0.1295851942482802,0.10628157837816313,0.02330361587011706
0.3081499212609178,0.3078900083790041,0.000259912881913682
0.8369724026313692,0.7320418361756883,0.10493056645568088
2.1773154630314564,2.0524130960687152,0.12490236696274115
0.8436994345803105,0.7817293799503741,0.06197005462993643
2.0376752964685885,2.163205246047813,-0.12552994957922436
1.0617493081228515,1.1400543480199317,-0.07830503989708015
1.511845622164181,1.5190759179269948,-0.007230295762813865
0.5308427128597554,0.5365901938881124,-0.005747481028356982
0.8717649018457263,0.8179931201647316,0.053771781680994724
1.0243934841792768,1.1895022488129088,-0.165108764633632
1.4066362870383768,1.3312635441238616,0.07537274291451523
0.4122652096451975,0.4361192264721426,-0.0238540168269451
0.7515101614626678,0.7469024659981293,0.0046076954645385415
1.5843239681277663,1.7320668980004785,-0.1477429298727122
2.3297270450530663,2.250499092543144,0.07922795250992243
0.8614166649759211,0.9797676255270085,-0.1183509605510874
0.703155097434954,0.4881502918362585,0.21500480559869545
1.0024718586889938,0.9105968614081325,0.09187499728086135
0.9124525960326286,0.809794218127669,0.10265837790495957
2.009786143665508,1.9078482388298312,0.10193790483567677
1.97199631681954,2.2866494548745777,-0.3146531380550377
2.44368423455817,2.305146499436609,0.13853773512156087
1.9054855009535985,1.8280228146922668,0.07746268626133168
1.275219555830888,1.3911917498589574,-0.11597219402806935
1.3666719296719003,1.2107904770841311,0.1558814525877692
0.96196499877049,0.949640392857257,0.012324605913233033
0.876575091461049,0.9010736310185271,-0.02449853955747816
1.0398322037044716,1.1239426819373672,-0.08411047823289564
1.6110467413427343,1.9772147585249353,-0.36616801718220104
1.6349078135134782,1.6867024147161267,-0.05179460120264845
0.9621458330388885,0.9273736518975564,0.03477218114133207
0.0220385771021724,0.11509545756347604,-0.09305688046130364
0.6148628012063398,0.6401121886046445,-0.025249387398304624
0.6221097316136346,0.7828168507426626,-0.16070711912902802
1.6139084423869587,1.4423328231033135,0.1715756192836453
1.2222441780937194,1.243814204145875,-0.021570026052155633
2.4459627454285853,2.377275249447036,0.06868749598154933
0.0749732672175599,0.16217439225319313,-0.08720112503563324
1.4321700755588864,1.3764526574292317,0.055717418129654694
1.7387563715670629,1.620640175877704,0.11811619568935883
1.1820854240026402,1.1771691512608347,0.004916272741805505
0.286983278575372,0.336548688884514,-0.04956541030914202
0.8465566148057997,1.0322753060922365,-0.1857186912864368
2.0697552839354803,2.0729967893389545,-0.003241505403474232
1.7733318697099758,1.7560461016057243,0.01728576810425153
1.352245881644668,1.4091107643633576,-0.0568648827186895
0.0296019673525805,0.04556173508460021,-0.01595976773201971
1.7966233141631154,1.6582885072105145,0.13833480695260092
1.1768683574100054,1.1004803792751028,0.07638797813490261
2.473919711778528,2.4534577988084547,0.02046191297007338
1.729750828494538,1.7289344199166892,0.000816408577848815
1.9211819091720188,1.7886525819756698,0.13252932719634902
1.844689043513293,1.9288227174057087,-0.08413367389241566
1.7497510905792992,1.6230604755042128,0.1266906150750864
0.98308643301552,1.1429838687154545,-0.15989743569993453
0.9318380217061027,0.8179931201647316,0.11384490154137117
0.3293708142776166,0.3245940854614644,0.004776728816152209
1.0899956096566663,1.4202198046281764,-0.3302241949715101
1.531457090799737,1.503965848432876,0.027491242366860957
0.199748862538404,0.37851716426135074,-0.17876830172294675
0.2079903809155545,0.2591383992216113,-0.05114801830605681
2.123521811280432,2.2634950984661497,-0.13997328718571778
0.7101488599677579,0.7469024659981293,-0.036753606030371366
1.296761429509435,1.2965189787184812,0.0002424507909537521
0.2069098966302344,0.16961116563632478,0.03729873099390962
0.6816674740875599,0.6877852079868475,-0.006117733899287603
1.1523065527656775,1.1437261946223338,0.00858035814334368
1.7251305147850835,1.7985208879264813,-0.07339037314139785
0.1211537999652617,0.17213733306898796,-0.05098353310372626
0.7142944839125425,0.9797676255270085,-0.265473141614466
0.8441696035262456,1.4307016841627063,-0.5865320806364607
0.9006983731437527,1.0400774630948528,-0.13937908995110015
0.2899851262662136,0.4146630724075412,-0.1246779461413276
1.2435735715195568,1.5280821837869123,-0.28450861226735547
0.759720033855507,0.7438539628556797,0.015866070999827286
0.5154853688312903,0.5140208016477872,0.0014645671835030738
1.591236355163841,1.5648869601549251,0.026349395008915977
1.899753056215009,1.9072741074557087,-0.007521051240699794
1.6375977221799414,1.5980360911717923,0.03956163100814902
1.0651535119722717,1.010290497890982,0.054863014081289796
0.9647498453898872,0.9797676255270085,-0.015017780137121295
0.4018853267910807,0.42473438111107886,-0.022849054319998174
2.358185825573751,2.502287225602809,-0.1441014000290579
1.5775969359256576,1.0672304912450927,0.5103664446805649
0.3416946646309289,0.3403353360568732,0.0013593285740556849
1.7322825072394443,1.6814595015823661,0.0508230056570782
2.3700485506439404,2.2890690074719227,0.08097954317201772
0.2381173579799418,0.23086870241423757,0.007248655565704226
0.8297028678772325,0.8857482041470325,-0.05604533626980002
0.5930270720315214,0.6978269949521664,-0.104799922920645
1.0548776087085583,1.138129904919219,-0.08325229621066077
1.810909215796898,1.9091278654432202,-0.09821864964632221
0.5606939177028103,0.7497495589723009,-0.1890556412694906
0.1171980519263453,0.1305087983765395,-0.0133107464501942
0.6613191061753738,0.6565387242803893,0.004780381894984531
0.3219566120581277,0.31987071860600086,0.0020858934521268413
0.6019512396073167,0.715461075717973,-0.11350983611065635
1.1328126264298977,1.378387164594873,-0.24557453816497543
2.265381718323332,2.0856554752779948,0.17972624304533724
2.5089653786142074,2.32502935341987,0.18393602519433738
1.4298915646884705,1.5888454615163026,-0.15895389682783212
2.444733073618682,1.9571589833888465,0.48757409022983556
0.0237791062392956,0.1305087983765395,-0.1067296921372439
2.283977501244211,2.1773406354535867,0.10663686579062448
1.2245226889641354,1.2459773359670216,-0.02145464700288624
2.1285535227859333,2.037496680180749,0.09105684260518432
1.1211669042033277,1.1353515714052864,-0.014184667201958767
0.2167563185697932,0.3017780438693294,-0.0850217252995362
1.5193683247928085,1.4511703042754318,0.06819802051737667
0.991133554668068,1.6682423249906937,-0.6771087703226257
1.5850337422388203,1.522286714754137,0.0627470274846833
1.5737632510052515,2.204537592814527,-0.6307743418092755
1.7563334553160563,1.8139453521624174,-0.05761189684636103
0.7515463282657141,0.7805158510036011,-0.028969522737887
1.476040451451861,1.8015379994173608,-0.3254975479654998
1.6786470846504726,1.5946642055670563,0.08398287908341628
1.0149946268388117,0.854324268070755,0.1606703587680567
1.3980647461087408,1.4935385573119966,-0.09547381120325582
0.2656493643307999,0.3017780438693294,-0.036128679538529496
1.7174902701098484,1.854417829689497,-0.13692755957964864
0.1532111820726402,0.23498865244126943,-0.08177747036862923
0.4799622992839972,0.555765030786756,-0.07580273150275879
0.946304757355116,0.8570220246593122,0.08928273269580378
1.0180326413326994,0.974206892202544,0.04382574913015547
1.7674728417936447,1.6557563061381708,0.1117165356554739
1.5131024198991645,1.730713963833379,-0.21761154393421456
0.7144391513778948,0.6446338518173891,0.06980529956050574
0.8759105257905109,0.9797676255270085,-0.1038570997364976
0.6197181992621779,0.43840349987815674,0.18131469938402112
2.087128929322401,2.115599012149205,-0.028470082826804077
1.5723889109704925,1.4298473541405745,0.14254155682991798
0.5658657758549296,0.5331364617976913,0.032729314057238335
0.9568654744776308,1.0036984059928897,-0.04683293151525891
1.0872469298403156,1.1429838687154545,-0.055736938875138975
1.2850614569517118,1.3969599079784119,-0.11189845102670004
0.4222336947032667,0.5599928498903849,-0.13775915518711818
0.2861876081488539,0.3374910903348385,-0.05130348218598457
0.8014203995403718,0.8588064926544863,-0.05738609311411447
1.5924389025676715,1.7320668980004785,-0.13962799543280702
0.2580136404742996,0.18653599217071815,0.07147764830358144
0.3541450989214864,0.3358222167528987,0.018322882168587684
2.342227208856042,2.6461932154748795,-0.30396600661883744
0.6827117915698339,0.5436781892131088,0.13903360235672502
2.347701964141902,2.3457021208196847,0.001999843322217476
2.280042849684276,2.1249614066074582,0.15508144307681793
2.231999723921437,2.064000857852233,0.16799886606920422
2.1500095001490163,2.089287096468561,0.06072240368045545
2.533884330470262,2.379086494200976,0.15479783626928567
0.2201107929067943,0.1772764283696754,0.04283436453711892
1.1846442279131233,1.1935272697012211,-0.008883041788097845
1.6368743853595156,2.089287096468561,-0.45241271110904524
0.1623885175229263,0.03335421611512891,0.12903430140779737
1.3650805888188644,1.2618558033807303,0.10322478543813407
1.2044591349107512,1.126931355075287,0.0775277798354641
1.640237901333986,1.574822465559192,0.06541543577479403
0.7189464436063081,0.6497640358007256,0.06918240780558249
1.1293451306118554,1.1062589651147796,0.02308616549707576
2.3688912114274574,2.3457021208196847,0.023189090607772744
0.0622787066899812,0.14143369594897187,-0.07915498925899067
0.6393929598663561,0.551086126046453,0.08830683381990312
1.7765145516692158,1.7011114326465808,0.07540311902263497
1.0310436617033911,0.9105968614081325,0.12044680029525867
0.5057790932851811,0.6629403536830584,-0.15716126039787726
1.222257740549924,1.6300516194367607,-0.4077938788868367
1.5355394227758985,1.6235847390935065,-0.08804531631760804
1.627027963419957,1.5186066438590664,0.10842131956089052
1.4735449395100004,1.6815123288314955,-0.20796738932149506
0.4064061817288663,0.28830032946558865,0.11810585226327763
0.1427860907780078,0.24741421190200324,-0.10462812112399544
1.0068842132176412,0.8860706502337395,0.12081356298390167
0.9673176909378396,0.9914146027592494,-0.024096911821409828
0.2722633750518682,0.31926090811013047,-0.046997533058262264
2.1320662270444912,2.016992814660259,0.1150734123842323
0.4215962541983053,0.5005998194136423,-0.07900356521533697
0.2321905172762533,0.3396414529819679,-0.1074509357057146
1.1684053171426754,1.2107904770841311,-0.04238515994145575
0.0897293375441097,0.03453167566333994,0.05519766188076975
1.5795861121185366,2.1875655783727175,-0.6079794662541809
1.2043551553203478,1.126931355075287,0.07742380024506068
2.047512678542853,1.9288227174057087,0.11868996113714414
0.2170004448068144,0.1772764283696754,0.03972401643713902
1.1796170372263564,2.1792014199062675,-0.9995843826799111
0.6991677034117261,0.6383562712487384,0.06081143216298768
1.1625462892263447,1.1353515714052864,0.027194717821058312
0.5074924972567277,0.5837251851130324,-0.07623268785630466
0.7205513471687164,1.1896647381398242,-0.4691133909711078
2.1093127643246445,1.8459748751335996,0.26333788919104495
1.8014335037784377,1.7916028739830223,0.00983062979541538
0.2282121648904952,0.2954506010884747,-0.0672384361979795
1.725067222816461,1.7067247253524185,0.018342497464042484
0.4341642307886386,0.42931226468905115,0.004851966099587435
0.2658256777804636,0.16271626881151904,0.10310940896894458
0.0531149336958996,0.04190025453623789,0.011214679159661706
2.1126672386616456,1.8459748751335996,0.26669236352804604
0.1638442328012475,0.09892398653222914,0.06492024626901835
0.0707779137603572,0.10628157837816313,-0.03550366461780592
2.005667644126796,1.7673210243169941,0.2383466198098021
0.8981260067770652,0.5523797853752888,0.34574622140177647
0.4350503183493559,0.5171877346338106,-0.0821374162844547
1.3795111576648311,0.8204627185041509,0.5590484391606803
0.5391023147650128,0.5365901938881124,0.0025121208769004477
1.3594747285238558,1.248502198451712,0.1109725300721438
1.907094924575238,1.9911037192283518,-0.08400879465311384
2.144787912737647,2.0601760180085744,0.08461189472907238
2.296245593651678,2.2866494548745777,0.009596138777100194
0.1279576865921979,0.14143369594897187,-0.013476009356773982
1.8198424242506597,1.566929036420173,0.2529133878304868
1.6647951851595792,1.4091107643633576,0.25568442079622167
0.1538169765932903,0.12038188083416383,0.03343509575912647
1.7386840377078028,1.441486692832311,0.2971973448754919
0.9311870187449368,0.688211431915615,0.24297558682932185
1.8384321792444471,1.596646645715038,0.24178553352940924
2.266466722414715,2.330349038862778,-0.06388231644806286
0.6109296575142652,0.6083599429801013,0.0025697145341638805
1.1360405168296532,0.8514250981666704,0.2846154186629828
2.0414004819925275,2.1310779528752737,-0.08967747088274614
1.4835269870242742,1.4115749648389295,0.07195202218534469
1.7214324554393927,1.9137824165617425,-0.1923499611223498
0.7591684896660101,0.5772027582411778,0.1819657314248323
2.5395986914275763,2.502287225602809,0.03731146582476752
0.0879571624226752,0.08929634972887647,-0.0013391873062012644
2.6307029612133395,2.249517273072548,0.38118568814079135
1.163604169164823,0.9385526476672552,0.22505152149756769
0.3796065538359036,0.24607231981572314,0.13353423402018044
1.1071748583189844,1.0185474164705184,0.08862744184846605
1.7000289200293357,1.8909844307681993,-0.19095551073886363
0.1048244720606148,0.08381723621739413,0.021007235843220673
0.3491540752909334,0.34510007135387344,0.004054003937059958
0.5462271820537972,0.5331364617976913,0.013090720256105914
2.4980068274176888,2.345892734330693,0.15211409308699597
0.5377641417864674,0.5043867530568118,0.033377388729655566
1.9390573687296824,1.9772147585249353,-0.03815738979525296
0.7959727694200881,0.7297307888994244,0.06624198052066366
1.6722093873790682,1.4298473541405745,0.2423620332384937
1.2483701986786748,1.2018386850583558,0.04653151362031904
1.8733331808932856,1.7560461016057243,0.11728707928756132
1.5234551775877043,1.9240481516511758,-0.4005929740634715
0.5240207427047123,0.7080214035742249,-0.1840006608695126
0.5899890575376334,0.5891117439331794,0.0008773136044539775
2.075483207095832,1.9029649735971732,0.17251823349865858
0.8266377282177682,0.7817293799503741,0.044908348267394094
1.441867309214358,1.433590740318372,0.008276568895985825
0.7587570918699628,0.8366664148002876,-0.07790932293032482
0.8561001396116174,0.8825230825159258,-0.026422942904308466
1.9228546247622809,1.8574292884394563,0.06542533632282455
0.8231205031404755,0.8722598508340259,-0.04913934769355044
1.636205298870243,1.7399592212710486,-0.10375392240080572
0.7248958886568384,0.8629420843129021,-0.13804619565606369
2.2963686610871465,1.9288859035065165,0.3674827575806301
1.9849123999968008,1.919585400394743,0.06532699960205779
1.2447896813795916,1.1771691512608347,0.0676205301187569
1.374122298441267,1.5810277886530797,-0.2069054902118126
1.647615936750429,1.4320627703937336,0.2155531663566954
0.4361353234534108,0.34067063772703626,0.09546468572637451
1.2293328785794575,1.2896218732131077,-0.06028899463365023
1.9853780491366733,1.7886525819756698,0.19672546716100348
0.6879650249655149,1.2085800134632714,-0.5206149884977564
0.1340020695956621,0.11297837614980467,0.02102369344585743
1.0648234896729538,1.2877737274246934,-0.2229502377517396
2.399548635949193,2.3033976534762166,0.09615098247297649
1.0828119712179942,1.0283876111054389,0.05442436011255536
1.1746621801456816,0.82981893043149,0.34484324971419156
0.3647419828470474,0.4072812408537987,-0.04253925800675129
0.4519763991371832,0.5772027582411778,-0.12522635910399466
1.5464889333476188,1.4165188436391836,0.12997008970843527
0.9716079823479764,0.9390328625504596,0.032575119797516816
0.1325463543173409,0.2967062906272687,-0.1641599363099278
2.2015834139516883,2.0973894060528924,0.10419400789879596
1.6005267120951685,1.6235847390935065,-0.023058026998338033
2.0644749261337263,1.6623100998308058,0.4021648263029205
1.386527524291309,1.3655645937274485,0.02096293056386056
1.6972504026068007,1.5084453215561777,0.188805081050623
0.8319542535820719,0.8406205721985938,-0.008666318616521895
1.6964773365271246,1.6568544930935254,0.03962284343359923
1.7218393324167052,1.3619708478334147,0.35986848458329046
2.1433954894279483,2.1875655783727175,-0.04417008894476915
1.7829477281218855,2.044715776869441,-0.2617680487475553
1.3271777412513588,1.237495421928866,0.08968231932249271
0.9424936767815516,0.9813618973935305,-0.03886822061197892
1.6321546128783924,1.4573950465081726,0.17475956637021972
1.1387846758272695,1.2979647012132323,-0.15918002538596276
0.781998806810684,0.792703002524219,-0.01070419571353498
0.7341139117289053,0.8372173748033718,-0.1031034630744665
0.7569351872361098,0.8722598508340259,-0.11532466359791615
0.5004942139051888,0.6452158846130075,-0.14472167070781872
1.1843006429044334,1.3631596783492528,-0.1788590354448194
1.4307595687210808,1.4298963056703007,0.0008632630507801053
1.4784274627314151,1.50307242064877,-0.02464495791735488
1.7289280329024432,1.7399592212710486,-0.011031188368605394
1.2506939179896064,1.3622066554365921,-0.11151273744698575
2.2652370506048114,2.1773406354535867,0.0878964151512247
0.5012718010567677,0.6202555330174683,-0.11898373196070056
2.0253243219623718,1.9091278654432202,0.11619645651915156
0.129151192358559,0.19534846341612103,-0.06619727105756201
2.1032096109307954,2.037496680180749,0.06571293075004636
0.6410928013816984,0.7461770577397422,-0.10508425635804375
1.2563630700000692,1.4038739596407663,-0.14751088964069714
1.0348999509706387,1.2367958665805314,-0.20189591560989273
2.459538872698147,1.6987060277286838,0.760832844969463
1.9731400938329864,1.9139205066992178,0.059219587133768625
2.0866225935734195,0.9912634404998355,1.095359153073584
1.221516320454559,1.5280821837869123,-0.30656586333235336
2.336625869632936,2.2990966531553374,0.03752921647759866
0.225142504412296,0.11762282908350029,0.10751967532879571
0.5927377373539844,0.8365707861079613,-0.24383304875397693
0.1213753218554409,0.08929634972887647,0.03207897212656444
1.4002347563168505,1.390100397311319,0.01013435900553139
1.7465232001795437,1.6376107329513636,0.10891246722818004
1.1615336177283817,1.2367958665805314,-0.07526224885214972
2.258112182556524,2.324673284030361,-0.06656110147383743
2.3671552038685726,2.249517273072548,0.11763793079602447
0.7942955322515878,0.7527016086846858,0.04159392356690195
1.418028841390456,1.5683782162101925,-0.15034937481973643
1.4412343895281312,1.433590740318372,0.007643649209759129
0.5986917032232495,0.458843817061949,0.1398478861613005
0.8053399807762422,0.82981893043149,-0.024478949655247773
0.9606268257919444,1.859536771461713,-0.8989099456697687
0.4153348701233965,0.4169871314933424,-0.0016522613699458955
1.9140570411237308,1.730713963833379,0.1833430772903517
0.3633314762624099,0.3663579575435088,-0.0030264812810988917
1.0866682604852418,0.9877590937988759,0.09890916668636585
1.7744349583421375,1.8250301503572477,-0.0505951920151102
2.466360843106357,2.32502935341987,0.141331489686487
0.1703633055693817,0.16217439225319313,0.008188913316188567
2.2886505574169584,2.345892734330693,-0.057242176913734344
1.5023111392490005,1.5399338678866434,-0.03762272863764293
0.521633731425158,0.7318509180522637,-0.21021718662710565
1.4145929915567252,1.6410291964351664,-0.22643620487844118
0.9898360693113032,0.9463311340152012,0.043504935296102
2.484046426758153,2.304139028271426,0.1799073984867272
0.0171650955182274,0.06692896925074668,-0.04976387373251928
1.2731942128349625,1.1856721584854437,0.08752205434951876
1.7745615422793828,1.6815123288314955,0.0930492134478873
1.050465254433079,1.5647482355803999,-0.5142829811473209
2.004835807909904,2.2215936196532287,-0.21675781174332487
1.6211779771410957,1.8173290674743183,-0.19615109033322264
1.4559181262485892,1.4782251740917227,-0.02230704784313353
1.9640576963356344,1.9046199032345927,0.05943779310104169
1.3557269399189145,1.2085800134632714,0.1471469264556431
2.031780102761883,2.4706600024010874,-0.4388798996392045
1.47876652692137,1.3627991392227015,0.11596738769866843
2.417463275767113,2.377275249447036,0.0401880263200769
1.2053135764871572,1.2896218732131077,-0.08430829672595053
2.340613263656164,2.115112931481488,0.22550033217467602
0.1181203062901086,0.11690475126469613,0.0012155550254124708
1.0042802006134746,1.0569336226927737,-0.05265342207929913
1.6008250884101745,1.482935825410191,0.11788926299998348
2.4431417312466386,2.3144009418956806,0.128740789350958
0.7384403699420882,0.7461770577397422,-0.007736687797654018
1.1999428007917006,1.3471875797599178,-0.1472447789682172
2.175326287598081,2.044715776869441,0.13061051072864016
0.98688395113288,0.9579264416239118,0.028957509508968138
0.9040257223151772,1.2085800134632714,-0.3045542911480942
1.77639700936944,1.9420256292438345,-0.1656286198743946
2.528495472512537,2.466826932352548,0.06166854015998924
2.279414451576288,2.163205246047813,0.11620920552847513
2.364600919764153,2.17704656710487,0.1875543526592831
1.2365074753806602,1.1069155505711736,0.12959192480948656
0.0884996649747026,0.1726537193401166,-0.08415405436541401
0.3728071880277022,0.6070618735055825,-0.2342546854778803
0.8393594139109233,0.9463311340152012,-0.10697172010427791
0.0096921224020184,0.04000951455535983,-0.03031739215334143
0.5045991502281922,0.4175257348633669,0.08707341536482532
0.30105217913771,0.42736875985211076,-0.12631658071440077
0.1273790172371243,0.18263462739793054,-0.05525561016080624
2.2304807166744927,2.016992814660259,0.21348790201423373
2.018904708725409,2.018756593142384,0.0001481155830251879
1.0259441374105325,1.3164214462676798,-0.2904773088571473
1.3034794198209068,1.203801355974895,0.09967806384601174
0.9720193801440236,1.0967126264274027,-0.12469324628337919
0.4882155719923923,0.5171877346338106,-0.02897216264141833
1.409384966854728,1.2489977144472781,0.1603872524074499
0.2920828028682311,0.3017780438693294,-0.00969524100109831
1.8600599512638016,1.8157280134606129,0.04433193780318878
1.783096916405973,1.7289344199166892,0.05416249648928373
0.2147581007394446,0.2713733880916175,-0.05661528735217289
2.075768020954633,1.919585400394743,0.15618262055989018
2.0081993228717026,1.9780530599512214,0.03014626292048117
0.6842398404542472,0.7536584342439101,-0.06941859378966286
1.9410194197569848,1.9992320080884214,-0.05821258833143661
2.2811866266977225,2.1455507385336783,0.13563588816404426
0.6797054230602574,0.7414490464858136,-0.06174362342555617
0.4801503668117375,0.5331364617976913,-0.05298609498595375
0.7472786412024192,0.7624812551074441,-0.015202613905024975
1.9526832257648297,1.8894557581466778,0.0632274676181519
0.8893419855947197,0.8636072242349825,0.02573476135973718
0.6720470948569153,0.695622744168399,-0.023575649311483704
0.8240246739761319,0.7978998194393644,0.026124854536767494
0.4425368541749371,0.5254985936456743,-0.0829617394707372
1.7545974469976675,1.6719731365034307,0.0826243104942368
2.475678324696926,2.305825997604129,0.16985232709279696
2.0018701260094365,2.3457021208196847,-0.3438319948102482
0.92304947995819,1.2619582824702087,-0.3389088025120187
1.067875066623046,1.0930388626757543,-0.025163796052708243
2.541058928284136,2.4041305139343447,0.13692841434979108
1.1967058687544752,1.1353515714052864,0.061354297349188736
0.9622407709918224,0.9892692859379827,-0.02702851494616032
2.0962113268197533,2.1297388408278275,-0.03352751400807419
1.1826912185232905,1.1200868592274809,0.06260435929580965
0.3405237632114095,0.5140208016477872,-0.1734970384363777
0.3285932271260377,0.5436781892131088,-0.21508496208707112
0.2445957431262951,0.17352300766771986,0.07107273545857523
2.5616966316333625,2.5777105019576907,-0.016013870324328217
1.7560441206385191,1.1733242495313292,0.5827198711071899
1.8494269005351944,1.854417829689497,-0.004990929154302659
1.7963339794855788,1.7011114326465808,0.095222546838998
2.4573914673432147,2.5857613291019987,-0.12836986175878407
1.3235248903461838,1.2163391220496496,0.10718576829653426
0.9004813720723082,0.82981893043149,0.07066244164081814
1.6117022653758029,1.6582885072105145,-0.046586241834711606
0.0935901476300922,0.09892398653222914,-0.005333838902136942
1.5642152053806992,1.4165188436391836,0.14769636174151568
2.0666087692856223,2.2643753340008588,-0.19776656471523646
0.5142285710963065,0.5846417276611902,-0.07041315656488367
1.929563573436283,2.0091272743780193,-0.07956370094173626
0.3920117796859454,0.49129283875914836,-0.09928105907320295
0.3838380740961524,0.37415961968946804,0.009678454406684356
0.4110310162570555,0.48680771367510606,-0.07577669741805054
0.5985967652703155,0.4475740384959336,0.1510227267743819
2.4899777880274088,2.497379560452752,-0.007401772425343012
0.2986290008019418,0.24741421190200324,0.05121478889993858
1.909405081429965,1.8253345535085908,0.08407052792137426
1.3887969935242557,1.378387164594873,0.01040982892938258
0.1313573693697147,0.22441120351981908,-0.09305383415010438
2.2537721611276327,2.112608184437187,0.14116397669044556
2.1480474491217136,2.0350454362418327,0.11300201287988099
0.9123666997171644,0.7952911042870847,0.11707559543007973
1.029963177418071,1.1299563731379079,-0.09999319571983678
2.511063056735233,2.296193848256189,0.214869208479044
0.7553076795800275,0.8785566825388337,-0.12324900295880614
0.8930626492872523,0.7952911042870847,0.0977715450001676
0.2320096830078549,0.41006939352526106,-0.17805971051740616
2.4557277923777505,2.497379560452752,-0.04165176807500126
0.7736623504805996,0.7443461386967808,0.029316211783818824
0.9361057087693976,1.0400774630948528,-0.10397175432545525
1.559685308805444,1.6235847390935065,-0.06389943028806244
0.7647110577392277,0.8179931201647316,-0.05328206242550393
1.9474119085878736,1.7836623844133457,0.16374952417452793
1.2706128045776377,1.1733242495313292,0.09728855504630851
1.0762883776311252,0.9892692859379827,0.08701909169314248
2.4879886125940334,2.4365269813887465,0.051461631205286906
1.534938149073983,1.5186066438590664,0.016331505214916664
2.245042391035944,2.1249614066074582,0.12008098442848558
0.4224642582309156,0.578662692623573,-0.15619843439265735
1.5774522684603052,1.620640175877704,-0.04318790741739886
1.2110731456318198,1.3676502077607031,-0.15657706212888334
0.8614799569445437,0.8079073113373118,0.05357264560723196
2.132351040903293,2.115599012149205,0.016752028754087878
1.396392029758975,1.4099497549996654,-0.013557725240690432
1.625698832078881,1.9673220482554261,-0.3416232161765451
0.9898496317675074,1.3619708478334147,-0.3721212160659073
1.2115161894121782,0.9623785076021093,0.2491376818100689
1.2343645900849594,1.6677474629422477,-0.4333828728572884
1.2637004175415631,1.3631596783492528,-0.09945926080768963
2.2343144023544026,2.163205246047813,0.07110915630658976
0.8250870749865128,1.1896647381398242,-0.3645776631533114
2.153205744564461,2.1609938786215808,-0.0077881340571197555
0.0969988722982464,0.08842958007769748,0.008569292220548919
0.3361249713921346,0.3403353360568732,-0.0042103646647386195
1.163129479400153,1.378387164594873,-0.2152576851947201
0.2150474354169813,0.17352300766771986,0.04152442774926143
2.097034122411848,2.1609938786215808,-0.06395975620973271
1.6800575914882785,1.6440697908769815,0.03598780061129703
1.0226529550421537,1.0072609506689605,0.015392004373193213
2.4044432140121192,2.4252308785245518,-0.020787664512432524
0.493170429073067,0.4638468749930624,0.029323554080004643
1.2986059382369617,1.460550203559412,-0.16194426532245032
0.922145308869366,1.0528189164546036,-0.1306736075852376
1.982231531955136,1.9307277947110868,0.05150373724404922
0.3033306900081258,0.31926090811013047,-0.01593021810200468
1.459937166256128,1.5624007360595134,-0.10246356980338533
0.3629924120724547,0.4146630724075412,-0.051670660335086493
1.6017428219552032,1.6554667617117031,-0.05372393975649992
0.940952065187766,0.8636072242349825,0.07734484095278349
1.4497788052921907,1.5503055020889005,-0.10052669679670978
2.52428655659913,2.316481215943133,0.20780534065599676
1.8050682711555064,1.7297913118519415,0.07527695930356493
2.4155193085210853,2.3594241124014834,0.0560951961196019
0.9033747193540116,0.8838071906882193,0.019567528665792255
0.991296305408359,0.8365707861079613,0.15472551930039768
0.943266742861228,0.9273736518975564,0.01589309096367164
0.7532100029780101,0.9385526476672552,-0.1853426446892451
2.0845339586088723,2.1875655783727175,-0.10303161976384523
0.6034431216886841,0.6196100051628308,-0.016166883474146743
1.0310074949003452,1.0886993579445945,-0.057691863044249336
1.913455767421816,1.2782605854478648,0.6351951819739512
2.2713130795925878,2.163205246047813,0.10810783354477493
0.6577114639638822,0.5206057502489562,0.13710571371492608
1.1027986708465514,1.0967126264274027,0.006086044419148617
0.4370123693766584,0.5140208016477872,-0.0770084322711288
1.7298593289036763,1.6568544930935254,0.07300483581015094
1.5761728666316477,1.5190759179269948,0.05709694870465287
0.671255945249132,0.8366664148002876,-0.16541046955115557
2.436487033916461,2.24742663650967,0.18906039740679104
2.2778592767667942,1.854417829689497,0.42344144707729714
2.471930536345152,2.4863155106034975,-0.014384974258345729
2.184476498642294,2.0856554752779948,0.09882102336429943
1.0805922314974663,1.020624226253439,0.059968005244027234
1.9128635343446985,2.4195839944747126,-0.5067204601300141
1.4949918752356135,1.4994580751391602,-0.004466199903546686
1.9099114171789464,1.7673210243169941,0.1425903928619523
2.380772017747243,2.2389655379018842,0.14180647984535888
0.7914021852230523,0.792703002524219,-0.0013008173011667123
2.2647307148558307,2.200617702030276,0.0641130128255547
0.5918335662651601,0.6350667338817068,-0.04323316761654661
2.4098546773293568,2.2550063003995935,0.15484837692976328
0.7717319454376086,0.7624812551074441,0.009250690330164457
2.038457405451574,1.9046199032345927,0.1338375022169811
1.5479762946102515,1.6230604755042128,-0.0750841808939613
1.9256394713816785,1.7673210243169941,0.15831844706468434
1.149490060161969,1.2233608321057396,-0.07387077194377056
1.5756665308826665,1.503965848432876,0.07170068244979055
1.4545573489232018,1.3685196249752658,0.08603772394793596
1.5174876492622351,1.6863228493934728,-0.16883520013123765
1.6356808795931546,1.6557563061381708,-0.02007542654501626
0.1487897859065234,0.11297837614980467,0.03581140975671872
2.300752885626923,2.6461932154748795,-0.3454403298479565
2.351241792806533,2.135916860484802,0.21532493232173078
1.3943033947944272,1.297256313121801,0.09704708167262632
1.2582573082400144,1.2713794355837673,-0.013122127343752954
0.9931769811921,0.9549170245959888,0.038259956596111144
2.56349593116087,2.458912319830353,0.10458361133051675
1.9573125800990825,2.0524130960687152,-0.09510051596963276
0.3820658989747179,0.2847568675805614,0.09730903139415648
1.6337640372595357,1.8678939866701145,-0.23412994941057885
1.880638881690965,1.7226211149625426,0.15801776672842238
1.878740122632285,1.7673210243169941,0.11141909831529095
1.6675981153070834,1.5811528442268112,0.08644527108027211
0.1500194584759305,0.16217439225319313,-0.012154933777262622
0.9528147884857804,0.9660549477474433,-0.013240159261662887
0.3490048870068463,0.34879377306543125,0.00021111394141504203
1.601837759908137,1.6800746518564926,-0.07823689194835559
2.123838271123545,2.1133123452429747,0.01052592588057033
1.576299450568893,1.6750904575950127,-0.09879100702611976
0.2913142576072895,0.2798812268970402,0.011433030710249314
0.409068965229753,0.39169090610883006,0.01737805912092294
1.3195239338667517,1.221622085804976,0.09790184806177571
1.5254443537805835,1.507449543163303,0.017994810617280477
1.8590879663749489,1.748876019273504,0.11021194710144488
1.4097149891540457,1.3989823357161422,0.010732653437903528
2.194609241549012,2.044715776869441,0.14989346467957132
1.263573833604318,1.5810277886530797,-0.3174539550487616
0.9601928236490552,1.416023422888407,-0.45583059923935176
0.9771460296024592,1.1771691512608347,-0.20002312165837544
0.2712507035539057,0.278175811467507,-0.006925107913601292
1.1622569542956398,1.1967893583880318,-0.034532404092392
1.8316508979770243,1.7493285454280507,0.08232235254897358
2.17697187878227,1.9220508099996778,0.25492106878259224
0.4746891742352495,0.5746631388066775,-0.09997396457142804
2.1881655166036835,2.0654192160634834,0.12274630054020008
1.1415333556436205,1.0930388626757543,0.04849449296786612
2.3851708095665187,2.310259986673883,0.07491082289263584
0.9187094590356348,0.949640392857257,-0.030930933821622153
2.09301056082607,1.8909844307681993,0.20202613005787073
1.531045693003689,1.414322461654853,0.116723231348836
0.0964925365492651,0.12038188083416383,-0.023889344284898736
1.1836993692025182,1.3741665446686786,-0.19046717546616043
1.3995475865526388,1.4099497549996654,-0.010402168447026572
2.4183041551404822,2.2389655379018842,0.179338617238598
2.632258133491153,2.6461932154748795,-0.013935081983726505
1.468987917769169,1.4782251740917227,-0.009237256322553788
2.501876678128469,2.345892734330693,0.15598394379777636
1.3310837597778569,1.3764526574292317,-0.04536889765137486
0.8376505307581115,1.0036984059928897,-0.16604787523477826
1.3045011329563387,1.4025640207832595,-0.09806288782692074
1.6947774950117822,1.664677420489359,0.030100074522423137
0.3410888701102787,0.37851716426135074,-0.03742829415107202
0.7005149182809091,0.8998045935388099,-0.19928967525790087
0.344669387156194,0.24607231981572314,0.09859706734047086
0.8481117891089577,0.7320418361756883,0.11606995293326938
1.690604745901421,1.6376107329513636,0.052994012950057456
0.9223261431377642,0.8692132498967134,0.05311289324105073
2.4097597393764225,2.2868257898163145,0.12293394956010806
1.9705134771351456,1.574822465559192,0.39569101157595354
1.0428747390170945,0.9966070563195666,0.0462676826975279
0.2205447950496834,0.23786003453638904,-0.01731523948670563
1.3642080637143512,1.1148064146906211,0.24940164902373008
2.314677118723909,2.2155909475083235,0.0990861712155855
1.2939042490307775,1.1856721584854437,0.10823209054533378
2.342100624918797,2.2407785368807374,0.10132208803805964
1.8975061913289049,1.7904420795430647,0.10706411178584019
1.1874290745325204,1.2773046387524227,-0.08987556421990228
2.1836808274562727,2.1276064609226744,0.05607436653359832
1.7683408458262548,1.2609449932833368,0.5073958525429181
2.4506463511066627,2.2389655379018842,0.2116808132047785
1.6694245407596708,1.7888371279054107,-0.11941258714573988
1.1977727905835909,1.1429838687154545,0.05478892186813633
1.0435393046876322,1.0418423618146853,0.0016969428729469715
1.3596193959892082,1.034198836920243,0.32542055906896517
0.7316183997870448,0.8692132498967134,-0.13759485010966865
1.538102747505116,1.5503055020889005,-0.012202754583784392
0.5853597021907095,0.5891117439331794,-0.0037520417424699026
1.2883345557919832,1.243814204145875,0.044520351646108125
2.037747631593688,1.9300156544303158,0.10773197716337224
1.3662334067102764,1.4025640207832595,-0.0363306140729831
1.8240242157579936,1.8702839871584394,-0.04625977140044579
1.7193076536717988,1.6230604755042128,0.09624717816758599
1.0930652701348655,1.1353515714052864,-0.04228630127042088
1.02673980783705,1.1239426819373672,-0.09720287410031725
2.2272257018686643,2.3024237877178266,-0.07519808584916232
0.1439705546537315,0.16217439225319313,-0.018203837599461647
1.886823410834711,1.8894795737158852,-0.0026561628811740956
1.882772724842861,2.0854123396616706,-0.20263961481880965
0.6936070518104014,0.5206057502489562,0.17300130156144522
0.5904953932866148,0.589450608487255,0.001044784799359877
1.3831640083168386,1.3741665446686786,0.008997463648160009
0.3342895043020773,0.3458532243481067,-0.011563720046029402
0.5418148277783179,0.558896428938497,-0.017081601160179094
0.5024291397669147,0.6537592481990183,-0.1513301084321036
2.3651660259035188,2.289668843412221,0.07549718249129755
0.0779027810491415,0.11297837614980467,-0.03507559510066317
0.3170740888367131,0.24741421190200324,0.06965987693470987
1.0791093910535683,1.1004803792751028,-0.021370988221534493
0.2955909863080541,0.16271626881151904,0.13287471749653504
1.9722494846940304,1.8654871772310286,0.10676230746300175
2.280607955823642,2.1792014199062675,0.10140653591737436
2.191687261487039,2.141596596443529,0.05009066504351001
1.4478664837773063,1.4474057597226255,0.00046072405468078337
0.7619849822697186,0.6866034444185527,0.07538153785116586
0.2527694487160882,0.20739046537441239,0.04537898334167581
2.24888963891889,2.025323021269885,0.22356661764900476
1.527578197185647,1.2723785394747635,0.2551996577108835
1.207212335545837,1.1856721584854437,0.02154017706039335
1.9180444351469588,1.8894557581466778,0.028588677000281004
0.6023309914190526,0.4740103614012893,0.12832063001776323
2.0278740844885528,1.7297913118519415,0.2980827726366113
0.9042336817491522,0.8421514523094332,0.06208222943971897
0.9994564485419476,1.3809968212010217,-0.38154037265907415
1.943392868580335,1.9290363883865915,0.01435648019374347
0.6228285476153256,0.42822097428507566,0.19460757333024992
0.2237500811025974,0.6886988402099172,-0.4649487591073198
1.1888576646452649,1.1881020455733138,0.0007556190719510969
0.3655873827859839,0.5599928498903849,-0.194405467104401
1.5619366945102835,1.5528593036582767,0.009077390852006761
0.7994538276943345,0.8053670128396143,-0.005913185145279831
2.2682027299736,2.24742663650967,0.020776093463930057
1.1798385591165357,1.2367845709585674,-0.05694601184203174
1.882736557280311,1.8894795737158852,-0.006743016435574178
1.5899388698070769,1.4277819285433324,0.16215694126374447
0.4798293861498895,0.4245731519361755,0.055256234213714006
1.9467156969330248,1.7886525819756698,0.15806311495735503
1.6160061192421442,1.5980360911717923,0.017970028070351862
1.0514191547811538,0.9966070563195666,0.05481209846158719
0.3979928707207871,0.4924130597640813,-0.09442018904329419
2.3937016631275414,2.4534577988084547,-0.059756135680913314
1.824941949303022,2.2700652528263534,-0.4451233035233315
1.150177230179349,0.9889126897772317,0.16126454040211724
1.2294278165323915,0.9877590937988759,0.24166872273351558
2.040894146243546,2.070450668911109,-0.029556522667562923
1.842772200673338,1.596646645715038,0.24612555495830013
0.7819852443544798,0.7544941445177866,0.027491099836693178
0.3500582461265899,0.32566879417838346,0.024389451948206464
0.9362142094317036,1.0036984059928897,-0.0674841965611861
0.1756979144617923,0.12092579944666587,0.05477211501512644
1.0508811730478609,1.020624226253439,0.030256946794421813
0.5972585922917699,0.7438539628556797,-0.1465953705639098
1.998140421438938,1.9139205066992178,0.08421991473972024
1.4846210340189665,1.4011570296850442,0.08346400433392231
1.077906843649738,1.2896218732131077,-0.21171502956336963
0.6357762760173947,0.6083599429801013,0.027416333037293406
0.3380870224194371,0.3403353360568732,-0.0022483136374361057
1.1277537897588197,0.9813618973935305,0.14639189236528916
2.362607222752539,2.2550063003995935,0.10760092235294572
0.6638055764797649,0.7438539628556797,-0.08004838637591483
2.244093011506604,2.359400551646347,-0.1153075401397432
1.1828358859886423,1.0891353589371369,0.09370052705150544
0.8173021628459255,0.8625998060214484,-0.04529764317552287
0.2476427992576524,0.18653599217071815,0.06110680708693425
1.1634142932589548,0.9813618973935305,0.18205239586542432
0.6157172427827458,0.7497495589723009,-0.13403231618955513
1.4508104643807402,1.4310700609669216,0.019740403413818663
1.3064857883304832,1.2712617141080704,0.035224074222412805
0.4989571231301379,0.43840349987815674,0.06055362325198116
0.4864117508866463,0.5331364617976913,-0.046724710911044964
0.9790719138267155,0.8588064926544863,0.12026542117222927
0.4122968556295087,0.3758212486656074,0.036475606963901286
2.184661852969924,2.463830036033797,-0.2791681830638728
1.9472943652754269,1.687419866131934,0.2598744991434929
1.1437756994578223,1.010290497890982,0.1334852015668404
1.4030557699924615,1.2489977144472781,0.15405805554518337
1.4141137809733204,1.664455609135249,-0.2503418281619285
0.5430806671507711,1.3911917498589574,-0.8481110827081864
1.5406977182186452,1.5399338678866434,0.0007638503320017698
0.0585173553756676,0.20355452381780278,-0.14503716844213518
1.5332925578897938,1.596646645715038,-0.0633540878252441
1.069900409618971,1.0289928851787802,0.04090752444019086
0.3003966551046416,0.42736875985211076,-0.12697210474746917
2.1246294207313285,1.9835224650956738,0.14110695563565478
0.6552340355501289,0.7527016086846858,-0.0974675731345569
1.6225025876634365,1.6235847390935065,-0.0010821514300700663
0.1405844343324191,0.12097632126077221,0.019608113071646893
2.341512913419918,2.289668843412221,0.051844070007696974
1.2646497970709032,0.9813618973935305,0.28328789967737267
0.6242300125624938,0.6638734771633288,-0.03964346460083501
1.0178427654268312,0.9660549477474433,0.05178781767938789
1.7868944345233326,1.7904420795430647,-0.0035476450197320375
1.621105643535003,1.5946642055670563,0.026441437967946735
1.2884068896512433,1.129279899972224,0.15912698967901928
0.2501292695620434,0.23498865244126943,0.01514061712077397
0.3993536480461743,0.2668313018709508,0.13252234617522352
0.0685265280555178,0.030556910661549065,0.03796961739396874
1.2471812137310485,1.2148957394266007,0.032285474304447837
1.0713335205504506,1.1429838687154545,-0.07165034816500393
0.3069157278727759,0.4924130597640813,-0.1854973318913054
2.57919233937929,2.421590690488764,0.15760164889052586
0.1005793893441616,0.19534846341612103,-0.09476907407195943
2.4369572021028927,2.2817567260745193,0.1552004760283734
1.2762909984787385,1.2723785394747635,0.003912459003974966
1.8462442183227863,1.6591362385717483,0.187107979751038
1.876335027824624,1.620640175877704,0.25569485194692
1.6288317845257028,1.4277819285433324,0.20104985598237035
2.4056728858220224,2.3144009418956806,0.09127194392634186
0.8341378264995536,0.7928142537606753,0.04132357273887832
0.8703182282048747,1.199248378037349,-0.32893014983247437
1.6092067534339425,1.571434597600918,0.0377721558330244
1.9767160900601664,1.8785062971066337,0.0982097929535326
2.084502312624561,2.112608184437187,-0.028105871812626138
1.128766461256782,1.0528189164546036,0.07594754480217847
0.5206210599271955,0.5365901938881124,-0.015969133960916815
2.1010757677789003,2.037496680180749,0.06357908759815123
2.507048535774253,2.377275249447036,0.12977328632721719
1.206091163638736,1.3776793461233805,-0.17158818248464458
0.1461857735555246,0.12460918696286237,0.02157658659266222
2.591715108541779,2.4706600024010874,0.12105510614069148
0.7446022952453281,0.8406205721985938,-0.0960182769532657
0.886014636423295,1.0931884758307673,-0.20717383940747225
1.539073224272941,1.3577390827712876,0.1813341415016534
1.364587815526087,1.3631596783492528,0.001428137176834321
2.1611172406422936,2.2643753340008588,-0.10325809335856517
2.4869442951117597,2.345892734330693,0.14105156078106695
1.1820854240026402,1.2782605854478648,-0.09617516144522464
0.2146496000771383,0.31473499582181813,-0.10008539574467984
0.9537189595746048,0.9579264416239118,-0.0042074820493069875
0.9583121481184826,1.0443852413875399,-0.08607309326905721
1.7247824089576589,1.9207754954035088,-0.1959930864458499
1.7330058440598703,1.8253345535085908,-0.0923287094487204
0.1130569488002956,0.05953603900710129,0.05352090979319431
0.9781315759348456,0.9889126897772317,-0.010781113842386114
0.3056182425160113,0.4361192264721426,-0.1305009839561313
1.002051419255477,1.428413973036038,-0.42636255378056087
0.1602049446054444,0.11762282908350029,0.04258211552194412
2.1827404885517305,2.0137844626462353,0.1689560259054952
1.9394054745571072,2.249517273072548,-0.3101117985154409
1.6085195834165629,1.4526660759453638,0.15585350747119908
1.923134917042845,1.9091278654432202,0.014007051599624676
0.1877776385780834,0.12092579944666587,0.06685183913141754
0.3184981581307231,0.4169871314933424,-0.0984889733626193
0.9756586683398268,0.7828168507426626,0.19284181759716423
2.064470404555488,2.0524130960687152,0.012057308486772556
0.9853106935547828,0.9877590937988759,-0.0024484002440930963
1.4620438847487829,1.3685196249752658,0.09352425977351708
0.158771833673965,0.19534846341612103,-0.03657662974215603
0.341920707339843,0.3245940854614644,0.01732662187837858
1.540634426250023,1.7112590749042378,-0.1706246486542149
0.1343185294387754,0.08381723621739413,0.05050129322138126
0.9358163740918608,0.9579264416239118,-0.022110067532051025
1.802229174204956,1.9420256292438345,-0.1397964550388784
1.4466729780109455,1.522286714754137,-0.0756137367431915
1.7221557922598183,1.4474057597226255,0.27475003253719277
2.2532296603477806,1.5811528442268112,0.6720768161209694
0.4792100289198672,0.6565387242803893,-0.1773286953605221
1.158893438321169,1.3622066554365921,-0.20331321711542305
2.094629027604187,1.9835224650956738,0.11110656250851303
1.5713626770163254,1.709899367253711,-0.13853669023738568
1.3502883514361004,1.1881020455733138,0.1621863058627866
0.836068231542545,0.854324268070755,-0.018256036528210062
2.032973609540915,1.9029649735971732,0.130008635943742
2.039230471278082,1.7021598636266844,0.33707060765139785
1.5409960945336516,1.3936874727960127,0.14730862173763892
0.4804758682923205,0.5837251851130324,-0.10324931682071192
0.6645650801032368,0.7706412409915719,-0.10607616088833516
2.113395096300806,2.0350454362418327,0.07834966005897348
2.3686516057560034,2.2389655379018842,0.12968606785411918
0.8847714013976835,0.7928142537606753,0.09195714763700824
1.4616460494089398,1.3524834195054491,0.10916262990349068
1.98411220976422,1.8675492685512585,0.11656294121296162
0.1468367767698583,0.12460918696286237,0.02222758980699592
1.9996594286858815,2.006671950010502,-0.007012521324620602
0.6034069548856378,0.5096520521280953,0.0937549027575425
0.1596543044784272,0.40703681569718375,-0.24738251121875654
2.715586531761128,2.4691774638295603,0.2464090679315678
1.5524383783981492,1.530337323653621,0.02210105474452817
1.372594249556854,1.4202198046281764,-0.04762555507132249
1.2086996968084698,0.6736176337439189,0.5350820630645509
0.919202232328412,1.5190759179269948,-0.5998736855985828
0.2698763637723139,0.18653599217071815,0.08334037160159574
1.7218076864323937,1.7645058468385721,-0.042698160406178465
1.1398696809313245,1.1534916374283195,-0.013621956496995047
0.1338890481146212,0.12097632126077221,0.012912726853849005
2.232795395107459,1.9341117191897692,0.29868367591768985
1.2143733696376675,1.2713794355837673,-0.057006065946099804
1.6710882152187996,1.6557563061381708,0.015331909080628758
1.9207117384539083,1.8654871772310286,0.055224561222879665
1.125534050038291,1.1771691512608347,-0.051635101222543556
0.7112564694186545,0.809794218127669,-0.09853774870901455
2.405519177478704,2.2990966531553374,0.10642252432336674
0.3325806211492654,0.4169871314933424,-0.08440651034407698
0.2039803825454849,0.21485446287710028,-0.010874080331615382
2.279088948576698,2.359400551646347,-0.08031160306964935
2.236882248661859,2.3457021208196847,-0.10881987215782551
0.3155550815897693,0.34879377306543125,-0.03323869147566194
1.791935187666304,1.8157280134606129,-0.023792825794308747
1.1263794499772275,1.1069155505711736,0.019463899406053864
1.5441064428867994,1.4091107643633576,0.13499567852344185
2.345391807287175,2.2407785368807374,0.10461327040643775
2.458331803716077,2.3024237877178266,0.15590801599825044
1.6972006730943825,1.5528593036582767,0.14434136943610576
0.7977132985572113,0.8560093553714285,-0.058296056814217234
1.043919056499368,1.1228512291401032,-0.07893217264073527
0.5196807220353251,0.4245731519361755,0.09510757009914961
0.8585685263879013,1.0036984059928897,-0.14512987960498847
0.7493763180576044,0.7527016086846858,-0.003325290627081423
0.7909681830801631,0.9959182445000391,-0.20495006141987593
1.4693676695809048,1.530337323653621,-0.06096965407271626
0.3140677203271367,0.21485446287710028,0.09921325745003642
1.423829098156899,1.8173290674743183,-0.39349996931741926
0.210806873519263,0.43840349987815674,-0.22759662635889374
0.311540562400965,0.3403353360568732,-0.028794773655908212
1.4093668833266209,1.2367845709585674,0.17258231236805344
1.5293684558351883,1.503965848432876,0.02540260740231237
0.3864104404628398,0.34067063772703626,0.045739802735803525
2.254599478297966,2.1133123452429747,0.1412871330549912
2.1994088816590045,2.025323021269885,0.17408586038911933
1.3150618500788538,1.6623100998308058,-0.347248249751952
0.5763179923151385,0.5436781892131088,0.03263980310202963
1.0114502765959423,0.8718150288741342,0.13963524772180813
1.5546852432842535,1.7399592212710486,-0.18527397798679512
0.3561885254455185,0.28830032946558865,0.06788819597992984
0.8200463218435415,0.7624812551074441,0.0575650667360974
0.8094539587367153,0.6736176337439189,0.1358363249927964
0.2146857671333524,0.39572071217692223,-0.18103494504356982
2.421563691524549,2.2990966531553374,0.12246703836921169
1.325631608838839,1.171145664891073,0.15448594394776594
0.9962602041265034,0.807590504907922,0.18866969921858145
0.5694101260977986,0.6452158846130075,-0.07580575851520888
0.8475331195007162,0.9557824596642709,-0.1082493401635547
1.6157619930051228,1.4307016841627063,0.18506030884241653
0.9398670600837112,0.7727098171933667,0.1671572428903445
1.758517028233538,1.8072818822189323,-0.04876485398539421
1.7996568078382684,1.6750904575950127,0.12456635024325569
1.428191723173128,1.1292681681262045,0.2989235550469236
0.3260072980499782,0.32566879417838346,0.00033850387159473083
1.415569496251642,1.3010083267890595,0.11456116946258255
1.605807070403258,1.4115749648389295,0.19423210556432857
1.164680132631408,0.9105968614081325,0.25408327122327556
1.1603762787650669,1.199248378037349,-0.03887209927228219
2.067259772753124,2.09413749591496,-0.02687772316183601
1.3687650854551827,1.414322461654853,-0.045557376199670374
1.3782905267328935,1.309320785304175,0.06896974142871848
1.3216803816186569,1.1856721584854437,0.13600822313321315
1.657123294500033,1.5386240526818413,0.1184992418181916
0.3660304265663426,0.2847568675805614,0.0812735589857812
0.4781205029970776,0.44087333041257626,0.03724717258450133
1.950983383236816,2.1399663088269762,-0.18898292559016028
2.2264661982451925,2.0137844626462353,0.2126817355989572
0.2468380871936649,0.2310233633434544,0.015814723850210488
0.9380948849622768,1.0036984059928897,-0.06560352103061295
0.0940648373947622,0.09076957696494471,0.0032952604298174815
0.9129046814504568,0.8507798026412987,0.06212487880915807
0.3677799973409353,0.5254985936456743,-0.157718596304739
1.1663890157842198,1.324597054665013,-0.15820803888079316
1.2900705641103718,1.4684884276061694,-0.17841786349579758
0.727459213386056,0.807590504907922,-0.08013129152186593
0.7689154528339,0.8617119207015779,-0.09279646786767792
1.4058858250523745,1.433590740318372,-0.02770491526599761
1.902266651178641,1.8280228146922668,0.07424383648637423
0.5210008117389314,0.6043462637778526,-0.08334545203892119
0.1964576801700255,0.16961116563632478,0.02684651453370071
0.916354093740392,0.7299250654335646,0.1864290283068274
0.8010587312567429,1.1239426819373672,-0.32288395068062437
0.1718506668320142,0.03335421611512891,0.13849645071688527
1.5459825975986374,1.9571589833888465,-0.4111763857902091
1.1221795757012902,0.9104305112218091,0.21174906447948116
0.1026047323400868,0.22441120351981908,-0.12180647117973228
0.904993185372624,0.8937422015050338,0.011250983867590159
0.7580608802151135,1.2447610078536844,-0.48670012763857085
1.6142339441207094,1.6440697908769815,-0.029835846756272044
0.1859014838662453,0.25087617639176774,-0.06497469252552243
2.3170686513285337,2.115112931481488,0.20195571984704586
2.3480229455632537,2.1042247827948524,0.24379816276840138
1.7378522004782386,1.9377728931951324,-0.19992069271689372
1.451202874586201,1.3989823357161422,0.05222053887005873
1.7853528229295468,1.7493285454280507,0.03602427750149606
2.25089689813354,2.1875655783727175,0.06333131976082251
0.5269819027737731,0.5365901938881124,-0.009608291114339251
0.9137546022081282,1.1447075301773693,-0.23095292796924105
1.655391807000379,2.3457021208196847,-0.6903103138193056
0.1454262699320526,0.1134918035850251,0.0319344663470275
0.5032248101934329,0.48680771367510606,0.016417096518326846
1.115818732854713,1.1935272697012211,-0.07770853684650825
1.3029097921033028,1.45541230264812,-0.15250251054481723
2.2486500332474355,2.037496680180749,0.21115335306668648
0.3939647890757784,0.4640000739013623,-0.07003528482558385
2.5514071651539414,2.112608184437187,0.43879898071675427
0.938506282758324,0.7591089735330795,0.17939730922524455
2.0334076101647973,2.2866494548745777,-0.2532418447097804
0.9631946713398972,0.8570220246593122,0.10617264668058501
2.37713272955144,2.250499092543144,0.12663363700829633
2.1470799858110987,2.212250348860613,-0.06517036304951418
1.3353785720067284,1.203801355974895,0.13157721603183337
2.333954044747748,1.9747997860496311,0.3591542586981169
0.1827142810882704,0.11762282908350029,0.06509145200477011
0.0764063781490393,0.08276875847847023,-0.006362380329430928
1.2704093662155658,1.9772147585249353,-0.7068053923093696
0.8513532419649177,0.8457797165049707,0.0055735254599469375
0.3856509368393679,0.27520025846197815,0.11045067837738975
1.3003781133583965,1.3676502077607031,-0.06727209440230664
1.298542646268339,1.203801355974895,0.09474129029344391
0.2576519719375028,0.2954506010884747,-0.03779862915097193
0.9726522998302504,0.949640392857257,0.02301190697299338
2.4664693432623284,2.3967768878781612,0.06969245538416713
0.4267319452942106,0.28101183559877124,0.14572010969543936
1.4687347498946783,1.530337323653621,-0.061602573758942736
0.2405224527876029,0.2591383992216113,-0.018615946434008407
1.4278797841487496,1.4573950465081726,-0.029515262359423033
1.7731058270010618,1.7287039125874566,0.04440191441360519
0.8367644431973942,0.8079073113373118,0.02885713186008243
0.8709692314192085,0.9404572329276943,-0.06948800150848589
2.0280142306288345,2.330349038862778,-0.30233480823394343
2.269821196751717,2.177662261824225,0.09215893492749183
0.3838742408991986,0.6202555330174683,-0.2363812921182697
1.1650915304274554,1.324597054665013,-0.1595055242375576
0.6166349763277742,0.5781328416058596,0.03850213472191455
1.6468925999300033,1.7136288552844618,-0.0667362553544586
0.2178006360520672,0.16961116563632478,0.048189470415742425
0.6211287060999833,0.42822097428507566,0.1929077318149076
0.6690497679848082,0.8625998060214484,-0.19355003803664017
0.5920867341396508,0.6532090871982151,-0.06112235305856428
2.1176401797767626,2.2407785368807374,-0.1231383571039748
0.8094494379179804,0.7792078747695971,0.030241563148383332
0.130837471164529,0.2954506010884747,-0.1646131299239457
1.218952995725341,1.4994580751391602,-0.2805050794138191
0.6155590128611891,0.8366664148002876,-0.2211074019390985
2.604301167141212,2.4365269813887465,0.1677741857524655
0.353674930228719,1.0931884758307673,-0.7395135456020483
1.5137986315540135,1.390100397311319,0.12369823424269444
1.863676634100092,1.7677350775419478,0.09594155655814429
1.800239998012077,1.7266107730533715,0.07362922495870539
0.1662809735932199,0.11762282908350029,0.0486581445097196
0.0837798924935796,0.2713733880916175,-0.1875934955980379
2.0814432016516915,1.977923363205289,0.10351983844640245
0.3233716397146681,0.5746631388066775,-0.25129149909200943
1.7444707320180417,1.6794805646261657,0.06499016739187602
1.5176910876243077,1.50799198559433,0.009699102029977702
0.5618874234691713,0.44087333041257626,0.12101409305659505
1.681965392184428,1.6554667617117031,0.026498630472724827
0.8819639504314446,0.9199321383547542,-0.03796818792330958
2.1776047984684967,2.031899694706459,0.1457051037620376
0.72742304658301,0.8406205721985938,-0.11319752561558372
1.373905297369823,1.6461926100299054,-0.27228731266008244
0.9792889148981604,1.0346805814720965,-0.05539166657393613
0.1543820834921594,0.1305087983765395,0.023873285115619897
1.768169053448494,1.6750904575950127,0.09307859585348122
1.6639588271112804,1.6557563061381708,0.008202520973109584
1.6591169915116466,1.5084453215561777,0.15067166995546888
2.45923597505807,2.4252308785245518,0.03400509653351813
0.8624293364738836,0.783450182670207,0.0789791538036766
0.9148034405091368,0.8718150288741342,0.042988411635002555
1.8222656028395956,1.7682700049067834,0.05399559793281217
0.533279453651728,0.4740103614012893,0.05926909225043869
0.5093867354966729,0.4839343951861685,0.025452340310504418
1.7168392668955148,1.5946642055670563,0.12217506132845846
1.5293368098508775,1.2085800134632714,0.3207567963876061
1.7287381569965752,1.8621375535611457,-0.13339939656457056
0.5421764960619467,0.6451106505819734,-0.10293415452002663
1.2904322326471689,1.730713963833379,-0.44028173118621017
2.1298645703457346,2.296193848256189,-0.16632927791045438
1.5189252810124494,1.5084453215561777,0.01047995945627167
0.7094842942972202,0.7558504967781593,-0.046366202480939145
1.3712651182157782,1.2609449932833368,0.11032012493244148
0.0950820297114596,0.06692896925074668,0.02815306046071292
1.44072805377915,1.3577390827712876,0.0829889710078624
1.6141254434584034,1.687419866131934,-0.07329442267353059
2.1905796520361425,1.9224408220149665,0.268138830021176
1.0565051166178083,0.8365707861079613,0.219934330509847
0.5728821424814076,0.5436781892131088,0.02920395326829872
2.2349473220406293,2.0137844626462353,0.22116285939439395
1.194770942892749,1.2619582824702087,-0.06718733957745959
0.9664496869052296,1.0241733406380569,-0.057723653732827285
0.3503837478603405,0.3189185575623138,0.03146519029802669
2.283872013785947,1.6987060277286838,0.5851659860572633
1.4817186450997937,1.3414265239766747,0.14029212112311895
1.332446044211601,1.3675960728389098,-0.03515002862730876
0.6038499986659965,0.2433549948376365,0.36049500382836003
1.8257330989108052,1.6582885072105145,0.1674445917002907
0.8604446810997394,0.809794218127669,0.05065046297207032
1.946589112995779,2.0973894060528924,-0.1508002930571133
0.3717221829236473,0.31987071860600086,0.05185146431764642
1.876190360106104,1.8459748751335996,0.03021548497250448
0.3584851198440413,0.4072812408537987,-0.04879612100975739
2.2612451350033456,2.2286341222864374,0.03261101271690814
0.5316157789394318,0.4175257348633669,0.11409004407606488
1.921724409951871,2.1609938786215808,-0.23926946866970966
2.261837368080463,2.2155909475083235,0.046246420572139346
1.9996910746701928,2.1927266773304104,-0.19303560266021758
0.3282134753143018,0.5599928498903849,-0.2317793745760831
2.4250221444392825,2.377275249447036,0.0477468949922466
0.1292235259646511,0.06156366233598713,0.06765986362866395
1.9998809505760613,2.127550853155873,-0.1276699025798116
0.1550150031783861,0.16217439225319313,-0.007159389074807038
1.7008173571965115,1.782996603288527,-0.08217924609201543
2.222198511941401,2.141596596443529,0.08060191549787188
1.3241126015918947,1.1539429076409502,0.1701696939509445
1.0444615590513957,1.2618558033807303,-0.21739424432933463
0.6398631288122916,0.8365707861079613,-0.19670765729566975
1.3983902475893235,1.5698982292197061,-0.1715079816303826
2.480719076827225,2.2700652528263534,0.21065382400087174
0.8711003361751886,0.7663380865512731,0.10476224962391545
1.1633781264559089,1.1353515714052864,0.02802655505062246
1.1975919563151924,1.293871128144557,-0.09627917182936452
0.7722337603678552,1.0569336226927737,-0.2846998623249185
1.1900692536865654,1.2712617141080704,-0.08119246042150507
1.326020402288044,1.2609449932833368,0.06507540900470721
0.7026849284890185,0.6325431776906068,0.07014175079841178
0.2037633814740405,0.39544639423528644,-0.19168301276124594
0.3319793474473501,0.2798812268970402,0.05209812055030988
1.4287025797408444,1.3631596783492528,0.06554290139159158
0.3827169019358836,0.32566879417838346,0.05704810775750013
0.7634090515637284,0.7438539628556797,0.019555088708048673
1.1752498913913925,1.3697585659234779,-0.19450867453208542
2.340423387750296,2.115112931481488,0.22531045626880797
1.1357828281364275,1.0277736595282903,0.10800916860813725
0.9936652334129744,0.9557824596642709,0.037882773748703524
0.2769469807299453,0.34879377306543125,-0.07184679233548596
2.2539891639712524,2.2407785368807374,0.013210627090515015
0.9595056538848435,0.9889126897772317,-0.029407035892388134
0.20202737340882,0.278175811467507,-0.07614843805868698
1.4339784174833667,1.569404402652395,-0.13542598516902826
0.335736177942929,0.31473499582181813,0.02100118212111085
0.7409132775371067,0.7952911042870847,-0.05437782674997804
0.4336759785677643,0.3758212486656074,0.0578547299021569
0.1727322335739967,0.18263462739793054,-0.009902393823933847
0.4144804285469906,0.3325354376921409,0.08194499085484969
2.4549682887542783,2.3265720506295584,0.1283962381247199
1.413449215302783,1.3969599079784119,0.01648930732437104
2.434823358950997,2.296193848256189,0.1386295106948081
0.6790318157522499,0.589450608487255,0.08958120726499497
0.978158701100422,0.688211431915615,0.28994726918480707
0.5621767581467081,0.6629403536830584,-0.10076359553635028
1.9080126581202663,1.7836623844133457,0.12435027370692064
1.6146317792073843,1.4023285605739673,0.21230321863341706
1.312385503868595,1.243814204145875,0.06857129972271991
0.8509418441688706,0.7279562802261437,0.12298556394272697
0.4622658648571007,0.6532090871982151,-0.19094322234111444
0.2139398259660847,0.39572071217692223,-0.18178088621083752
1.7838654616669145,1.9744523197881965,-0.19058685812128195
0.4843864078907213,0.6210528800399779,-0.13666647214925665
1.5201639952193262,1.3991714362629921,0.1209925589563341
1.100881828259764,1.2712617141080704,-0.17037988584830632
0.1394135329128997,0.11297837614980467,0.026435156763095033
0.9916579739451562,1.1376000302842646,-0.1459420563391084
1.7100353802685786,1.6800746518564926,0.02996072841208597
0.8170806409557463,0.8588064926544863,-0.04172585169873999
1.637416887911543,1.45541230264812,0.1820045852634229
1.5556074976480172,1.4023285605739673,0.15327893707404994
1.1184227452057112,0.7887849279133012,0.32963781729240993
0.970681207165478,1.2163391220496496,-0.24565791488417155
0.7810584691719816,1.4307016841627063,-0.6496432149907246
1.4677853703653383,1.5185883841988546,-0.050803013833516264
0.9063223167137002,0.8838071906882193,0.02251512602548089
2.007909989966341,1.9571589833888465,0.05075100657749454
0.5004399635740358,0.4740103614012893,0.026429602172746425
1.7369841964456283,1.6582885072105145,0.07869568923511383
1.0357227465627334,1.199248378037349,-0.16352563147461563
1.813657895106913,1.8574292884394563,-0.04377139333254321
1.3124352333810132,1.2712617141080704,0.04117351927294277
1.2179403242273783,1.2097769909922955,0.008163333235082781
2.339776905861033,1.431132841170514,0.908644064690519
1.970418539182212,1.9137824165617425,0.056636122620469465
1.3534167830641872,1.171145664891073,0.18227111817311425
0.5942612654196632,0.629757411569639,-0.03549614614997587
1.3261695905721311,1.4307016841627063,-0.10453209359057514
1.59181050370018,1.7473228385119464,-0.1555123348117664
1.965196951770842,2.070450668911109,-0.10525371714026677
2.0951037173688567,1.6814595015823661,0.4136442157864906
0.7564469350152355,0.9104305112218091,-0.15398357620657355
2.428457994526181,2.324673284030361,0.10378471049581961
1.244536513505101,1.4477986687256685,-0.20326215522056756
2.311467312105428,2.401594147187856,-0.0901268350824278
0.3595701249480961,0.3663579575435088,-0.006787832595412713
1.2216112584074927,1.324597054665013,-0.10298579625752025
1.2538901624050505,1.2107601826926602,0.0431299797123903
0.6095553174795056,1.1447075301773693,-0.5351522126978636
0.9927068122461647,1.1896647381398242,-0.19695792589365946
1.6483257108614828,2.2700652528263534,-0.6217395419648706
1.5408875941245137,1.3969599079784119,0.14392768614610185
1.0118029032421016,1.2085800134632714,-0.19677711022116973
1.9513993026111016,2.2643753340008588,-0.31297603138975716
2.283650491895768,2.2407785368807374,0.042871955015030494
1.960314429562099,1.8785062971066337,0.08180813245546514
1.1490470163816104,1.1239426819373672,0.025104334444243204
0.1817875059057722,0.41052266054775943,-0.22873515464198724
1.733801514486388,1.6794805646261657,0.0543209498602224
1.3572459471658584,1.4369417374484879,-0.07969579028262941
1.2616434285613267,1.2447610078536844,0.016882420707642343
1.3445016571258614,1.3764526574292317,-0.03195100030337028
0.487139608525807,0.5746631388066775,-0.08752353028087051
0.6476389993154095,0.6565387242803893,-0.008899724964979816
0.3230054503591364,0.5342666940505106,-0.21126124369137422
2.274504802429793,2.2215936196532287,0.05291118277656448
2.104344344787765,2.1310779528752737,-0.026733608087508465
2.5893823463275387,2.3787225027699352,0.21065984355760348
1.9948808850548705,1.6300516194367607,0.3648292656181098
0.1456071042004512,0.05953603900710129,0.08607106519334991
0.3373275187959651,0.39590766445151515,-0.05858014565555003
0.2537459534110046,0.31473499582181813,-0.06098904241081354
1.437124932386393,1.1447075301773693,0.2924174022090238
0.6677748869748856,0.5570799919494533,0.11069489502543228
2.279305951420317,2.2990966531553374,-0.01979070173502029
0.935093037271435,0.8457797165049707,0.08931332076646425
1.283131051908721,1.2270709210845339,0.05606013082418704
2.1211167164727707,2.1276064609226744,-0.006489744449903689
1.1729261720804611,1.205958306134896,-0.033032134054434836
0.2554593573825514,0.2310233633434544,0.024435994039096964
0.4017406593257285,0.558896428938497,-0.1571557696127685
1.422983698217963,1.7855593831022067,-0.36257568488424385
2.406057159211997,2.250499092543144,0.1555580666688532
1.4936717855320072,1.5503055020889005,-0.05663371655689331
0.1032919023574666,0.09076957696494471,0.01252232539252189
0.8934288386427839,0.807590504907922,0.08583833373486194
1.1727091710090167,1.0891353589371369,0.08357381207187986
0.0285350455234649,0.20355452381780278,-0.1750194782943379
0.8660867081977939,0.9914146027592494,-0.12532789456145554
1.4095251132481774,1.4782251740917227,-0.0687000608435453
2.550236263734422,2.463830036033797,0.08640622770062478
0.6769522224251716,0.73502805050805,-0.05807582808287837
1.283452032570569,1.2459773359670216,0.0374746966035473
2.168522400971145,2.1276064609226744,0.040915940048470656
0.90131320955504,0.9966070563195666,-0.09529384676452657
1.784403443400207,1.7904420795430647,-0.006038636142857712
2.362345014253251,2.2817567260745193,0.08058828817873165
0.8259415165629189,1.4307016841627063,-0.6047601675997873
0.3067258519669079,0.39544639423528644,-0.08872054226837855
0.9337910310959354,0.974206892202544,-0.04041586110660855
1.713728918795535,1.6635714301373068,0.05015748865822811
1.6383933926064596,1.6554667617117031,-0.017073369105243597
0.1858381918976227,0.18263462739793054,0.0032035644996921686
1.4557146878865168,1.507449543163303,-0.05173485527678623
1.0667403320065727,1.179530802310249,-0.1127904703036764
1.9039664937066547,2.0729967893389545,-0.16903029563229977
1.7063870504353058,1.7021598636266844,0.0042271868086214415
1.527638475443892,1.503965848432876,0.023672627011016134
0.3869484221961325,0.37415961968946804,0.012788802506664476
0.2839407432627494,0.23086870241423757,0.0530720408485118
0.6153420117897445,0.558896428938497,0.056445582851247456
0.1269450150942354,0.16037504747872655,-0.03343003238449116
1.8692463273388855,1.7297913118519415,0.13945501548694406
1.4853172456738155,1.5084453215561777,-0.02312807588236221
2.319776643776272,2.24742663650967,0.07235000726660212
0.4326271400135877,0.3415228432029839,0.09110429681060384
0.8161041362608297,0.6913148406247669,0.12478929563606278
1.4043668178054305,1.7399592212710486,-0.33559240346561814
0.6739774998999063,0.7080214035742249,-0.03404390367431864
2.215579979642094,2.2486148702617292,-0.03303489061963516
0.4602224383330685,0.46461327643038486,-0.004390838097316385
1.57774160339101,1.441486692832311,0.1362549105586992
0.2937103107774813,0.42736875985211076,-0.13365844907462948
0.963484006017434,0.8457797165049707,0.11770428951246326
0.2029315442444762,0.21485446287710028,-0.011922918632624069
0.492487779874422,0.4780247553744654,0.014463024499956567
0.1702367216321363,0.11762282908350029,0.05261389254863601
2.0827617834874377,2.2634950984661497,-0.18073331497871203
2.2901062726952794,2.261309339629099,0.028796933066180586
1.8828450599679605,1.8359912300251426,0.04685382994281784
0.4403306769106134,0.5837251851130324,-0.143394508202419
2.504770024903837,2.4195839944747126,0.08518603042912432
0.5115070164455321,0.5342666940505106,-0.022759677604978545
0.2985611880145844,0.4668964420638647,-0.1683352540492803
1.54117692880205,1.45541230264812,0.08576462615392999
0.420294248022806,0.5342666940505106,-0.11397244602770462
1.3225935943449507,1.0569336226927737,0.26565997165217703
1.5791159431726016,1.7493285454280507,-0.1702126022554491
1.8894681113138263,2.006671950010502,-0.11720383869667583
2.327190844729921,2.463830036033797,-0.13663919130387603
0.120236066420233,0.1305087983765395,-0.0102727319563065
1.3800943478386394,1.6532248909457332,-0.27313054310709384
1.8808604035811445,2.0350454362418327,-0.15418503266068817
1.425406876553731,1.3471875797599178,0.07821929679381334
1.6551024723228425,1.8678939866701145,-0.21279151434727206
2.159449044098591,2.2777490671383167,-0.11830002303972575
0.0444122880102835,0.28101183559877124,-0.23659954758848775
0.5471675199456676,0.5252118749886856,0.02195564495698199
1.9107658587553524,2.006671950010502,-0.0959060912551497
0.4712216784172074,0.3415228432029839,0.12969883521422354
1.5888809898685985,1.6461926100299054,-0.057311620161306864
1.8602272218101563,1.7809981381955435,0.07922908361461278
0.7064462798033323,0.6877852079868475,0.018661071816484798
1.7366948615149238,1.6635714301373068,0.07312343137761701
2.2415477705586606,2.24742663650967,-0.005878865951009171
1.439082462594961,1.4526660759453638,-0.013583613350402812
2.050876193504652,2.2817567260745193,-0.2308805325698673
0.40448029750461,0.4146630724075412,-0.01018277490293118
1.161990223964945,1.237495421928866,-0.07550519796392119
0.6167525186275501,0.49993194329202806,0.11682057533552204
1.4949376249044606,1.4573950465081726,0.03754257839628794
0.7137158145574687,0.73502805050805,-0.021312235950581293
0.3011968463498945,0.3189185575623138,-0.017721711212419278
1.80206190264593,1.687419866131934,0.11464203651399596
1.7751040448314102,1.664677420489359,0.11042662434205108
1.0992904874067282,1.010290497890982,0.08899998951574628
0.999506178054366,1.1200868592274809,-0.12058068117311482
0.297959914312669,0.3396414529819679,-0.04168153866929891
1.7445611491522408,1.8574292884394563,-0.11286813928721551
1.5025010151548686,1.3994774319925058,0.10302358316236271
0.5958435646352297,0.7080214035742249,-0.11217783893899524
1.6273986735942234,1.6472778413028577,-0.019879167708634293
1.7049042099914082,1.6635714301373068,0.04133277985410144
1.5217191692693162,1.6794805646261657,-0.15776139535684952
1.6980686773801603,1.88927192430526,-0.1912032469250997
1.210819977757329,1.324597054665013,-0.11377707690768402
1.1894182507253996,1.0891353589371369,0.10028289178826277
0.2243423131670431,0.19581698811170367,0.028525325055339418
0.3209348989226956,0.2668238049154662,0.05411109400722941
0.5818876855539326,0.5463115777465625,0.03557610780737008
0.7916689155537472,0.7558504967781593,0.03581841877558789
0.8777776388648793,1.2085800134632714,-0.3308023745983921
1.8863894102108292,1.9307277947110868,-0.04433838450025762
0.97368305485632,1.2447610078536844,-0.27107795299736437
0.3638739788144371,0.2847568675805614,0.07911711123387571
0.96359250667974,0.807590504907922,0.156002001771818
1.1623383297923695,1.2014049046303292,-0.03906657483795972
2.1664021200222856,2.2866494548745777,-0.12024733485229211
1.3408216813082776,1.5647482355803999,-0.22392655427212227
2.208364695219111,1.6300516194367607,0.5783130757823505
0.4180157371523901,0.5523797853752888,-0.13436404822289866
2.449000759922473,2.135916860484802,0.3130838994376708
1.6185784856088314,1.4684884276061694,0.15009005800266206
0.331793992360217,0.3663579575435088,-0.0345639651832918
1.6025023255786752,1.7645058468385721,-0.16200352125989692
1.398173246517879,1.6428595582461283,-0.24468631172824917
1.7234216316322717,1.6750904575950127,0.04833117403725895
0.2600163791233831,0.336548688884514,-0.0765323097611309
0.7785991240331673,0.5288777039404542,0.24972142009271314
1.4161843324097612,1.5476845386693978,-0.13150020625963665
0.5491657377760162,0.5365901938881124,0.012575543887903828
2.2708429088744766,2.112608184437187,0.15823472443728948
0.3892630998695944,0.37415961968946804,0.01510348018012636
1.2166518805080837,1.7112590749042378,-0.4946071943961541
0.1031155889078029,0.2967062906272687,-0.19359070171946582
1.582443292344026,1.5058050565173153,0.07663823582671059
1.407938293213876,1.1896647381398242,0.21827355507405177
1.1419311907302956,1.3164214462676798,-0.17449025553738418
2.493558305832828,2.400705265208884,0.09285304062394406
1.2466432319977558,1.2367958665805314,0.009847365417224418
1.515539160691137,1.530337323653621,-0.01479816296248404
2.520056544206742,2.522949331339286,-0.002892787132543706
0.2518652776272639,0.23086870241423757,0.020996575213026336
0.6089043145183398,0.4686381090566964,0.14026620546164342
0.9519874720749508,1.5309939219490865,-0.5790064498741356
0.5453682196586565,0.5043867530568118,0.04098146660184465
0.8878953122070358,0.8636072242349825,0.024288087972053285
0.8656527060549047,1.2877737274246934,-0.4221210213697887
1.137812691951088,1.1895022488129088,-0.05168955686182075
1.3195872258353742,1.0569336226927737,0.26265360314260056
1.8508374050944891,1.88927192430526,-0.0384345192107709
0.5074246844693703,0.5523797853752888,-0.04495510090591848
2.167794543331984,2.0973894060528924,0.0704051372790917
0.2669468496875645,0.18653599217071815,0.08041085751684635
1.9338403028965516,1.7886525819756698,0.14518772092088184
0.8632521320659784,0.7817293799503741,0.08152275211560434
2.430555672647206,2.502287225602809,-0.07173155295560285
2.416690209940604,2.108901213211681,0.3077889967289229
0.2022443742270966,0.17352300766771986,0.028721366559376738
2.297570203414515,2.4706600024010874,-0.1730897989865725
2.0378199641871086,1.0746924033853487,0.96312756080176
1.8365243795609691,1.5811528442268112,0.2553715353341579
2.2160139827976546,2.119937807532253,0.0960761752654018
0.4923024247872888,0.6196100051628308,-0.12730758037554202
1.9568107659283396,2.016992814660259,-0.060182048731919346
1.4994765631171851,1.569404402652395,-0.06992783953520987
1.222877097779946,1.248502198451712,-0.025625100671766043
1.2478276958734793,1.2723785394747635,-0.024550843601284233
1.322512218848221,1.129279899972224,0.193232318875997
1.1799018510851584,0.9385526476672552,0.24134920341790322
1.5553181629704802,1.5503055020889005,0.0050126608815797
1.331047592974811,1.3776793461233805,-0.0466317531485696
1.4630565562467457,1.5058050565173153,-0.042748500270569645
0.8554898242722325,0.9117527605245378,-0.05626293625230527
1.47640211973549,1.0746924033853487,0.4017097163501413
1.8170575776312623,1.7682700049067834,0.04878757272447887
0.9052147072628036,0.7952911042870847,0.1099236029757189
1.0152025862727865,1.0886993579445945,-0.07349677167180801
1.396220237381214,1.6532248909457332,-0.2570046535645192
0.5727736420722692,0.4245731519361755,0.1482004901360937
0.4895899117739838,0.37147550656989564,0.11811440520408817
0.3377976877419004,0.4885204290275158,-0.1507227412856154
1.4724961012089917,1.1148064146906211,0.3576896865183705
0.8231928367465677,0.7624812551074441,0.0607115816391236
1.518536487563244,1.748876019273504,-0.2303395317102599
1.989501067721944,1.9571589833888465,0.03234208433309749
1.114426309545014,1.2453922426390203,-0.13096593309400628
0.4569312559646901,0.5342666940505106,-0.07733543808582055
1.1216415939679976,0.8204627185041509,0.3011788754638467
2.160317050409712,1.0746924033853487,1.0856246470243633
0.7912936845607459,0.8998045935388099,-0.10851090897806404
1.3165808573257978,1.3164214462676798,0.0001594110581180086
2.04646383948234,2.0472356372052007,-0.0007717977228609563
1.2619327632388635,1.3471875797599178,-0.08525481652105427
1.950802550487425,1.9288227174057087,0.02197983308171625
2.2750111381787748,2.064000857852233,0.2110102803265419
1.7705425022718435,1.709899367253711,0.060643135018132455
2.421369294040443,2.3265720506295584,0.09479724341088458
0.5018233452462647,0.5342666940505106,-0.03244334880424593
2.24447276331834,1.431132841170514,0.8133399221478261
0.1033642359635587,0.12038188083416383,-0.017017644870605128
1.7576354614915557,1.574822465559192,0.18281299593236366
2.1719627726362822,2.304139028271426,-0.13217625563514357
2.2170628193264887,2.119937807532253,0.09712501179423594
2.176989962563545,2.016284396326853,0.1607055662366923
0.3714735358678915,0.35152390005721007,0.019949635810681432
1.9904414066264864,1.9220508099996778,0.06839059662680858
1.8926824395105455,1.8678939866701145,0.024788452840430963
1.1280024368145751,1.2014049046303292,-0.0734024678157541
0.110299227346475,0.06112244135285617,0.049176785993618834
0.2054270561863367,0.19581698811170367,0.009610068074633021
0.2194236228894146,0.19581698811170367,0.02360663477771094
1.258130724302769,1.2489977144472781,0.009133009855490926
0.4280339514697098,0.6070618735055825,-0.1790279220358727
1.2246085852795998,1.3764526574292317,-0.15184407214963191
0.4942192673740757,0.4475740384959336,0.0466452288781421
1.1478444689777798,0.7887849279133012,0.35905954106447857
0.3557726068307364,0.4924130597640813,-0.13664045293334487
0.3280688078489494,0.31473499582181813,0.013333812027131242
1.6255179978104826,1.1665705680769665,0.4589474297335161
0.2748312205998208,0.28830032946558865,-0.013469108865767854
1.256688571480652,1.1584135876728605,0.09827498380779143
1.3223675516360367,1.221622085804976,0.1007454658310607
0.1193499788595159,0.16037504747872655,-0.04102506861921065
2.692475922589057,2.7036426177485358,-0.011166695159478657
0.7504613231616593,0.7952911042870847,-0.04482978112542546
1.6725981808282735,1.6461926100299054,0.02640557079836814
1.686205954082146,1.6235847390935065,0.06262121498863937
2.466785803105441,2.4041305139343447,0.0626552891710963
2.025595573618137,1.8675492685512585,0.15804630506687856
2.467843682790752,2.502287225602809,-0.03444354281205664
0.717187830941078,0.6350667338817068,0.0821210970593712
0.5915080647845774,0.48656110752330095,0.10494695726127645
0.3090088836560585,0.3189185575623138,-0.0099096739062553
0.3836888858120653,0.34879377306543125,0.03489511274663404
0.4648291895863185,0.3815302743515936,0.08329891523472494
1.3610660696300598,1.378387164594873,-0.017321094964813266
1.2503458121621815,1.2896218732131077,-0.03927606105092618
0.9849671085460928,0.9660549477474433,0.018912160798649547
0.1885009753985092,0.19534846341612103,-0.006847488017611814
1.3185112623687891,1.203801355974895,0.11470990639389411
2.3386828586131725,2.4706600024010874,-0.13197714378791492
1.3867083585597078,1.5280821837869123,-0.14137382522720454
0.1873255531602552,0.2591383992216113,-0.0718128460613561
0.4159677898096231,0.3815302743515936,0.03443751545802953
1.6239628237604926,1.4782251740917227,0.1457376496687699
0.3238011210388223,0.31473499582181813,0.009066125217004173
1.7462067403364303,1.7809981381955435,-0.03479139785911323
0.1612176161034069,0.17213733306898796,-0.010919716965581056
0.444489863311602,0.34067063772703626,0.10381922558456574
1.5835147349918763,1.9744523197881965,-0.3909375847963201
0.9964319965042644,1.0425725251215703,-0.04614052861730589
1.4780703152665209,1.0672304912450927,0.41083982402142816
1.0315771226179489,0.9385526476672552,0.09302447495069366
1.3833448425852368,1.2055131786943383,0.17783166389089855
1.6218696679772098,1.6966284282394937,-0.0747587602622839
1.6916807093680066,1.7352293668375456,-0.043548657469538954
0.1347208855973533,0.14143369594897187,-0.006712810351618581
1.3995882741744197,1.3776793461233805,0.021908928051039167
0.8465566148057997,0.8718150288741342,-0.02525841406833451
1.038475947197819,1.8678939866701145,-0.8294180394722954
1.807690367034612,1.5811528442268112,0.22653752280780082
2.16317422962253,2.0102874960283077,0.15288673359422233
0.2901750021720816,0.39572071217692223,-0.10554571000484064
2.681119533267849,2.458912319830353,0.22220721343749572
0.8717332558614151,0.8514250981666704,0.0203081576947447
2.002521129476938,1.9288227174057087,0.07369841207122918
1.3549900406422843,1.460550203559412,-0.10556016291712766
0.9372268809296664,1.2613675439212773,-0.3241406629916108
1.3577025534024214,1.3010083267890595,0.056694226613361876
1.315966021167678,1.2453922426390203,0.07057377852865776
1.3542712246405932,1.7399592212710486,-0.3856879966304554
2.507735706804304,2.305859501157501,0.20187620564680264
1.032526502147289,1.1400543480199317,-0.10752784587264275
1.046957070993256,1.0569394324982526,-0.00998236150499654
0.9567208072654464,0.8567043558197691,0.10001645144567728
1.714162920685256,1.7021598636266844,0.012003057058571631
0.1102359353778524,0.05953603900710129,0.050699896370751105
1.7829477281218855,1.648888507718143,0.13405922040374252
1.5769097659082778,1.6815123288314955,-0.10460256292321768
2.463399682784129,2.2772197408028303,0.18617994198129884
1.2631307898239594,1.3809968212010217,-0.11786603137706231
0.8521263080445941,1.0377600346728204,-0.1856337266282263
1.5231341969258565,1.4782251740917227,0.04490902283413378
2.1272876834134804,2.044715776869441,0.08257190654403956
1.231371784031587,1.1609506625605177,0.07042112147106927
0.9428327409715066,0.807590504907922,0.13524223606358465
0.3434397145867868,0.4072812408537987,-0.0638415262670119
1.3521690272198412,1.3697585659234779,-0.017589538703636665
0.8540431506313808,0.8825230825159258,-0.028479931884545007
0.1630530831934642,0.17213733306898796,-0.009084249875523753
1.01042856346051,0.9105968614081325,0.09983170205237746
0.1268500771413013,0.14143369594897187,-0.014583618807670562
2.507808039397725,2.5777105019576907,-0.0699024625599658
1.5013301137353494,1.522911597881529,-0.021581484146179664
0.8545178403960508,0.578662692623573,0.2758551477724779
2.204657593476447,2.3024237877178266,-0.09776619424137944
0.5179311512607323,0.6532090871982151,-0.13527793593748283
1.76712473596622,1.6472778413028577,0.1198468946633624
1.405912950217951,1.45541230264812,-0.04949935243016901
1.1070663576566784,1.2613675439212773,-0.15430118626459888
1.0943356303260536,1.293871128144557,-0.19953549781850333
1.2033515254598546,1.441486692832311,-0.23813516737245632
0.0915331586498557,0.18263462739793054,-0.09110146874807484
1.3678292683820474,1.4573950465081726,-0.0895657781261252
0.5400788194599293,0.4175257348633669,0.12255308459656239
2.376911207661261,2.3081181396194332,0.06879306804182761
1.345853392813779,1.5528593036582767,-0.2070059108444977
0.0805309048553388,0.08842958007769748,-0.007898675222358681
1.301463118462451,1.221622085804976,0.079841032657475
2.336377223336684,2.17704656710487,0.15933065623181397
0.8549111546639913,1.2613675439212773,-0.406456389257286
1.3239588924890728,1.1665705680769665,0.15738832441210637
1.2126237988630748,1.2703050463193988,-0.05768124745632397
1.1181605356937512,1.6087897927948662,-0.49062925710111505
2.1760224992529302,2.2890690074719227,-0.11304650821899243
2.029216778032665,2.200215056509441,-0.1709982784767763
1.616521496628595,1.6230604755042128,-0.006538978875617829
0.1246665042238194,0.05953603900710129,0.06513046521671811
0.5590664100467281,0.5005998194136423,0.05846659063308579
2.200064406704744,1.7888371279054107,0.4112272787993332
1.0745523693127368,1.2618558033807303,-0.18730343406799355
1.7829160821375745,1.7136288552844618,0.06928722685311262
1.2517382354718802,1.2163391220496496,0.03539911342223068
2.432617180674002,2.324673284030361,0.10794389664364079
0.2264038229660145,0.19581698811170367,0.030586834854310824
0.5353771302537453,0.5947441523925638,-0.059367022138818504
0.5472760203548058,0.7080214035742249,-0.1607453832194191
0.2515036093436349,0.41052266054775943,-0.15901905120412452
1.7394344996938051,1.4298963056703007,0.30953819402350446
2.6171991665371985,2.3804730149485134,0.23672615158868515
0.8596761358387979,1.092402465471036,-0.23272632963223816
2.1994405276433158,2.064000857852233,0.1354396697910829
1.8588664444847691,2.115112931481488,-0.2562464869967187
0.878238766173345,1.2618558033807303,-0.3836170372073854
0.2808394368002389,0.2310233633434544,0.04981607345678446
1.968329904217664,1.8015379994173608,0.16679190480030326
1.1247157752649315,1.1353515714052864,-0.010635796140354925
2.0869706994008443,2.5777105019576907,-0.49073980255684635
1.0390365332779534,0.9104305112218091,0.12860602205614435
0.7496746943726108,0.7469024659981293,0.0027722283744815446
1.1567957617191518,1.2163391220496496,-0.059543360330497785
0.3626443062450301,0.3245940854614644,0.03805022078356568
2.337163851366229,2.6461932154748795,-0.30902936410865056
2.4659313615290355,2.3904442322477535,0.07548712928128198
0.2610516549681874,0.1981684110890459,0.06288324387914149
1.1050771817169671,0.9105968614081325,0.19448032030883466
0.2040888832077912,0.25087617639176774,-0.046787293183976536
1.3094288648714367,1.1241034109162777,0.18532545395515898
0.8263755187058078,0.7279562802261437,0.09841923847966416
0.5960334405410979,0.49993194329202806,0.0961014972490698
1.1079343619424562,1.0385711567674556,0.06936320517500061
2.350916292338621,2.4706600024010874,-0.11974371006246631
0.919676922093082,0.7591089735330795,0.16056794856000256
1.0660079535486773,1.0185474164705184,0.04746053707815889
1.4314467387384604,1.309320785304175,0.12212595343428534
0.757839358324934,0.8501071100736675,-0.09226775174873347
0.3503475808041266,0.6070618735055825,-0.2567142927014559
0.0683547356777569,0.14143369594897187,-0.07307896027121497
2.5626008029753544,2.4041305139343447,0.15847028904100968
0.7712889016572497,0.7805158510036011,-0.009226949346351376
1.1952049450356383,0.9889126897772317,0.20629225525840666
0.4753673023619919,0.44087333041257626,0.034493971949415614
0.9891715036407652,0.688211431915615,0.30096007172515027
1.9958935565528333,1.7085209833262083,0.287372573226625
0.2701295316468046,0.5438527780020787,-0.27372324635527406
0.426912779562609,0.5140208016477872,-0.0871080220851782
0.2704595539461223,0.32501534605629423,-0.05455579211017192
1.5598390179082655,1.9524836968350017,-0.39264467892673616
1.0467988410716993,1.0640529140764177,-0.017254073004718373
1.7366948615149238,1.9420256292438345,-0.20533076772891068
2.1540601861408666,2.09413749591496,0.05992269022590646
1.0278112504849006,1.0672304912450927,-0.0394192407601921
0.5483248586558146,0.7080214035742249,-0.15969654491841034
1.9242786940562904,1.8280228146922668,0.09625587936402358
1.9943112573372668,1.9220508099996778,0.07226044733758896
1.6086642508819151,1.6235847390935065,-0.01492048821159142
2.185231480687528,2.301896713470216,-0.11666523278268803
1.576489326474761,1.50307242064877,0.07341690582599103
1.0043525344727346,1.2055131786943383,-0.20116064422160362
0.9917348283699832,0.8636072242349825,0.12812760413500068
0.3476124636971477,0.2847568675805614,0.06285559611658631
0.830679372572149,0.7320418361756883,0.09863753639646067
2.4481146723617564,2.3967768878781612,0.05133778448359516
1.3834171761913292,1.2987246233477483,0.0846925528435809
0.7493763180576044,0.9048837572826742,-0.15550743922506982
1.780890739141649,1.709899367253711,0.07099137188793803
2.0954337394150064,2.127550853155873,-0.032117113740866454
1.109742703866937,1.3911917498589574,-0.2814490459920205
1.0717675226933394,1.1539429076409502,-0.08217538494761079
1.8471483896647785,1.6582885072105145,0.188859882454264
0.6826846664042573,0.6446338518173891,0.03805081458686821
0.6581861537285522,0.6978269949521664,-0.03964084122361422
0.4849243896240138,0.48680771367510606,-0.001883324051092261
0.4702722988878675,0.5288777039404542,-0.05860540505258671
1.3881007818694062,1.7399592212710486,-0.3518584394016424
1.080596752316201,1.010290497890982,0.0703062544252191
1.396961657476579,1.3675960728389098,0.02936558463766925
1.598863037382872,1.4526660759453638,0.14619696143750827
1.121822428236396,0.8738688703285704,0.24795355790782558
2.426215651218315,2.401594147187856,0.02462150403045893
1.363037162294832,1.3010083267890595,0.06202883550577254
2.103354278649316,2.0729967893389545,0.03035748931036153
0.7256237462959991,0.7461770577397422,-0.02055331144374306
2.1390509489524976,1.9300156544303158,0.20903529452218184
1.720383617138384,2.1042247827948524,-0.3838411656564684
1.1234861026955243,1.0746924033853487,0.04879369931017563
1.5615750262266546,1.5386240526818413,0.022950973544813236
1.1777725284988296,1.1584135876728605,0.019358940825969118
2.5654218146256227,2.458912319830353,0.10650949479526961
0.8565115374076647,1.092402465471036,-0.2358909280633713
1.4891328473192826,1.507449543163303,-0.018316695844020403
0.0686440703552936,0.08842958007769748,-0.01978550972240388
0.4699874850290655,0.37851716426135074,0.09147032076771477
0.9117292592122028,0.9877590937988759,-0.07602983458667312
2.0626349374654307,1.9638000014275472,0.09883493603788351
0.5815983508763958,0.7536584342439101,-0.17206008336751433
2.2347122379474134,2.025323021269885,0.2093892166775282
1.595919960841918,1.4994580751391602,0.09646188570275771
2.031210475044279,2.177662261824225,-0.14645178677994597
0.5047438174403767,0.5252118749886856,-0.020468057548308938
2.228600041397088,2.163205246047813,0.06539479534927528
0.8836321459624755,0.8857482041470325,-0.002116058184556957
0.4435133586166856,0.6532090871982151,-0.20969572858152952
1.1445713701375084,0.9385526476672552,0.2060187224702532
1.2872857174909746,1.1004803792751028,0.18680533821587186
2.0026025052268355,1.6474307114797027,0.3551717937471328
1.099236237075575,0.9877590937988759,0.11147714327669911
1.6331989303606664,1.826784649165869,-0.1935857188052026
0.5539668857538689,0.5846417276611902,-0.030674841907321282
2.1616868683598973,2.1276064609226744,0.03408040743722296
0.5082158340771535,0.5171877346338106,-0.008971900556657086
1.4449369696925571,1.3989823357161422,0.04595463397641497
0.0292222155408445,0.11522937855248117,-0.08600716301163666
0.3947333343367199,0.37415961968946804,0.020573714647251884
0.9791713725983846,0.688211431915615,0.29095994068276965
0.5552688919293683,0.5068715709005003,0.04839732102886807
0.5162087056517161,0.48680771367510606,0.029400991976610003
0.3491314709440917,0.5254985936456743,-0.1763671227015826
0.5927377373539844,0.6210528800399779,-0.028315142685993555
0.6376162639261869,0.578662692623573,0.058953571302613916
1.483608362521004,1.4684884276061694,0.015119934914834543
1.7841457547069814,1.4994580751391602,0.28468767956782126
1.810289858566876,1.7904420795430647,0.019847779023811407
1.2939765828900378,1.221622085804976,0.07235449708506181
1.0373683377469225,0.9912634404998355,0.046104897247086996
1.165344698301946,1.3741665446686786,-0.20882184636673262
2.0191217090373503,1.9288859035065165,0.09023580553083388
1.9432346386587784,1.6696843849370762,0.2735502537217023
1.8648158895352995,1.7297913118519415,0.13502457768335807
1.83553883246908,1.7085209833262083,0.12701784914287173
1.25695982288325,1.3577390827712876,-0.10077925988803771
0.0801406042977765,0.08276875847847023,-0.0026281541806937314
2.5366284904805494,2.3967768878781612,0.13985160260238816
1.358028055136172,1.237495421928866,0.120532633207306
1.3293839185156826,2.0854123396616706,-0.756028421145988
0.608375374422517,0.5947441523925638,0.01363122202995315
1.8021206737958173,2.006671950010502,-0.20455127621468483
0.1620991828453894,0.48656110752330095,-0.3244619246779116
1.2599074202429383,1.205958306134896,0.05394911410804237
1.5036719165743877,1.5347116329417374,-0.0310397163673497
1.1256199463537555,1.2877737274246934,-0.16215378107093792
1.5013301137353494,1.5888454615163026,-0.08751534778095316
1.8056288572356407,1.7287039125874566,0.07692494464818411
0.8857253017457584,0.9549170245959888,-0.06919172285023045
2.119195352054578,1.9029649735971732,0.21623037845740467
0.7053386703524357,0.8785566825388337,-0.17321801218639798
0.6137506709367084,0.5886172662352531,0.02513340470145531
0.6531227962387391,0.8998045935388099,-0.24668179730007078
0.7209717866022332,0.8053670128396143,-0.08439522623738116
2.2723980836839703,1.428413973036038,0.8439841106479324
1.954527733479685,2.1666243834917926,-0.21209665001210776
0.2313767633216283,0.2591383992216113,-0.02776163589998301
0.3482453833833743,0.3189185575623138,0.029326825821060498
0.7166453283890505,0.6497640358007256,0.06688129258832487
1.3073718758912003,1.4103575666834849,-0.10298569079228459
0.1406477263010417,0.12097632126077221,0.019671405040269485
1.0187469365156554,1.0931884758307673,-0.07444153931511188
0.5278182608220721,0.5005998194136423,0.027218441408429772
0.3672013279858618,0.35152390005721007,0.015677427928651733
1.440158426061546,1.9341117191897692,-0.4939532931282231
0.6647459141184674,0.6350667338817068,0.02967918023676064
0.8875246020327693,0.8857482041470325,0.0017763978857368024
0.9849942337116694,1.5309939219490865,-0.5459996882374171
1.013127513764443,0.688211431915615,0.32491608184882814
1.102274251569463,0.9912634404998355,0.11101081106962751
1.1935729163076534,1.1771691512608347,0.01640376504681873
0.8567556636446857,1.4011570296850442,-0.5444013660403585
0.4519040655310911,0.42473438111107886,0.02716968442001222
0.7697020816229486,0.7591089735330795,0.01059310808986913
2.4062786811021764,2.0091272743780193,0.39715140672415705
0.1194132708281385,0.06156366233598713,0.05784960849215137
1.392603553279085,1.2613675439212773,0.13123600935780777
2.183585889503339,2.1133123452429747,0.07027354426036414
1.2490166808211056,1.2163391220496496,0.03267755877145606
0.6265537318734252,0.5781328416058596,0.048420890267565575
1.3683536876591358,1.9207754954035088,-0.552421807744373
0.1069447530094739,0.12324394767098337,-0.016299194661509475
0.1834376179086962,0.16901960540288644,0.014418012505809763
2.2519728616001253,2.2643753340008588,-0.012402472400733444
1.1493453926966166,1.118941926520389,0.030403466176227578
1.943329576611712,1.6696843849370762,0.27364519167463586
0.635812442820441,0.73502805050805,-0.09921560768760895
1.4930388658457807,1.9744523197881965,-0.48141345394241575
1.4988255601560194,1.4511703042754318,0.04765525588058761
2.3066254765057943,2.006671950010502,0.29995352649529217
2.5289701622772074,2.502287225602809,0.026682936674398583
1.6603195389154772,1.7985208879264813,-0.13820134901100412
1.2417381044294995,1.1935272697012211,0.04821083472827836
0.6322319257745257,0.5570799919494533,0.07515193382507235
0.3652483185960288,0.5463115777465625,-0.18106325915053367
0.149802457404486,0.1726537193401166,-0.022851261935630612
2.101871436433243,1.8044309593831844,0.2974404770500585
0.7072690753954269,0.8501071100736675,-0.14283803467824052
0.4427900220494276,0.4146630724075412,0.02812694964188639
1.67832158316989,1.6719731365034307,0.006348446666459395
0.7734408285904203,0.7558504967781593,0.017590331812260995
0.8216376626965778,0.7279562802261437,0.09368138247043412
1.3140491785808912,1.3049552574823962,0.00909392109849505
2.1476948217160508,2.2777490671383167,-0.13005424542226596
1.5009820079079246,1.6863228493934728,-0.1853408414855482
0.2060283298882519,0.3078900083790041,-0.1018616784907522
1.273469985056295,1.1881020455733138,0.08536793948298116
2.3303283187549813,2.2550063003995935,0.07532201835538777
0.4153665161077078,0.37415961968946804,0.04120689641823977
0.649809009523519,0.4475740384959336,0.20223497102758548
0.5431891675599094,0.6210528800399779,-0.07786371248006851
2.28002928748124,2.17704656710487,0.10298272037637002
1.20632624798512,1.1935272697012211,0.012798978283898865
0.7984185518495303,0.792703002524219,0.005715549325311264
1.1272745791754146,1.1353515714052864,-0.008076992229871793
0.4575822591790237,0.4686381090566964,-0.011055849877672719
1.449145885605964,1.5810277886530797,-0.13188190304711567
2.0811478382875594,1.977923363205289,0.1032244750822704
1.469937297298509,1.664455609135249,-0.19451831183673995
1.1774334643088746,1.0166573824315654,0.16077608187730918
0.6397681908593574,0.5781328416058596,0.061635349253497784
0.1937451671567206,0.2954506010884747,-0.1017054339317541
1.7137650855985809,1.9341117191897692,-0.22034663359118833
1.6516485392141729,1.522286714754137,0.12936182446003586
0.1491152876402741,0.12460918696286237,0.024506100677411727
0.444887698651445,0.3415228432029839,0.10336485544846113
1.2336502949020032,1.5888454615163026,-0.3551951666142994
1.0145515830584528,1.0706538483289416,-0.05610226527048878
1.7730063682293928,1.8621375535611457,-0.0891311853317529
2.2235728514698248,1.9571589833888465,0.2664138680809782
2.544318464668203,2.6461932154748795,-0.1018747508066764
0.0500904816582161,0.11690475126469613,-0.06681426960648003
1.831271146165288,1.80587197128605,0.02539917487923793
0.9256896591122348,0.8718150288741342,0.053874630238100574
0.7401899407166809,0.7558504967781593,-0.015660556061478426
0.1512491310453376,0.2967062906272687,-0.14545715958193112
1.6999403112732638,1.662248801861859,0.037691509411404756
0.3457543922602487,0.39169090610883006,-0.045936513848581384
1.352245881644668,1.378387164594873,-0.026141282950205014
0.3870930896614847,0.5254985936456743,-0.1384055039841896
0.9485064138007044,0.9892692859379827,-0.04076287213727825
1.80382051531116,1.7289344199166892,0.07488609539447078
1.4340145842864132,1.4474057597226255,-0.013391175436212377
0.6526481064740692,0.8372173748033718,-0.18456926832930254
1.993931505525531,1.9420256292438345,0.051905876281696406
2.1745667839746097,2.016992814660259,0.15757396931435075
0.0072978776099542,0.555765030786756,-0.5484671531768018
2.1662122441164176,2.119937807532253,0.046274436584164746
0.0994130087433772,0.38099353444991235,-0.28158052570653513
0.8366695052444602,0.7792078747695971,0.05746163047486308
0.6167886854305961,0.6913148406247669,-0.07452615519417083
0.3001118412458397,0.8184939358686885,-0.5183820946228488
0.286736138627973,0.555765030786756,-0.269028892158783
2.0881280386173278,2.070450668911109,0.017677369706218915
0.654076696586814,0.8567043558197691,-0.20262765923295512
0.0720075863297643,0.10628157837816313,-0.03427399204839883
1.2165162549333686,1.0672304912450927,0.14928576368827584
1.4235020895679595,1.7297913118519415,-0.3062892222839819
0.8549292381920982,0.8617119207015779,-0.006782682509479665
2.098932881470528,1.8894557581466778,0.20947712332385038
2.200353739610106,2.5777105019576907,-0.37735676234758486
1.6767121587887468,1.4994580751391602,0.1772540836495866
1.6790087531872695,1.7011114326465808,-0.022102679459311325
0.359289831908029,0.29553739376985955,0.06375243813816944
0.086026757379684,0.04556173508460021,0.040465022295083794
0.6302789163846929,0.551086126046453,0.0791927903382399
1.832758507427921,1.7985208879264813,0.03423761950143955
0.9667450495098578,1.61673148982345,-0.6499864403135921
0.6913194993025159,0.42822097428507566,0.26309852501744024
0.9267746642162896,1.2367958665805314,-0.3100212023642418
0.9429412413806452,1.2613675439212773,-0.3184263025406321
0.1200733156799417,0.42473438111107886,-0.30466106543113713
0.754769697846735,0.8184939358686885,-0.06372423802195348
2.434032209343214,2.4252308785245518,0.0088013308186623
1.0614825777921568,1.020624226253439,0.04085835153871775
1.0221466192931723,1.0418423618146853,-0.01969574252151296
0.8900879267619872,0.8365707861079613,0.05351714065402591
1.5545586593470084,1.6300516194367607,-0.07549296008975226
1.007535216178807,1.1437261946223338,-0.1361909784435269
1.150538898462978,1.1935272697012211,-0.04298837123824306
0.1809782727698821,0.16901960540288644,0.011958667366995662
0.0840149768399632,0.2433549948376365,-0.1593400179976733
0.980807922145104,0.8825230825159258,0.09828483962917822
0.9725257158930052,0.9877590937988759,-0.01523337790587076
0.0924508921948843,0.1134918035850251,-0.021040911390140804
2.165199572618455,2.0815940791115914,0.08360549350686375
0.5146535313485582,0.4760088762276981,0.03864465512086007
1.7616138138773136,1.7266107730533715,0.03500304082394212
2.4707731971286697,2.296193848256189,0.17457934887248072
1.7339823487547863,2.249517273072548,-0.5155349243177618
0.7705339188525128,0.8366664148002876,-0.06613249594777482
1.584622344442773,1.4684884276061694,0.11613391683660357
1.5928231751981423,1.9780530599512214,-0.38522988475307907
0.3884312626400303,0.3374910903348385,0.05094017230519182
2.072901798585338,2.3804730149485134,-0.3075712163631752
0.2439085731089154,0.3396414529819679,-0.09573287987305251
2.311562250058362,2.261309339629099,0.050252910429263054
2.09994555296849,2.1042247827948524,-0.004279229826362307
2.329324687881817,2.1455507385336783,0.18377394934813873
1.5214886057416672,1.3312635441238616,0.1902250616178056
0.9400117275490634,0.854324268070755,0.08568745947830836
0.5028269751067578,0.5342666940505106,-0.03143971894375286
0.5019951376240257,0.6565387242803893,-0.15454358665636359
1.66891820501069,1.7855593831022067,-0.11664117809151664
0.7035981412153124,0.6565387242803893,0.047059416934923104
0.8661319166383096,1.324597054665013,-0.4584651380267034
2.231181449907581,2.2215936196532287,0.00958783025435217
1.3644295856045303,1.3524834195054491,0.011946166099081168
1.178315031050857,1.2270709210845339,-0.04875589003367686
0.8527773112589276,1.0346805814720965,-0.18190327021316888
2.5295804766039205,2.112608184437187,0.41697229216673337
2.569978836366454,2.4570570417661495,0.11292179460030471
0.2781178821494645,0.16271626881151904,0.11540161333794544
1.532438116313388,1.7067247253524185,-0.17428660903903048
1.3835256766004675,1.4684884276061694,-0.08496275100570183
1.0046780359533174,0.8937422015050338,0.11093583444828359
0.7428662869269397,0.7000284409887366,0.042837845938203056
0.7914157476792565,0.7318509180522637,0.05956482962699283
1.0659446615800547,1.0241733406380569,0.04177132094199787
0.3820432946278762,0.5599928498903849,-0.17794955526250872
1.128911128722134,1.199248378037349,-0.07033724931521501
1.0514417591279954,1.0385711567674556,0.012870602360539829
0.2650164446445733,0.4924130597640813,-0.22739661511950798
2.555869248941839,2.7036426177485358,-0.14777336880669667
1.6792257540055464,1.7320668980004785,-0.052841143994932116
2.2459601245809724,2.018756593142384,0.2272035314385885
1.433544415340478,1.5647482355803999,-0.13120382023992194
2.6317246733361,2.379750105844036,0.25197456749206415
1.707146554058778,1.6635714301373068,0.043575123921471226
2.502166013565509,2.4706600024010874,0.03150601116442164
1.054841441905512,1.0931884758307673,-0.03834703392525518
1.751704099969132,1.6087897927948662,0.1429143071742658
0.4461535380238983,0.3473976556340418,0.0987558823898565
2.2114027097129987,2.2634950984661497,-0.05209238875315103
0.1466559425014599,0.37147550656989564,-0.22481956406843573
0.4823927108791073,0.4245731519361755,0.05781955894293178
2.1382055480008897,2.0601760180085744,0.07802952999231527
2.014166851703508,1.9224408220149665,0.0917260296885416
1.9743742872211285,1.8072818822189323,0.16709240500219624
1.1075726934056596,1.010290497890982,0.09728219551467765
0.233998859200734,0.38099353444991235,-0.14699467524917836
1.4820260633054374,1.986859001328981,-0.5048329380235437
0.7157411575533941,0.854324268070755,-0.13858311051736094
1.8399104998822815,1.9158034114804832,-0.07589291159820166
1.746459908210921,1.7352293668375456,0.011230541373375313
1.652566272759201,1.5980360911717923,0.05453018158740863
0.1366015611279261,0.12460918696286237,0.011992374165063727
1.0933817299779789,0.9623785076021093,0.1310032223758696
2.38855692988783,2.2866494548745777,0.10190747501325248
0.9170819513795528,1.1299563731379079,-0.21287442175835503
0.1262940118799017,0.11509545756347604,0.011198554316425649
1.0847423762609854,1.1200868592274809,-0.035344482966495505
1.3430369002100708,1.4103575666834849,-0.06732066647341406
1.9465348616519549,2.4195839944747126,-0.47304913282275773
0.625021162170277,0.5463115777465625,0.07870958442371456
2.2123249648362657,2.2634950984661497,-0.051170133629883985
0.5113261821771337,0.4780247553744654,0.03330142680266823
1.000121014212486,0.8636072242349825,0.1365137899775034
2.4531599460702944,2.425096293877946,0.02806365219234852
1.440506531888971,1.5185883841988546,-0.07808185230988363
0.6186919653080107,0.6043462637778526,0.014345701530158128
1.6868705197526843,1.7399592212710486,-0.05308870151836431
0.3856192908550565,0.5254985936456743,-0.13987930279061783
2.240209596061108,2.1297388408278275,0.11047075523328065
1.352910447315206,1.307935771580107,0.04497467573509906
0.1565023644410186,0.1305087983765395,0.025993566064479084
0.3847060781287627,0.5599928498903849,-0.17528677176162222
1.954491568448814,1.919585400394743,0.034906168054070985
0.5896409517102087,0.9836690757304295,-0.3940281240202208
2.0235340630596617,1.9288227174057087,0.094711345653953
0.6187236112923222,0.2433549948376365,0.3753686164546857
1.896045954472345,1.8928528454479359,0.0031931090244090576
0.3690820035164346,0.37851716426135074,-0.009435160744916127
0.4256198150245792,0.3358222167528987,0.08979759827168049
2.199485735830663,2.177662261824225,0.021823474006438026
1.5943421824450863,1.4573950465081726,0.13694713593691366
0.4922346119999313,0.4839343951861685,0.008300216813762806
2.2343144023544026,2.037496680180749,0.19681772217365356
1.7054828793464816,1.596646645715038,0.10883623363144368
1.0966729123463574,0.9623785076021093,0.13429440474424814
0.8589618406558417,0.8857482041470325,-0.02678636349119079
2.059049900613452,1.919585400394743,0.13946450021870915
0.1652366561109461,0.278175811467507,-0.11293915535656088
0.9823630961950944,1.138129904919219,-0.15576680872412463
0.4006194874186275,0.3815302743515936,0.019089213067033928
2.1205335265521303,2.016284396326853,0.10424913022527749
1.978506348962876,1.8894795737158852,0.08902677524699087
1.8765881956991148,1.8675492685512585,0.009038927147856368
0.800624729113854,0.8421514523094332,-0.04152672319557926
0.1330933776881031,0.11297837614980467,0.020115001538298413
0.7775231605665822,0.8785566825388337,-0.10103352197225146
1.6483257108614828,1.7112590749042378,-0.06293336404275496
2.2394862600001857,2.1455507385336783,0.09393552146650741
0.7298326622094059,0.6877852079868475,0.0420474542225584
1.949319708271352,1.8250301503572477,0.12428955791410434
2.483431590853202,2.304139028271426,0.17929256258177606
0.2093692417690487,0.24407819957447519,-0.03470895780542649
1.73978260552123,1.664455609135249,0.07532699638598106
0.764421723061691,1.0377600346728204,-0.2733383116111294
2.468747854132744,2.32502935341987,0.14371850071287406
0.8127044534833128,0.783450182670207,0.02925427081310572
1.2455989145154818,1.204402680099241,0.04119623441624087
0.5733749157741845,0.8617119207015779,-0.28833700492739334
0.1492599548524585,0.12324394767098337,0.02601600718147512
0.2798584112865876,0.24407819957447519,0.03578021171211243
0.548071690781324,0.5005998194136423,0.04747187136768172
0.1537491638059328,0.12460918696286237,0.029139976843070417
2.279052783545827,2.4863155106034975,-0.20726272705767057
1.4276853874241469,1.5039340519367141,-0.07624866451256729
2.070406287402982,1.8250301503572477,0.24537613704573435
0.518564070946959,0.4839343951861685,0.03462967576079051
1.5116783506051543,1.6410291964351664,-0.1293508458300121
1.439837445399698,1.2723785394747635,0.1674589059249345
2.4183041551404822,2.2990966531553374,0.11920750198514485
0.0732372588991715,0.19534846341612103,-0.12211120451694953
1.598537535902289,1.6410291964351664,-0.04249166053287734
0.3633721638841907,0.31987071860600086,0.04350144527818983
0.5166788743444833,0.3758212486656074,0.14085762567887594
2.1597881093012177,2.356062173920117,-0.1962740646188994
1.4708866768278488,1.2459773359670216,0.22490934086082714
0.2806179149100596,0.336548688884514,-0.055930773974454395
0.5226147569388093,0.5463115777465625,-0.02369682080775315
0.2253911514680518,0.6886988402099172,-0.46330768874186545
1.875611691763702,1.8961692168577984,-0.020557525094096363
0.5675520546608996,0.5096520521280953,0.05790000253280436
2.038145467186699,1.9290363883865915,0.10910907880010767
0.2274526612670232,0.1981684110890459,0.02928425017797731
2.2708067438436057,2.0856554752779948,0.18515126856561093
1.7984226144501267,1.9137824165617425,-0.11535980211161578
1.7395294376467392,1.8894557581466778,-0.1499263204999386
1.2352190316613652,1.5810277886530797,-0.34580875699171454
0.9897049645553232,0.854324268070755,0.13538069648456819
0.8270174800295041,0.8457797165049707,-0.018762236475466598
1.7492131088460068,1.6410291964351664,0.10818391241084035
0.5721949727171958,0.8998045935388099,-0.32760962082161416
1.152749596546036,1.1593406803883026,-0.006591083842266698
1.4279023884955913,1.460550203559412,-0.03264781506382075
1.1724333987876845,1.118941926520389,0.05349147226729545
2.0942764001985235,2.0524130960687152,0.04186330412980821
1.0795840808182386,1.5280821837869123,-0.44849810296867365
1.2817883581114404,1.2896218732131077,-0.007833515101667299
1.9347444742385436,1.8961692168577984,0.03857525738074519
0.0410487720358129,0.11509545756347604,-0.07404668552766314
0.7519441636055568,0.82981893043149,-0.0778747668259332
2.251855318287678,2.1455507385336783,0.10630457975399965
0.2471048175243599,0.2310233633434544,0.01608145418090548
1.4157593721575097,1.297256313121801,0.11850305903570879
1.4867413149678257,1.4099497549996654,0.07679155996816034
0.6282490525700327,0.5252118749886856,0.10303717758134712
2.513431983980344,2.3967768878781612,0.11665509610218283
1.7826990810661298,1.6582885072105145,0.12441057385561538
2.187921389353991,2.3033976534762166,-0.11547626412222556
2.1513476721148903,1.5811528442268112,0.5701948278880791
0.4365060336276771,0.5599928498903849,-0.1234868162627078
0.9936833169410813,1.1429838687154545,-0.1493005517743733
0.6376569515479678,0.6210528800399779,0.016604071507989815
1.021070655826587,0.9966070563195666,0.024463599507020373
2.296485199323132,2.1927266773304104,0.10375852199272151
2.01130967249069,1.8702839871584394,0.14102568533225068
2.3485880517026194,2.2550063003995935,0.09358175130302593
1.328081912087015,1.2055131786943383,0.12256873339267682
1.4966781540415837,1.52136832386486,-0.02469016982327643
1.4934186176575166,1.3991714362629921,0.09424718139452448
0.6499581978076061,0.73502805050805,-0.08506985270044387
1.815289924088066,1.826784649165869,-0.011494725077803025
0.4948341035321952,0.8406205721985938,-0.34578646866639856
2.2402457636236583,1.9220508099996778,0.31819495362398054
1.7572014593486665,1.6635714301373068,0.09363002921135966
0.3104917240999563,0.3078900083790041,0.0026017157209521913
0.0499503352647665,0.030556910661549065,0.019393424603217434
1.5157923285656276,1.5185883841988546,-0.002796055633226935
0.7506873658705733,0.7591089735330795,-0.008421607662506214
2.009627913743951,1.9449264884905157,0.06470142525343547
1.1924200984162412,1.1534916374283195,0.03892846098792169
0.2465668357910673,0.3663579575435088,-0.1197911217524415
1.1007868903068303,1.179530802310249,-0.07874391200341879
0.3676353301287509,0.3325354376921409,0.03509989243660999
2.101545935965332,2.0524130960687152,0.049132839896616876
0.9809751937041304,0.8685777547818043,0.11239743892232612
0.2060283298882519,0.14597238118103067,0.060055948707221224
1.200250218997344,1.157599967731089,0.04265025126625499
0.1400735777647029,0.10628157837816313,0.03379199938653976
0.6264813982673332,0.6083599429801013,0.018121455287231858
0.0516818227644201,0.030556910661549065,0.021124912102871034
0.8456886107731896,1.2703050463193988,-0.4246164355462092
0.2155537711659627,0.17352300766771986,0.042030763498242835
0.3388781720272203,0.4374212066464193,-0.098543034619199
2.074890974018714,1.4369417374484879,0.6379492365702262
0.0553708402194736,0.20355452381780278,-0.14818368359832917
2.267117725882217,1.6677474629422477,0.5993702629399691
2.22574286218427,2.1399663088269762,0.08577655335729384
1.295567923743074,1.5186066438590664,-0.22303872011599246
1.610603697562376,1.5648869601549251,0.04571673740745097
1.0252569673931524,1.2055131786943383,-0.18025621130118585
1.2173074045411518,1.3631596783492528,-0.14585227380810095
0.7616007096392478,0.7805158510036011,-0.01891514136435335
1.0954206354301084,0.8179931201647316,0.2774275152653768
0.8210996809632852,0.809794218127669,0.011305462835616176
1.697598508434225,1.522286714754137,0.1753117936800881
0.66583091947569,0.6401121886046445,0.02571873087104548
0.6783808125379164,0.7320418361756883,-0.05366102363777192
1.0914829709192988,1.6800746518564926,-0.5885916809371938
0.7519441636055568,0.7443461386967808,0.007598024908776035
0.0724506301101229,0.06692896925074668,0.005521660859376221
1.8334411568797335,1.7677350775419478,0.06570607933778572
1.390433543070975,1.3627991392227015,0.027634403848273648
0.6579465483102658,0.6537592481990183,0.004187300111247461
1.1932519356458051,1.1946018541296453,-0.0013499184838401401
1.8704488747427164,1.9029649735971732,-0.03251609885445683
1.6834572742657952,1.7359280008429292,-0.05247072657713403
2.178933929809573,2.0091272743780193,0.16980665543155382
0.3475627341847294,0.3358222167528987,0.011740517431830688
0.4342908147258839,0.6070618735055825,-0.17277105877969862
1.622299149301364,1.9240481516511758,-0.3017490023498117
0.6304959174561374,0.6452158846130075,-0.014719967156870073
0.4564610872719228,0.4301216289762569,0.02633945829566592
2.224947190998249,1.9224408220149665,0.30250636898328254
1.7000036032418866,1.7067247253524185,-0.006721122110531885
1.9148527123097523,1.6966284282394937,0.21822428407025862
0.9578736251568586,1.0185474164705184,-0.0606737913136598
0.428088201800863,0.3415228432029839,0.08656535859787912
0.3975453061216936,0.4686381090566964,-0.07109280293500281
2.2702642405320748,2.401594147187856,-0.13132990665578115
2.439018712661368,2.3081181396194332,0.1309005730419348
1.5604176872633395,1.8044309593831844,-0.24401327211984492
1.6913416451780514,1.3414265239766747,0.3499151212013767
0.6766086374164817,0.5781328416058596,0.09847579581062205
0.5025828488697367,0.6451106505819734,-0.14252780171223667
2.2568779891683817,2.4691774638295603,-0.2122994746611786
0.2116477526394645,0.16271626881151904,0.04893148382794546
1.374411633118804,0.8204627185041509,0.5539489146146532
0.437360475204083,0.42931226468905115,0.00804821051503185
0.3574227188336604,0.10252882835416177,0.2548938904794986
1.2562319652440892,1.3049552574823962,-0.04872329223830696
1.3903973762679294,1.4025640207832595,-0.012166644515330116
2.257953952634967,2.1399663088269762,0.11798764380799076
0.976070066135874,1.0322753060922365,-0.05620523995636251
1.6234836131770878,1.6472778413028577,-0.023794228125769923
2.449904931264465,2.401594147187856,0.04831078407660927
1.7019656542691892,1.571434597600918,0.13053105666827114
0.3283581427796541,0.31987071860600086,0.008487424173653224
1.8738033490797168,1.9791914771552992,-0.1053881280755824
1.0270201008771174,0.9966070563195666,0.030413044557550784
0.9736966173125242,1.2619582824702087,-0.2882616651576845
0.2082435487900451,0.2949971836995128,-0.08675363490946766
0.7041994149172276,0.8507798026412987,-0.14658038772407112
1.2645126643878315,1.3675960728389098,-0.10308340845107833
1.5795137785124442,1.6814595015823661,-0.10194572306992189
0.4110626622413668,0.37415961968946804,0.036903042551898746
0.2651113825975074,0.4924130597640813,-0.2273016771665739
2.184512663673165,2.0137844626462353,0.17072820102692976
0.6870789374047976,0.8421514523094332,-0.15507251490463558
0.8344226403583556,1.3911917498589574,-0.5567691095006019
2.536162841340678,2.3787225027699352,0.1574403385707428
0.5598982472762922,0.5736482920744506,-0.013750044798158334
0.3754609298911192,0.3403353360568732,0.03512559383424596
0.5361728006802634,0.6210528800399779,-0.08488007935971453
0.9131397657968406,0.688211431915615,0.22492833388122568
0.5882485284005102,0.41006939352526106,0.17817913487524917
1.3515903576115995,1.4298963056703007,-0.07830594805870117
1.5488940281552803,1.7677350775419478,-0.21884104938666749
0.5427913324732342,0.6886988402099172,-0.14590750773668304
1.5525649623353943,1.390100397311319,0.16246456502407525
0.565684941586531,0.8625998060214484,-0.2969148644349173
2.388335407997652,2.4252308785245518,-0.036895470526899565
0.6282174065857216,0.42822097428507566,0.1999964323006459
0.0431102818347841,0.030556910661549065,0.012553371173235038
1.203383171444166,1.2896218732131077,-0.08623870176894166
2.278682072358889,2.07845368272736,0.2002283896315289
0.2127689245465655,0.19581698811170367,0.016951936434861842
0.1014112265737258,0.05953603900710129,0.041875187566624505
0.6709711313903298,0.6383562712487384,0.03261486014159143
1.821035931029692,1.8678939866701145,-0.04685805564042256
0.8409869215670056,0.9062338476975588,-0.06524692613055316
0.8672078801048947,1.2703050463193988,-0.4030971662145041
1.7828527901689517,1.7985208879264813,-0.015668097757529642
0.3438375499266297,0.24607231981572314,0.09776523011090654
1.3883223037595855,1.1665705680769665,0.22175173568261908
0.1173246358635906,0.08381723621739413,0.033507399646196465
1.6688639546795363,1.4307016841627063,0.23816227051683003
1.0549137755116045,1.0967126264274027,-0.04179885091579827
1.8917149761999308,1.9772147585249353,-0.08549978232500455
1.882917392561381,1.8406107780369256,0.04230661452445528
1.5206341641652614,1.5810277886530797,-0.060393624487818265
0.5880360481478004,0.6325431776906068,-0.044507129542806334
0.1084999270594641,0.3922330091875452,-0.2837330821280811
1.3024757899604136,1.1771691512608347,0.12530663869957892
2.5200324324983754,2.4041305139343447,0.11590191856403065
0.5045268163689322,0.5599928498903849,-0.05546603352145274
2.5476277308178563,2.316481215943133,0.23114651487472315
0.882144784699843,0.8738688703285704,0.008275914371272619
1.552858817831666,1.5386240526818413,0.01423476514982469
0.4069486842808937,0.29553739376985955,0.11141129051103416
1.6965135033301706,1.7287039125874566,-0.032190409257286
0.2338135041136008,0.24407819957447519,-0.010264695460874385
1.3637062487841047,1.3991714362629921,-0.03546518747888738
1.293004599013856,1.5190759179269948,-0.22607131891313892
1.76759942573089,1.648888507718143,0.11871091801274702
0.3475265673816834,0.39169090610883006,-0.044164338727146646
1.18256011376731,1.118941926520389,0.06361818724692103
1.1132237621411831,0.9385526476672552,0.1746711144739279
1.114733727750658,1.2618558033807303,-0.1471220756300724
2.334473942699766,2.249517273072548,0.0849566696272177
1.471772764388566,1.4782251740917227,-0.006452409703156636
0.7151986550013667,0.8625998060214484,-0.14740115102008167
1.197013286960119,1.4310700609669216,-0.23405677400680247
0.3381819603723711,0.4361192264721426,-0.09793726609977149
0.3947333343367199,0.4885204290275158,-0.09378709469079588
1.3196550386227317,1.8173290674743183,-0.4976740288515866
2.114674497876296,2.1276064609226744,-0.012931963046378225
0.6790408573897193,0.5438527780020787,0.13518807938764066
0.6419608054143089,0.6043462637778526,0.03761454163645628
0.2002190312311713,0.17213733306898796,0.02808169816218334
1.840606711537131,1.7594181508992797,0.08118856063785129
1.6468202660707432,1.709899367253711,-0.06307910118296789
0.7667002339321067,0.8053670128396143,-0.03866677890750758
0.9767979237750348,0.8685777547818043,0.1082201689932305
2.155041211654518,1.9207754954035088,0.23426571625100934
2.3121454399790022,2.2155909475083235,0.09655449247067871
2.426184005234004,2.305146499436609,0.12103750579739492
1.784435089384518,1.6230604755042128,0.16137461388030516
2.3771372511296787,1.9288859035065165,0.4482513476231622
2.059592401393304,1.9290363883865915,0.13055601300671227
1.2805948523450794,1.243814204145875,0.03678064819920435
0.9938279841532656,1.3164214462676798,-0.3225934621144142
2.2714939123419784,2.2777490671383167,-0.006255154796338314
1.1985413358445325,1.2459773359670216,-0.047436000122489164
0.9934301490665906,0.974206892202544,0.01922325686404658
1.0717042307247169,1.0346805814720965,0.03702364925262036
1.8859554070552689,1.7226211149625426,0.16333429209272632
0.6756321327215652,0.5252118749886856,0.1504202577328796
2.397354513526381,2.1042247827948524,0.2931297307315286
0.0702037652240184,0.11509545756347604,-0.04489169233945764
2.47905540439344,2.2772197408028303,0.20183566359060956
1.1089832002434652,1.5647482355803999,-0.4557650353369347
0.7724869282423455,0.9112890608303748,-0.1388021325880292
1.5661094436206442,1.4126049796975897,0.1535044639230545
0.6114359932632464,0.6350667338817068,-0.023630740618460377
1.2540800383109187,1.1895022488129088,0.06457778949800996
0.0924192462105729,0.18263462739793054,-0.09021538118735764
2.186592258012915,1.9835224650956738,0.20306979291724137
0.1450646016484238,0.37147550656989564,-0.22641090492147184
1.1572433263182451,1.157599967731089,-0.0003566414128439721
0.960518325382806,0.8588064926544863,0.10171183272831974
0.703661433183935,0.6497640358007256,0.05389739738320942
1.2759654969981555,0.7727098171933667,0.5032556798047888
1.5159686420152911,1.1148064146906211,0.40116222732467
0.696934400981826,0.8184939358686885,-0.12155953488686244
0.9197944643928576,1.0283876111054389,-0.10859314671258125
1.5386090832540975,1.414322461654853,0.12428662159924442
0.1797305169255357,0.2591383992216113,-0.0794078822960756
0.2244779387417581,0.1981684110890459,0.02630952765271219
1.1429709873938347,1.0706538483289416,0.07231713906489312
0.788617338603655,0.8567043558197691,-0.0680870172161141
1.2065613323315034,1.4298963056703007,-0.22333497333879726
2.2815935029155314,2.2215936196532287,0.05999988326230277
0.9808486097668851,0.9889126897772317,-0.00806408001034653
0.8266286865802985,0.9421755532269063,-0.11554686664660774
1.0030505282972353,1.0425725251215703,-0.03952199682433499
1.3130726738859748,1.4573950465081726,-0.14432237262219783
2.322561490395669,2.17704656710487,0.14551492329079885
1.4997297309916755,1.6461926100299054,-0.14646287903822985
1.2435419255352451,1.1593406803883026,0.0842012451469425
2.3273852422140275,2.115599012149205,0.21178623006482233
1.133142648729215,1.0528189164546036,0.08032373227461154
0.8238800067639476,1.0322753060922365,-0.20839529932828893
0.5514758946307434,0.4175257348633669,0.1339501597673765
1.975197082813223,1.7297913118519415,0.24540577096128158
1.0133806816389337,0.949640392857257,0.0637402887816767
1.2271402640245064,1.2865097881309235,-0.05936952410641716
1.313500648101772,1.61673148982345,-0.303230841721678
0.6855915761421651,0.589450608487255,0.0961409676549102
1.6101922997663287,1.503965848432876,0.10622645133345276
1.986390720634636,1.9590634773721125,0.02732724326252356
0.4679259752300942,0.5837251851130324,-0.11579920988293818
0.6340402676990065,0.6401121886046445,-0.0060719209056380175
0.3608088391549729,0.34879377306543125,0.01201506608954167
2.110726284113324,2.070450668911109,0.04027561520221523
1.7047957093291015,1.52136832386486,0.18342738546424142
0.8036265768046956,0.7706412409915719,0.032985335813123684
1.710293068961804,1.8139453521624174,-0.10365228320061326
1.959916593969088,1.771597815986972,0.18831877798211583
1.14912839187834,0.9877590937988759,0.16136929807946399
0.5460391145260566,0.555765030786756,-0.009725916260699408
1.6087049385036962,1.6863228493934728,-0.07761791088977654
2.295960779792876,2.2550063003995935,0.04095447939328256
0.4361895737845638,0.4169871314933424,0.019202442291221422
1.6359340474676454,1.7904420795430647,-0.1545080320754193
0.943736911807163,0.9319775598165546,0.011759351990608402
1.2177820943058215,1.3685196249752658,-0.1507375306694443
1.036034685587112,0.9549170245959888,0.08111766099112327
1.061279139430085,0.9421755532269063,0.11910358620317862
0.5950162482244005,0.48945544949297215,0.10556079873142832
0.6539139458465225,1.0746924033853487,-0.42077845753882614
2.539815694271196,2.2700652528263534,0.2697504414448426
2.147369321248139,2.1249614066074582,0.022407914640680815
0.5346176266302733,0.49129283875914836,0.04332478787112498
2.2018365818261785,2.031899694706459,0.16993688711971933
2.2390160918137543,2.1666243834917926,0.07239170832196162
0.77331876547191,0.9959182445000391,-0.22259947902812904
0.090199506490045,0.22441120351981908,-0.1342116970297741
1.7253746410221045,1.6532248909457332,0.07214975007637126
1.6089581063781866,2.1792014199062675,-0.5702433135280809
1.668800662710914,1.6867024147161267,-0.017901752005212712
1.706025381898509,1.7067247253524185,-0.00069934345390954
1.5109776181315706,1.6568544930935254,-0.14587687496195478
1.8646260136294317,1.7359280008429292,0.1286980127865025
1.6044688974247123,1.8173290674743183,-0.212860170049606
1.759118301935453,1.7226211149625426,0.03649718697291049
2.143553719349505,1.9835224650956738,0.16003125425383136
1.2037764857121065,1.2712617141080704,-0.06748522839596394
1.158572457659321,1.237495421928866,-0.07892296426954504
1.2075920873575732,1.1593406803883026,0.04825140696927055
1.1246072748557931,1.3809968212010217,-0.2563895463452286
0.9518925341220172,0.9892692859379827,-0.03737675181596545
2.225670527059171,2.6461932154748795,-0.4205226884157085
2.51001421767472,2.316481215943133,0.19353300173158683
2.192225243220332,2.016284396326853,0.1759408468934791
0.7859409923933962,0.7558504967781593,0.030090495615236912
0.0927040600693749,0.03453167566333994,0.058172384406034956
1.3195555798510628,1.3049552574823962,0.014600322368666596
0.5350877955762087,0.44087333041257626,0.09421446516363241
0.8907524924325251,0.6913148406247669,0.1994376518077582
0.4511897703481348,0.46461327643038486,-0.01342350608225007
1.724976805682262,1.6937539250703852,0.031222880611876835
0.8337580746878177,0.8785566825388337,-0.04479860785101597
1.0666092272505927,1.2097769909922955,-0.1431677637417028
2.156338697011283,1.5811528442268112,0.5751858527844715
0.3256456297663491,0.3374910903348385,-0.011845460568489397
0.9699623911637872,1.0400774630948528,-0.07011507193106559
1.7071555956962474,1.4935385573119966,0.21361703838425083
1.2450925787665008,1.3622066554365921,-0.11711407667009133
0.1312488689605764,0.25087617639176774,-0.11962730743119135
0.9282575046601874,0.9589864592145889,-0.0307289545544015
1.2866754021515898,1.502612149532462,-0.2159367473808722
0.4502403908187949,0.3415228432029839,0.10871754761581104
1.0916412008408556,1.151510125088126,-0.059868924247270305
0.9642028220191248,0.9463311340152012,0.01787168800392358
0.8850381317283785,0.7663380865512731,0.11870004517710542
2.3269105524493576,2.048655282623729,0.27825526982562865
1.9711147508370608,1.8253345535085908,0.14578019732847003
0.3583088063943777,0.28830032946558865,0.07000847692878903
1.8793097503498892,2.2700652528263534,-0.3907555024764642
1.7269026899065183,1.8894795737158852,-0.16257688380936686
1.6444965467598116,1.7455762017913452,-0.1010796550315336
1.3620064072687623,1.293871128144557,0.06813527912420536
0.3606912968551971,0.5463115777465625,-0.1856202808913654
1.0817495702076134,1.0886993579445945,-0.006949787736981072
0.9097400830193236,1.0324765714329343,-0.12273648841361062
1.829119219232118,2.112608184437187,-0.28348896520506917
0.1758380608552421,0.3017780438693294,-0.1259399830140873
1.0042440338104286,1.2619582824702087,-0.2577142486597801
0.8276820457000422,0.792703002524219,0.03497904317582323
2.2359780773198663,2.232907736242271,0.0030703410775951845
1.6761425310711429,1.5648869601549251,0.11125557091621774
1.3519927137701773,1.3414265239766747,0.010566189793502545
2.1903264841616523,2.1276064609226744,0.06272002323897796
2.463792996798902,2.3265720506295584,0.13722094616934344
1.7123455371233058,1.7021598636266844,0.010185673496621472
1.1865610702467422,1.1896647381398242,-0.0031036678930820294
1.5988946833671835,1.482935825410191,0.11595885795699257
0.8818599708410412,1.0324765714329343,-0.15061660059189308
2.3609345071622774,2.2817567260745193,0.07917778108775808
1.7308584379454346,1.8654871772310286,-0.13462873928559405
1.6988959937909902,1.6440697908769815,0.05482620291400875
0.0453887927052001,0.030556910661549065,0.014831882043651032
1.517532857702751,1.5347116329417374,-0.017178775238986477
2.13393334011886,2.200215056509441,-0.06628171639058111
1.6394783977105143,1.4115749648389295,0.22790343287158477
1.6725348888596512,1.5347116329417374,0.13782325591791378
1.082834575564836,0.9404572329276943,0.14237734263714175
1.161605951334474,1.2713794355837673,-0.10977348424929323
2.30751608564475,2.4570570417661495,-0.1495409561213994
0.5907485611611053,0.6202555330174683,-0.029506971856362973
1.1159136708076465,1.1935272697012211,-0.07761359889357466
1.3581636807108868,1.129279899972224,0.22888378073866278
2.277714609048274,2.1927266773304104,0.08498793171786367
0.5559379784186411,0.5570799919494533,-0.0011420135308122248
0.2475614237609228,0.10252882835416177,0.14503259540676103
0.0716594805023397,0.04556173508460021,0.026097745417739487
1.5418053276695418,1.7493285454280507,-0.2075232177585089
1.0726852562383682,1.2367958665805314,-0.16411061034216323
1.09673620431498,0.8937422015050338,0.20299400280994617
0.3769166451694404,0.3245940854614644,0.052322559707976
0.4091548615452174,0.4780247553744654,-0.06886989382924802
2.209106115061308,2.4252308785245518,-0.21612476346324394
0.5729906431437138,0.5178349157705424,0.055155727373171426
0.2935927684777054,0.23786003453638904,0.05573273394131634
1.329058416781932,1.1881020455733138,0.14095637120861815
0.2681493970913951,0.24407819957447519,0.02407119751691994
1.9042784319715296,2.0973894060528924,-0.1931109740813628
0.8850245692721743,0.8507798026412987,0.03424476663087561
1.4439966318006867,1.3627991392227015,0.08119749257798525
0.9770104040277444,0.916723984123019,0.060286419904725386
1.7403115456170528,1.3414265239766747,0.3988850216403781
1.0331594218335154,1.1239426819373672,-0.09078326010385185
0.1871040312700759,0.09892398653222914,0.08818004473784677
2.6163808925233423,2.135916860484802,0.48046403203854027
0.2905231079995062,0.21485446287710028,0.07566864512240593
0.4781837949657002,0.48680771367510606,-0.008623918709405876
2.305490742648825,2.249517273072548,0.0559734695762768
0.2376426682152718,0.23498865244126943,0.0026540157740023718
0.7560671832034996,0.6401121886046445,0.11595499459885517
0.0962167643279326,0.03453167566333994,0.06168508866459265
1.1444899946407787,1.3969599079784119,-0.25246991333763313
1.201547704354109,1.151510125088126,0.05003757926598307
1.8548519260554688,1.7011114326465808,0.15374049340888796
0.2011593691230417,0.38099353444991235,-0.17983416532687066
0.9274980010367156,0.8457797165049707,0.0817182845317449
0.4634774538984008,0.3358222167528987,0.1276552371455021
2.548387234441328,2.522949331339286,0.025437903102042192
2.43232784776864,2.289668843412221,0.14265900435641887
0.7186299837631948,0.48656110752330095,0.2320688762398938
1.0014953539940774,1.0283876111054389,-0.02689225711136145
2.1553893174819425,1.9300156544303158,0.22537366305162676
0.1058959147084653,0.23498865244126943,-0.12909273773280414
1.6891716349699415,1.620640175877704,0.06853145909223746
1.294365376339243,1.2723785394747635,0.021986836864479553
1.1089832002434652,1.5309939219490865,-0.42201072170562126
0.3718849336639389,0.3358222167528987,0.03606271691104018
0.5361275922397478,0.44087333041257626,0.09525426182717156
1.4174140049791686,1.1241034109162777,0.29331059406289084
0.2064758944873454,0.19581698811170367,0.010658906375641736
0.1346982812505115,0.06156366233598713,0.07313461891452437
2.3467571061908004,2.2155909475083235,0.13116615868247683
0.1700920541667841,0.16217439225319313,0.007917661913590973
2.371214930485221,2.497379560452752,-0.12616462996753075
1.785922450647151,1.6582885072105145,0.12763394343663648
2.161465346469718,2.0472356372052007,0.11422970926451725
0.3752665331665164,0.5254985936456743,-0.15023206047915788
1.5940528477675495,1.5624007360595134,0.03165211170803617
1.076613879111708,1.1299563731379079,-0.05334249402619995
0.1049194100135487,0.08842958007769748,0.016489829935851213
2.0808313784444463,2.115599012149205,-0.03476763370475888
1.345853392813779,1.6532248909457332,-0.3073714981319542
0.1465112750361075,0.08929634972887647,0.05721492530723103
0.8626146915610169,0.8079073113373118,0.05470738022370514
0.9702472050225892,0.5463115777465625,0.42393562727602674
0.6062279683080812,0.6913148406247669,-0.08508687231668566
0.9197944643928576,0.9105968614081325,0.009197602984725162
1.4287342257251554,1.45541230264812,-0.026678076922964644
1.3157490200962336,1.1896647381398242,0.12608428195640942
1.293687248212501,1.221622085804976,0.07206516240752503
0.8202271558587722,0.792703002524219,0.02752415333455316
0.1612311785596114,0.23498865244126943,-0.07375747388165804
0.3251754608204139,0.31987071860600086,0.005304742214413016
0.0544124190526641,0.06112244135285617,-0.006710022300192069
1.021640283544191,1.1243554192132073,-0.10271513566901636
1.3639232498555494,1.3969599079784119,-0.033036658122862494
0.680907970464088,0.5005998194136423,0.18030815105044573
1.1657289709324168,1.1733242495313292,-0.007595278598912403
2.055071547215023,1.9139205066992178,0.14115104051580518
0.955780469373576,1.0886993579445945,-0.13291888857101852
0.7483274795034277,1.4011570296850442,-0.6528295501816165
2.3411934408790978,2.1514329777106647,0.1897604631684331
1.9637502771173188,1.9673220482554261,-0.0035717711381073602
2.414063593242764,2.3594241124014834,0.05463948084128045
1.2562636112284005,1.4423328231033135,-0.186069211874913
1.385551019596393,1.1733242495313292,0.21222677006506374
1.6026243886971858,1.6682423249906937,-0.06561793629350787
0.8097387725955172,0.7297307888994244,0.08000798369609274
0.3151210794468802,0.4668964420638647,-0.1517753626169845
1.321752715224749,1.3911917498589574,-0.06943903463420842
0.1328763766166586,0.1726537193401166,-0.03977734272345801
0.5361908842083704,0.4686381090566964,0.06755277515167396
2.734393287066856,2.5857613291019987,0.14863195796485718
1.9036409907070644,1.8654871772310286,0.03815381347603575
1.8973796073916591,2.018756593142384,-0.12137698575072475
0.7615102925050485,0.7706412409915719,-0.009130948486523405
1.263067497855337,1.171145664891073,0.09192183296426393
1.605350464166695,1.6867024147161267,-0.08135195054943178
0.5969195281018148,0.5523797853752888,0.044539742726526055
0.6676392614001707,0.5886172662352531,0.07902199516491759
1.838802890431385,1.7455762017913452,0.09322668864003969
1.375930640365748,1.3991714362629921,-0.023240795897244038
2.5740656899208543,2.379750105844036,0.19431558407681848
2.226118092417768,2.1399663088269762,0.0861517835907919
0.1640657546914267,0.12460918696286237,0.03945656772856433
1.3468660643117416,1.3627991392227015,-0.015933074910959855
0.8386948482403852,0.9199321383547542,-0.08123729011436898
0.8299922025547691,0.8053670128396143,0.024625189715154816
0.8635685919090916,0.629757411569639,0.23381118033945258
2.081717466005163,2.0654192160634834,0.01629824994167972
1.4649010649742722,1.5698982292197061,-0.10499716424543393
1.5617106518013693,1.9377728931951324,-0.3760622413937631
0.0435894924181889,0.04190025453623789,0.0016892378819510084
0.8062305891556945,0.8636072242349825,-0.05737663507928803
1.4862756668406254,1.2967547008628886,0.18952096597773682
0.6383124755810361,0.6736176337439189,-0.03530515816288282
2.233771899042872,2.0973894060528924,0.13638249298997973
0.9945829669580027,0.9117527605245378,0.08283020643346495
0.2023573957081375,0.18263462739793054,0.019722768310206945
1.2934340803380102,1.5624007360595134,-0.26896665572150313
1.94589290134093,1.7085209833262083,0.2373719180147218
1.2347714670622718,1.1437261946223338,0.09104527243993799
1.4022962663689895,1.3312635441238616,0.07103272224512791
0.3812521450200928,0.27520025846197815,0.10605188655811465
1.1567234281130596,1.1228512291401032,0.03387219897295646
1.786998414113736,1.7836623844133457,0.003336029700390375
0.8851466323906846,0.783450182670207,0.10169644972047753
1.8326093181311625,1.8157280134606129,0.0168813046705496
2.21756915507547,2.031899694706459,0.18566946036901077
2.1689337987671924,1.8459748751335996,0.3229589236335928
0.0784317211449646,0.08276875847847023,-0.004337037333505628
1.6547408040392133,1.7352293668375456,-0.08048856279833227
1.309808616683173,1.5280821837869123,-0.21827356710373924
1.5342735834034449,1.441486692832311,0.09278689057113398
1.8088838728009728,1.8702839871584394,-0.061400114357466506
1.347467338013657,1.4025640207832595,-0.055096682769602445
0.1429669247932385,0.25087617639176774,-0.10790925159852924
1.0425582791739811,1.0289928851787802,0.013565393995200958
1.8392640179930184,1.7320668980004785,0.10719711999253989
0.2080672353403815,0.19534846341612103,0.012718771924260464
1.057951790005492,1.0289928851787802,0.028958904826711818
0.3130234028448628,0.3189185575623138,-0.005895154717451001
2.0766857544996618,2.016284396326853,0.060401358172808894
2.1551090252013787,2.0654192160634834,0.08968980913789526
1.4000539223016195,1.5698982292197061,-0.1698443069180866
2.098507921471444,1.9744523197881965,0.1240556016832477
0.9603736579174535,0.9797676255270085,-0.01939396760955492
0.5330579317615486,0.6401121886046445,-0.10705425684309589
0.7804029451389132,0.7443461386967808,0.03605680644213238
1.090610445814786,1.129279899972224,-0.038669454157437944
1.917131223180168,2.4195839944747126,-0.5024527712945446
0.7455064660809846,0.8366664148002876,-0.091159948719303
0.5386321458190777,0.5846417276611902,-0.04600958184211246
1.2475383611959423,0.8718150288741342,0.3757233323218081
0.8132107892322942,1.092402465471036,-0.27919167623874186
1.4978174094767915,1.6410291964351664,-0.1432117869583749
1.1738665097191638,1.2459773359670216,-0.0721108262478578
1.2848625394083744,1.2453922426390203,0.039470296769354096
2.4774640620213964,2.4041305139343447,0.07333354808705161
2.537898851431241,2.466826932352548,0.07107191907869304
2.0670789374720537,1.8894557581466778,0.17762317932537597
1.16116742837285,1.1946018541296453,-0.03343442575679534
2.5554759349270664,2.4863155106034975,0.06916042432356884
1.8563709333024123,1.8157280134606129,0.04064291984179946
0.8639166977365165,0.8722598508340259,-0.008343153097509437
0.2684296901314623,0.28830032946558865,-0.01987063933412636
1.3835256766004675,2.4195839944747126,-1.036058317874245
2.3291890633197734,1.9078482388298312,0.42134082448994215
0.4199024406100546,0.4638468749930624,-0.04394443438300777
0.986006905209632,0.974206892202544,0.011800013007087995
2.2742199885709917,2.1276064609226744,0.14661352764831737
1.083304744510771,1.1228512291401032,-0.03954648462933208
1.4089509647118388,1.4477986687256685,-0.038847704013829754
2.152193073066498,2.07845368272736,0.07373939033913812
0.8879676458131281,0.8507798026412987,0.03718784317182944
2.051563364534704,1.9078482388298312,0.14371512570487277
0.291684967781556,0.4668964420638647,-0.1752114742823087
0.9243153193306431,0.7952911042870847,0.12902421504355843
0.771040254601494,0.48656110752330095,0.284479147078193
0.748756960827582,0.8629420843129021,-0.11418512348532006
1.4152150612273549,1.4011570296850442,0.014058031542310667
1.141262104241023,0.9105968614081325,0.23066524283289047
1.739877543474164,1.6472778413028577,0.09259970217130631
1.9767793820287896,1.9158034114804832,0.06097597054830639
0.0542135015093266,0.08842958007769748,-0.03421607856837088
2.364474335826908,2.261309339629099,0.10316499619780917
0.5859745383488293,0.7305547168811326,-0.14458017853230332
0.3610529653919939,0.4686381090566964,-0.10758514366470251
1.65753469229608,1.5698982292197061,0.08763646307637396
0.8689167632577065,0.8567043558197691,0.01221240743793739
0.6738825619469726,0.73502805050805,-0.06114548856107738
2.3016887029532267,2.497379560452752,-0.19569085749952508
1.349745848884073,1.3524834195054491,-0.0027375706213761397
0.8355618957935635,0.7297307888994244,0.1058311068941391
1.123232934821034,1.0248739855483364,0.0983589492726975
1.781180073819186,1.6472778413028577,0.13390223251632838
1.817979832754529,1.6750904575950127,0.14288937515951616
0.4623201151882538,0.3415228432029839,0.1207972719852699
1.6186101315931427,2.4195839944747126,-0.8009738628815699
0.1893689796842875,0.16961116563632478,0.01975781404796273
1.56765105521443,1.4126049796975897,0.15504607551684035
0.9396862258153128,1.324597054665013,-0.3849108288497002
2.26134007295628,2.3804730149485134,-0.11913294199223357
0.661034292316572,0.5746631388066775,0.08637115350989444
0.2610290506213456,0.2310233633434544,0.030005687277891213
2.2164479834215367,1.8173290674743183,0.3991189159472184
1.011947570707454,0.9889126897772317,0.023034880930222212
0.1957750309713807,0.3017780438693294,-0.1060030128979487
2.5204302680913866,2.4570570417661495,0.06337322632523712
1.0783498874300963,1.1609506625605177,-0.08260077513042141
1.7343078502353697,1.620640175877704,0.11366767435766567
2.3949810647030314,2.301896713470216,0.09308435123281544
1.8844725673708749,1.4277819285433324,0.45669063882754246
0.0867229690345333,0.08276875847847023,0.00395421055606307
1.2424343160843487,1.2367845709585674,0.005649745125781314
2.0385206974201964,2.0472356372052007,-0.008714939785004372
1.3253151489957251,1.571434597600918,-0.24611944860519297
1.3269245733768682,1.8715557149025226,-0.5446311415256544
0.6393206262602641,0.9421755532269063,-0.3028549269666422
2.6469057051807403,2.5857613291019987,0.06114437607874157
0.3291899800092182,0.3342337954829766,-0.005043815473758428
0.5494460308160833,0.5068715709005003,0.04257445991558306
2.2107381440424607,2.2286341222864374,-0.017895978243976707
1.2720549573997548,1.205958306134896,0.06609665126485886
2.177821798780438,2.119937807532253,0.05788399124818522
0.9150927751866738,0.9319775598165546,-0.016884784629880856
1.2307885938577787,1.2148957394266007,0.01589285443117805
2.358398306839132,2.301896713470216,0.056501593368916136
0.1351096790465587,0.09076957696494471,0.044340102081614
1.60595173786861,1.8173290674743183,-0.21137732960570843
1.3634485600908794,1.3655645937274485,-0.0021160336365690924
1.8105475472601007,1.6582885072105145,0.15225904004958624
1.823011544260031,1.7289344199166892,0.09407712434334181
1.0548369210867774,0.9062338476975588,0.14860307338921863
0.6527023568052224,0.7871471438946456,-0.1344447870894232
0.3124809002928354,0.4361192264721426,-0.1236383261793072
0.6780914778603794,0.8275345372750951,-0.1494430594147157
2.179028867762507,2.3024237877178266,-0.1233949199553197
1.2019319769845795,1.2014049046303292,0.0005270723542503131
2.4433948991211296,2.295337524826861,0.14805737429426857
1.581077994199904,1.4867547340322396,0.09432326016766446
0.6028373271680341,0.5886172662352531,0.014220060932780942
1.9208292817663557,1.8702839871584394,0.05054529460791635
1.4821526472426825,1.782996603288527,-0.30084395604584446
0.3584489527878273,0.3458532243481067,0.012595728439720566
0.9401202279582016,0.9836690757304295,-0.043548847772227894
1.4426584588221412,1.3619708478334147,0.08068761098872645
0.8870634747243036,1.1720053257763512,-0.2849418510520476
2.289726520883544,2.200215056509441,0.08951146437410262
0.620152201405067,0.6451106505819734,-0.024958449176906372
1.055723008647495,1.157599967731089,-0.10187695908359418
1.1975196227091,1.1353515714052864,0.06216805130381364
0.4515695221598707,0.6978269949521664,-0.2462574727922957
1.8268949597055264,1.7359280008429292,0.0909669588625972
2.531099483850865,2.345892734330693,0.18520674952017213
0.6235518844357514,0.695622744168399,-0.0720708597326476
2.2655489888696865,2.115112931481488,0.15043605738819865
0.5242015769731107,0.6532090871982151,-0.12900751022510448
0.1784827610811895,0.37147550656989564,-0.19299274548870615
1.5405259258408843,1.748876019273504,-0.20835009343261968
1.0157812556278598,0.9877590937988759,0.02802216182898387
2.1514968614116485,2.0601760180085744,0.09132084340307411
1.176452438795223,1.199248378037349,-0.022795939242125973
0.7420344496973756,0.42473438111107886,0.3173000685862968
1.9887053965359225,1.9791914771552992,0.009513919380623292
2.2731575873074426,2.141596596443529,0.13156099086391349
2.302850563747948,2.17704656710487,0.12580399664307818
0.8955265152448013,1.0425725251215703,-0.14704600987676897
2.0243659018082334,2.032967627171175,-0.008601725362941792
1.7553569506211395,1.5309939219490865,0.22436302867205304
0.5181843191352229,1.0931884758307673,-0.5750041566955444
2.421057355775568,2.304139028271426,0.1169183275041421
0.9370189214956914,0.9797676255270085,-0.04274870403131703
0.5901156414748786,1.1400543480199317,-0.5499387065450531
2.0421283396316885,1.892867981477144,0.14926035815454441
1.4681560805396046,1.4126049796975897,0.05555110084201487
0.3400490734467395,0.4146630724075412,-0.07461399896080168
1.3596917295953006,1.2896218732131077,0.07006985638219287
1.6990813488781231,1.6461926100299054,0.052888738848217764
1.689433844481902,1.709899367253711,-0.02046552277180913
0.9500661086694292,0.9404572329276943,0.009608875741734857
2.3209822038778083,2.1514329777106647,0.16954922616714363
0.5044906495658862,0.5947441523925638,-0.09025350282667766
1.7938972386936065,1.9158034114804832,-0.12190617278687665
0.4910727522178817,0.4475740384959336,0.043498713721948135
2.5992242474483622,2.379086494200976,0.22013775324738605
0.2417023958445918,0.37851716426135074,-0.13681476841675894
1.0565412834208543,0.9009511904283589,0.15559009299249538
1.274844324837887,1.416023422888407,-0.1411790980505201
1.405474427256327,1.4202198046281764,-0.014745377371849333
1.2943020843706208,1.3622066554365921,-0.06790457106597136
0.1003623882727171,0.1134918035850251,-0.013129415312308004
1.8378896784645948,1.8406107780369256,-0.0027210995723307985
1.8864617428042496,1.8909844307681993,-0.004522687963949723
0.9430497420429512,0.8457797165049707,0.09727002553798048
2.374931072852683,2.324673284030361,0.0502577888223219
2.4191631182951268,2.2286341222864374,0.19052899600868933
0.2326245191659745,0.17352300766771986,0.059101511498254655
1.5081340003622856,1.4298963056703007,0.07823769469198494
1.2438855105439353,1.2018386850583558,0.042046825485579475
1.1775284022618089,1.4099497549996654,-0.23242135273785647
2.305992556819568,2.330349038862778,-0.024356482043209837
1.197483455906054,1.0891353589371369,0.10834809696891723
0.3709988461032215,0.2847568675805614,0.08624197852266008
2.230042194472373,2.296193848256189,-0.06615165378381604
1.4283544739134195,1.4298963056703007,-0.0015418317568811624
1.3765454767770355,1.1241034109162777,0.2524420658607578
1.2333519185869968,1.3049552574823962,-0.07160333889539938
0.3776128568242898,0.5254985936456743,-0.1478857368213845
1.2707936388460364,1.2453922426390203,0.02540139620701609
1.3612830707015044,1.2967547008628886,0.06452836983861587
0.5640212668742348,0.5068715709005003,0.05714969597373454
1.748200437348044,1.8928528454479359,-0.14465240809989188
1.1067046893730492,1.204402680099241,-0.09769799072619167
2.5036533748281427,2.3967768878781612,0.10687648694998142
1.145091268342694,1.1771691512608347,-0.03207788291814073
0.2686346356018915,0.2668238049154662,0.001810830686425291
2.595006290910157,2.4365269813887465,0.15847930952141054
0.8992878665591151,0.7952911042870847,0.10399676227203036
1.0047503695594098,0.9450333896658891,0.05971697989352065
0.8246123852218429,0.8785566825388337,-0.0539442973169908
1.068381402372027,0.9557824596642709,0.11259894270775617
1.7407319850505698,1.8961692168577984,-0.15543723180722857
0.2337095245231971,0.27520025846197815,-0.041490733938781055
0.541317533666806,0.5043867530568118,0.03693078060999422
1.90500628961069,1.986859001328981,-0.081852711718291
2.256918675777491,2.17704656710487,0.07987210867262107
0.8974433575784203,0.949640392857257,-0.05219703527883668
0.7677129054300695,0.7624812551074441,0.005231650322625403
1.42421337078737,1.3471875797599178,0.07702579102745233
1.9165163872752164,2.1875655783727175,-0.27104919109750103
1.0783860542331427,1.0891353589371369,-0.010749304703994156
0.5285415976424979,0.4175257348633669,0.11101586277913095
0.9108974219826388,0.8625998060214484,0.04829761596119042
0.8705940004262072,0.7952911042870847,0.07530289613912244
0.4229705939798969,0.3415228432029839,0.08144775077691302
2.408132231973508,2.497379560452752,-0.08924732847924366
2.252108486162169,2.3024237877178266,-0.050315301555657665
1.8438572072964,1.7067247253524185,0.13713248194398142
1.633221534707508,1.8459748751335996,-0.2127533404260915
0.3845975777196244,0.3245940854614644,0.060003492258159985
1.9386866575427448,1.9046199032345927,0.03406675430815209
1.6021542197512504,1.8157280134606129,-0.21357379370936247
1.348624676976972,1.5953516086557122,-0.24672693167874016
0.4035625639595813,0.5837251851130324,-0.1801626211534511
0.7549098442401847,0.6828057508068305,0.07210409343335422
0.7599008681239053,0.7000284409887366,0.059872427135168715
0.7602263696044884,0.7706412409915719,-0.010414871387083524
0.6562828738511375,0.6565387242803893,-0.0002558504292518027
1.241824000744964,1.8909844307681993,-0.6491604300232354
1.3991135844097495,1.6087897927948662,-0.2096762083851167
1.3059478065971903,0.8365707861079613,0.469377020489229
0.7637255114068418,0.8625998060214484,-0.09887429461460662
0.9213858052458938,0.9450333896658891,-0.02364758441999537
0.1420717955950516,0.11297837614980467,0.029093419445246918
0.0759859387155226,0.08276875847847023,-0.006782819762947631
1.421175356293482,1.2085800134632714,0.21259534283021053
0.9114760913377123,0.7952911042870847,0.11618498705062763
1.3513597940839506,1.416023422888407,-0.06466362880445642
0.9715853780011344,0.9660549477474433,0.005530430253691154
1.9015794826802688,1.8044309593831844,0.09714852329708434
1.5115924542896904,1.2085800134632714,0.303012440826419
1.1002805545578491,1.0569394324982526,0.043341122059596504
1.9706581448536655,1.831302841768108,0.13935530308555744
1.6626251749514696,1.683554699100039,-0.02092952414856941
0.5143641966710214,0.5523797853752888,-0.038015588704267356
0.6027423892150999,0.5068715709005003,0.09587081831459965
1.4925641760811106,1.571434597600918,-0.0788704215198075
0.8018272765176844,1.2367958665805314,-0.43496859006284705
0.7618583983324733,1.0377600346728204,-0.27590163634034715
1.953519583559961,1.9772147585249353,-0.023695174964974308
0.258917811309956,0.2847568675805614,-0.0258390562706054
2.253446660659721,2.4570570417661495,-0.20361038110642848
1.8323199852258008,1.730713963833379,0.1016060213924217
0.9716079823479764,0.8910109528104935,0.08059702953748293
0.6363911121755145,0.42822097428507566,0.2081701378904388
0.2030762117098286,0.21485446287710028,-0.011778251167271686
0.742974787336078,0.6866034444185527,0.056371342917525324
1.3045011329563387,1.0672304912450927,0.237270641711246
0.259713481736474,0.2954506010884747,-0.03573711935200069
1.4044301097740532,1.3312635441238616,0.07316656565019164
0.7138243149666074,0.7497495589723009,-0.035925244005693524
0.1334188794218538,0.08381723621739413,0.04960164320445966
0.8570178731566461,0.8294841746718694,0.027533698484776714
0.5600429147416446,0.5252118749886856,0.03483103975295898
1.0081274482432527,0.9660549477474433,0.04207250049580946
0.5851427011192648,1.61673148982345,-1.0315887887041852
1.2428140678960846,1.2896218732131077,-0.04680780531702311
1.5460594520234647,1.3577390827712876,0.1883203692521771
1.043507658703321,1.4310700609669216,-0.3875624022636006
0.5225514649701867,0.458843817061949,0.06370764790823769
2.046753174919381,2.025323021269885,0.021430153649495853
0.8181882504066428,0.7871471438946456,0.031041106511997207
0.0683999441182726,0.08381723621739413,-0.01541729209912153
0.3111879357548056,0.29553739376985955,0.01565054198494603
1.937493153295391,1.7886525819756698,0.14884057131972117
1.8505480721891276,2.0854123396616706,-0.23486426747254296
2.2418145006361883,2.305859501157501,-0.0640450005213129
0.622177544400992,0.5736482920744506,0.04852925232654148
2.130370906094716,2.016992814660259,0.11337809143445687
1.9822541373146496,2.0854123396616706,-0.103158202347021
1.1609142604983598,1.1895022488129088,-0.028587988314549007
0.635812442820441,0.8617119207015779,-0.22589947788113685
0.3357452195803985,0.2892855399867626,0.046459679593635894
1.6505092837789646,1.569404402652395,0.08110488112656955
1.5542331578664257,1.8715557149025226,-0.3173225570360969
1.7909541621526524,1.9571589833888465,-0.16620482123619418
2.322733282520262,2.2389655379018842,0.08376774461837755
1.0197957748166644,1.0346805814720965,-0.014884806655432126
0.0154245663811042,0.03453167566333994,-0.019107109282235746
0.913664185073929,0.9010736310185271,0.012590554055401881
0.3661163228818069,0.3374910903348385,0.028625232546968415
1.5588625132133496,1.4165188436391836,0.142343669574166
0.6832271689562847,0.5891117439331794,0.09411542502310521
0.855752033784193,0.8421514523094332,0.013600581474759732
2.066464101567102,1.8928528454479359,0.17361125611916628
1.83677754743546,1.9673220482554261,-0.13054450081996616
2.2134823040527483,2.1875655783727175,0.025916725680030783
1.836081335780611,1.8044309593831844,0.031650376397426516
1.2650295488826393,1.4103575666834849,-0.1453280178008456
0.1199828985457425,0.1134918035850251,0.006491094960717397
0.8565748293762874,1.0569336226927737,-0.20035879331648632
1.8310812702594208,1.5811528442268112,0.24992842603260956
2.139267949264439,1.977923363205289,0.1613445860591498
2.025125405431705,2.1399663088269762,-0.11484090339527109
2.3969431157303336,2.1212427729348957,0.27570034279543787
1.6945243271372914,1.9747997860496311,-0.28027545891233974
1.5423433094028345,1.8574292884394563,-0.31508597903662183
2.0130456800495744,1.9139205066992178,0.09912517335035664
1.3181948025256758,1.5347116329417374,-0.21651683041606162
2.1389966976086727,2.02196343910081,0.11703325850786284
0.0940331914104509,0.09076957696494471,0.0032636144455061855
0.818961316486319,1.0569336226927737,-0.2379723062064547
0.9672453573317472,0.9914146027592494,-0.024169245427502206
1.7754792758244116,2.1310779528752737,-0.3555986770508621
1.9143418549825328,2.02196343910081,-0.10762158411827705
1.674528585871265,2.025323021269885,-0.3507944353986201
2.035704204816488,1.9571589833888465,0.07854522142764164
2.4900456015742702,2.304139028271426,0.18590657330284444
2.048272182166325,2.032967627171175,0.015304554995149822
1.5835644645042948,1.6677474629422477,-0.08418299843795296
0.9298488455132236,0.8692132498967134,0.06063559561651011
0.2638771892093654,0.30181738367387095,-0.03794019446450553
0.440583844785104,0.4146630724075412,0.025920772377562795
0.111058730969947,0.2713733880916175,-0.16031465712167048
2.186434028091359,2.0472356372052007,0.13919839088615804
1.3362013675988231,1.522286714754137,-0.18608534715531388
2.550340242312154,2.4706600024010874,0.07968023991106676
2.093263728700561,2.1212427729348957,-0.027979044234334616
0.9946598213828296,1.020624226253439,-0.02596440487060947
0.6609122291980614,0.5288777039404542,0.13203452525760717
2.250833606164917,2.2550063003995935,-0.004172694234676477
0.6672775928633738,0.6497640358007256,0.017513557062648233
2.522744943992673,2.3787225027699352,0.14402244122273755
2.243862448991626,2.3033976534762166,-0.05953520448459049
0.5764129302680723,0.42822097428507566,0.14819195598299661
0.5520771683326586,0.8184939358686885,-0.26641676753602983
1.0955291360924144,1.0185474164705184,0.07698171962189604
2.132251581372121,2.037496680180749,0.09475490119137175
2.603975666673301,2.7036426177485358,-0.0996669510752346
1.7145291100407876,1.503965848432876,0.2105632616079116
0.1006878897533,0.09076957696494471,0.009918312788355282
0.8610233507079809,0.7817293799503741,0.0792939707576068
1.6153912828308563,1.7297913118519415,-0.11440002902108515
0.662684404319496,0.6866034444185527,-0.023919040099056654
1.7438332915130803,1.7266107730533715,0.01722251845970879
0.9351518084213228,0.8570220246593122,0.07812978376201063
1.4583548670405615,1.433590740318372,0.024764126722189417
1.1392548447732047,1.0569394324982526,0.0823154122749521
1.5269995278305737,1.3989823357161422,0.12801719211443152
0.8878953122070358,0.9117527605245378,-0.023857448317502028
2.0716540429941603,1.831302841768108,0.24035120122605225
2.2921090103316915,2.232907736242271,0.05920127408942033
0.2758077252947372,0.6886988402099172,-0.41289111491518005
1.4246835397333053,1.7836623844133457,-0.3589788446800404
0.9535381253062064,0.8457797165049707,0.10775840880123566
0.3650494010526912,0.5254985936456743,-0.16044919259298313
1.536836908132663,1.3685196249752658,0.16831728315739714
1.4935768475790732,1.5175121014786266,-0.02393525389955342
0.0762391065900131,0.04190025453623789,0.0343388520537752
1.5729675805787338,1.4526660759453638,0.12030150463336997
0.1271981829687259,0.12097632126077221,0.006221861707953691
1.3684169796277583,1.2987246233477483,0.06969235628001003
1.803517617924251,1.6376107329513636,0.1659068849728873
1.0737612197049535,1.2097769909922955,-0.136015771287342
1.287900553902262,1.4320627703937336,-0.14416221649147154
0.1305843032900384,0.14597238118103067,-0.01538807789099228
1.154078727887112,1.4202198046281764,-0.26614107674106435
0.8551824060665889,0.8079073113373118,0.047275094729277156
2.2397891576402627,2.025323021269885,0.21446613637037748
2.2439347815850472,2.1609938786215808,0.08294090296346646
0.5882168824161987,0.6638734771633288,-0.07565659474713005
0.8676509238852532,0.7928142537606753,0.07483667012457795
1.3286967484983028,1.3004227568466737,0.028273991651629027
2.562451613678596,2.3033976534762166,0.2590539602023796
0.6390086872358853,0.6083599429801013,0.03064874425578401
0.1131157199501835,0.06156366233598713,0.05155205761419637
0.3711254300404669,0.7828168507426626,-0.4116914207021957
0.3367488494408917,0.4885204290275158,-0.15177157958662413
0.2954463190958696,0.27520025846197815,0.02024606063389145
1.813739270856811,1.6937539250703852,0.11998534578642572
1.785845596222324,1.5528593036582767,0.23298629256404735
1.543889441815355,1.5386240526818413,0.005265389133513709
1.3729740013685898,2.1792014199062675,-0.8062274185376777
0.2720463739804236,0.23086870241423757,0.041177671566186014
2.1551813577948,2.3594241124014834,-0.20424275460668362
1.251191212101118,1.1856721584854437,0.06551905361567423
2.490098344037563,2.522949331339286,-0.03285098730172287
1.553545987849046,1.6800746518564926,-0.12652866400744656
0.6205907243666906,0.6638734771633288,-0.04328275279663818
1.2911555694675945,1.1881020455733138,0.10305352389428069
1.6629145096290063,2.127550853155873,-0.46463634352686656
1.3310837597778569,1.4023285605739673,-0.0712448007961104
1.2058199122361386,1.5175121014786266,-0.311692189242488
1.2424659620686602,1.2609449932833368,-0.018479031214676533
2.407264228194066,2.289668843412221,0.11759538478184473
0.9163224477560808,1.0443852413875399,-0.128062793631459
1.0907129185500006,1.6677474629422477,-0.5770345443922471
1.8635816961471576,1.6474307114797027,0.21615098466745497
1.5006339020805002,1.530337323653621,-0.02970342157312089
2.585300014351377,2.2939235317379043,0.2913764826134728
0.6561608107326271,0.8294841746718694,-0.1733233639392423
0.2548897296649473,0.3403353360568732,-0.08544560639192594
0.3726127913030994,0.3358222167528987,0.03679057455020068
0.0271607057418732,0.11509545756347604,-0.08793475182160285
1.394122560526029,1.8154032915122864,-0.4212807309862574
2.5376728079628235,2.400705265208884,0.1369675427539394
1.3333261038452269,1.460550203559412,-0.12722409971418513
2.4625994925515475,2.32502935341987,0.13757013913167748
1.5426597692459478,1.1946018541296453,0.3480579151163026
1.3637966659183038,1.2107904770841311,0.15300618883417272
0.7751271073963907,0.6866034444185527,0.08852366297783798
1.6407306746267634,1.6719731365034307,-0.03124246187666735
0.5899257655690109,0.6452158846130075,-0.05529011904399661
1.151406902748756,1.502612149532462,-0.3512052467837061
1.3891450993516803,1.297256313121801,0.0918887862298794
1.922284997044677,1.7455762017913452,0.17670879525333172
1.155421421684392,0.854324268070755,0.3010971536136371
0.9476519722242986,0.8910109528104935,0.05664101941380517
0.6682179307552442,0.9889126897772317,-0.3206947590219875
1.808580975414064,1.8139453521624174,-0.005364376748353328
1.1346164475356433,1.2865097881309235,-0.15189334059528026
1.1274644550812825,0.8998045935388099,0.22765986154247253
0.9057617306335656,0.9579264416239118,-0.05216471099034625
2.033371442602248,1.8702839871584394,0.16308745544380865
0.6758129669899636,0.6978269949521664,-0.022014027962202753
0.6208393714224465,0.6546585162674057,-0.03381914484495918
1.5301912514272833,1.6440697908769815,-0.11387853944969817
1.9472943652754269,2.1042247827948524,-0.1569304175194255
0.3560981083113193,0.3342337954829766,0.02186431282834267
0.2759885595631358,0.24741421190200324,0.028574347661132538
0.7211616625081012,0.8372173748033718,-0.11605571229527056
1.225404255706118,1.0967126264274027,0.12869162927871525
1.1164697360690463,0.8937422015050338,0.2227275345640125
2.233952734323941,2.458912319830353,-0.22495958550641193
0.3979612247364756,0.35152390005721007,0.046437324679265535
2.2724704188090703,2.232907736242271,0.03956268256679918
1.8767690309801843,1.566929036420173,0.30983999456001143
0.1244133363493288,0.2668313018709508,-0.14241796552162198
0.1120442773023331,0.22441120351981908,-0.11236692621748598
1.127591039018528,1.2233608321057396,-0.09576979308721167
2.2813674594471136,2.163205246047813,0.11816221339930078
0.9593926324038026,0.6736176337439189,0.28577499865988365
1.0668940411093946,1.0569394324982526,0.009954608611141946
1.4856653515012403,1.8715557149025226,-0.38589036340128224
0.1956620094903396,0.39572071217692223,-0.20005870268658263
1.8604216192942629,1.8680775110648855,-0.007655891770622647
1.292909661060922,1.2712617141080704,0.02164794695285166
1.1438118665140364,1.1148064146906211,0.029005451823415296
0.8839531266243237,0.8998045935388099,-0.015851466914486245
1.4689562717848574,1.5185883841988546,-0.04963211241399712
1.6884211729839391,1.7886525819756698,-0.10023140899173066
0.2572315325039859,0.32501534605629423,-0.06778381355230834
1.3941135188885592,1.4103575666834849,-0.01624404779492572
0.9604098247205,1.1046020921505046,-0.14419226743000468
0.3477390476343931,0.41052266054775943,-0.06278361291336632
0.9463861328518454,0.8636072242349825,0.08277890861686288
0.6313277546857015,0.6083599429801013,0.02296781170560014
2.543034541514475,2.2286341222864374,0.31440041922803763
0.551254372740564,0.4475740384959336,0.10368033424463041
0.1642691930534991,0.38099353444991235,-0.21672434139641325
1.857125915347646,1.9744523197881965,-0.11732640444055042
0.3322641613061521,0.3245940854614644,0.007670075844687707
1.114426309545014,1.1895022488129088,-0.0750759392678948
0.3709355541345989,0.558896428938497,-0.18796087480389811
0.4184135722390653,0.6196100051628308,-0.20119643292376554
1.9931177505582345,1.0746924033853487,0.9184253471728858
0.249579533497506,0.555765030786756,-0.30618549728925
1.8657652690646396,1.8928528454479359,-0.027087576383296286
1.7521561853869605,1.7266107730533715,0.02554541233358898
0.9258478890337916,0.7805158510036011,0.14533203803019046
0.1457743757594774,0.11762282908350029,0.02815154667597712
1.5332292659211713,1.6987060277286838,-0.16547676180751258
0.3091625927588803,0.3403353360568732,-0.03117274329799291
1.9128635343446985,1.4310700609669216,0.4817934733777769
2.2505894789152245,2.356062173920117,-0.10547269500489254
1.3346281100207262,1.2489977144472781,0.08563039557344809
2.161872222687527,2.0973894060528924,0.06448281663463451
0.3386566501370411,0.2847568675805614,0.0538997825564797
1.562189862384774,1.9304150220438965,-0.3682251596591224
0.4839750100946739,0.39544639423528644,0.08852861585938748
1.2054401604244027,1.1243554192132073,0.08108474121119547
1.643637584364671,1.6719731365034307,-0.028335552138759823
1.282023442457824,1.3619708478334147,-0.07994740537559064
0.7750547737902983,0.5736482920744506,0.20140648171584774
1.379836659145414,1.0248739855483364,0.35496267359707767
0.8426822422636131,0.783450182670207,0.05923205959340605
0.5802601778978506,0.695622744168399,-0.11536256627054842
0.8107152772904337,0.8718150288741342,-0.06109975158370051
0.6040715205561759,0.5438527780020787,0.060218742554097204
0.3424270430888242,0.4760088762276981,-0.1335818331388739
0.2851749366508914,0.3458532243481067,-0.06067828769721534
1.583238962770544,1.414322461654853,0.168916501115691
1.9990581549839663,2.031899694706459,-0.03284153972249282
1.7982960305128812,2.025323021269885,-0.22702699075700394
0.1787494914118845,0.17213733306898796,0.006612158342896551
1.50374425018048,1.428413973036038,0.07533027714444218
2.1665287039595307,1.9638000014275472,0.2027287025319835
1.5276143642418611,1.569404402652395,-0.04179003841053386
2.2765301454257183,2.135916860484802,0.1406132849409163
2.398041684556432,2.112608184437187,0.28543350011924495
0.6463822015804256,0.4686381090566964,0.1777440925237292
2.1094604447408707,2.0102874960283077,0.09917294871256299
1.0100894992705551,0.9450333896658891,0.06505610960466601
0.9686332598227112,1.0569394324982526,-0.08830617267554142
2.1389966976086727,2.1514329777106647,-0.012436280101991937
0.90822107577238,0.7414490464858136,0.16677202928656643
1.1791423474616862,0.8685777547818043,0.3105645926798819
0.5392605446865695,0.7080214035742249,-0.16876085888765546
1.295736702410457,1.237495421928866,0.05824128048159083
2.0932366042944883,2.2990966531553374,-0.20586004886084908
0.8775877629590114,1.034198836920243,-0.15661107396123164
0.0682462350154507,0.14143369594897187,-0.07318746093352117
1.252710219348062,1.1609506625605177,0.09175955678754422
0.4145798873186594,0.4146630724075412,-8.318508888177645e-05
1.8096569388806492,1.9158034114804832,-0.10614647259983401
0.9902158211230392,1.2055131786943383,-0.2152973575712991
1.6918118141239866,1.730713963833379,-0.03890214970939243
2.0658628278651867,1.9220508099996778,0.1438120178655089
1.0145515830584528,0.9914146027592494,0.023136980299203413
0.7101172139834467,0.8501071100736675,-0.13998989609022072
0.8740434127161424,0.8825230825159258,-0.00847966979978343
2.449796431108495,2.2868257898163145,0.16297064129218075
1.1322384778935586,1.034198836920243,0.09803964097331552
0.9090438713644744,0.8838071906882193,0.025236680676255063
1.8489928973796337,1.7226211149625426,0.12637178241709113
0.5933751778589458,0.629757411569639,-0.03638223371069327
2.403335604561222,2.305146499436609,0.0981891051246131
1.5897489939012086,2.089287096468561,-0.4995381025673522
0.8164477212695196,0.8722598508340259,-0.05581212956450632
0.6216350418489647,0.5947441523925638,0.026890889456400835
0.6463008260836961,0.7727098171933667,-0.12640899110967063
0.6292300780836841,0.6083599429801013,0.02087013510358282
1.2951881719313378,1.1856721584854437,0.10951601344589412
0.3428339200661368,0.2892855399867626,0.05354838007937418
0.1289341912871144,0.10628157837816313,0.022652612908951264
1.659984995544257,1.5347116329417374,0.12527336260251953
0.266218992048404,0.4374212066464193,-0.17120221459801532
2.336377223336684,2.249517273072548,0.08685995026413584
1.814467128495972,1.7399592212710486,0.07450790722492329
2.5050955279034275,2.3081181396194332,0.19697738828399425
2.2250556911542194,2.4884084152674473,-0.26335272411322785
0.3329920189453128,0.5254985936456743,-0.19250657470036153
2.741631176849353,0.9912634404998355,1.7503677363495174
0.9246769876142724,0.9404572329276943,-0.015780245313421926
1.9182659570371376,1.574822465559192,0.3434434914779456
1.2939404160869916,1.6867024147161267,-0.3927619986291351
1.1470668818262009,1.3697585659234779,-0.22269168409727702
1.8944184470694303,1.8406107780369256,0.05380766903250467
2.3797909922335925,2.1399663088269762,0.23982468340661622
2.0104190633517343,1.8785062971066337,0.1319127662451005
1.6404910692084769,1.45541230264812,0.18507876656035682
0.9111867566601756,0.8570220246593122,0.05416473200086336
1.6603466640810538,1.569404402652395,0.0909422614286588
2.203536421822514,2.4041305139343447,-0.20059409211183077
0.699927207035198,0.7706412409915719,-0.07071403395637399
0.6320510915061274,0.6828057508068305,-0.05075465930070311
0.3102023894224195,0.39544639423528644,-0.08524400481286692
1.7294027226671134,1.6376107329513636,0.09179198971574976
0.8533559806140013,1.2865097881309235,-0.43315380751692223
0.6074214740744422,0.5891117439331794,0.018309730141262803
0.9272086663591788,0.8567043558197691,0.07050431053940964
0.2383388798701212,0.278175811467507,-0.03983693159738577
1.7381777019588216,1.9524836968350017,-0.21430599487618007
2.123137537890458,1.9078482388298312,0.21528929906062655
0.6280365723173231,0.7497495589723009,-0.12171298665497776
2.5809373900946517,2.356062173920117,0.22487521617453465
0.9904373430132184,0.7828168507426626,0.2076204922705558
0.6926486306435917,0.7527016086846858,-0.06005297804109411
2.514349717525372,2.4884084152674473,0.025941302257924903
0.7695574141575963,0.9010736310185271,-0.13151621686093085
1.363606790012436,1.2107601826926602,0.15284660731977584
1.584143133859368,1.5280821837869123,0.056060950072455595
1.8458825502923253,1.522286714754137,0.32359583553818827
0.6822868313175823,0.6546585162674057,0.0276283150501766
0.2556266289415775,0.31926090811013047,-0.06363427916855297
2.53753718340078,2.377275249447036,0.16026193395374388
2.357765387152906,2.2772197408028303,0.08054564635007555
2.387734134295736,2.3081181396194332,0.07961599467630265
0.8414209237098946,0.8857482041470325,-0.04432728043713785
0.119060644181979,0.05953603900710129,0.059524605174877704
0.2461147503732391,0.3342337954829766,-0.0881190451097375
2.058837419348071,2.3033976534762166,-0.24456023412814565
0.4276135120361931,0.5178349157705424,-0.09022140373434934
1.019687274154358,1.0418423618146853,-0.022155087660327366
0.5335642675105299,0.5342666940505106,-0.0007024265399807605
1.8303850586045716,1.7266107730533715,0.10377428555120005
1.386021188542328,1.293871128144557,0.09215006039777096
1.3596193959892082,1.203801355974895,0.1558180400143132
0.7893271127147086,0.9385526476672552,-0.14922553495254665
1.2095631800223452,1.3010083267890595,-0.09144514676671434
1.269586570623471,1.3312635441238616,-0.061676973500390586
0.3479967363276185,0.3325354376921409,0.015461298635477627
2.107857049046323,2.305859501157501,-0.19800245211117806
1.8381699707451584,1.8359912300251426,0.0021787407200157816
0.6736926860411044,0.8366664148002876,-0.16297372875918315
1.4759681178457686,1.569404402652395,-0.09343628480662636
1.0611661179490437,0.9966070563195666,0.06455906162947711
0.5732483318369392,0.5947441523925638,-0.0214958205556246
2.0894707321614394,2.2634950984661497,-0.1740243663047103
0.3179285304131192,0.336548688884514,-0.01862015847139481
0.9860159468471016,1.0385711567674556,-0.05255520992035401
0.9401202279582016,1.2107904770841311,-0.2706702491259295
0.2604006517538538,0.3815302743515936,-0.1211296225977398
2.2408967670911597,2.177662261824225,0.06323450526693453
1.7178519383934774,1.6554667617117031,0.062385176681774235
1.6801299250943706,1.854417829689497,-0.17428790459512644
1.3234163899370457,1.4277819285433324,-0.10436553860628672
2.094375859729696,1.9300156544303158,0.16436020529938045
1.5316153207212932,1.7645058468385721,-0.2328905261172789
2.120316526240189,1.9772147585249353,0.14310176771525374
0.2357710343221685,0.1772764283696754,0.05849460595249312
2.172478149010061,1.9835224650956738,0.18895568391438733
1.399692253764823,1.4023285605739673,-0.0026363068091441733
2.309215925641085,2.1927266773304104,0.11648924831067475
0.4064107025476012,0.30181738367387095,0.10459331887373025
1.2707936388460364,1.2489977144472781,0.021795924398758215
0.1823887796076876,0.3396414529819679,-0.1572526733742803
0.2276334955354216,0.3663579575435088,-0.13872446200808722
0.1333103787595476,0.11690475126469613,0.01640562749485147
1.131831600916246,1.0277736595282903,0.10405794138795565
2.301512389250395,2.2777490671383167,0.0237633221120781
0.7485037929530913,0.8275345372750951,-0.07903074432200374
1.2482255312133224,1.2148957394266007,0.033329791786721685
1.7459174056588933,1.6863228493934728,0.05959455626542054
2.1183951618219967,2.115599012149205,0.0027961496727915147
0.0684315901025839,0.06112244135285617,0.007309148749727733
1.3205049593804028,1.2782605854478648,0.04224437393253799
1.2731083165194983,1.7297913118519415,-0.45668299533244316
1.9278004389396464,1.8894795737158852,0.038320865223761214
0.4507467265677761,0.6537592481990183,-0.20301252163124223
0.0195656695071537,0.11509545756347604,-0.09552978805632234
0.5634064307161152,0.5096520521280953,0.0537543785880199
1.5950293524624664,1.782996603288527,-0.18796725082606058
1.9900074034709256,1.9747997860496311,0.015207617421294506
0.6973322363216689,0.7299250654335646,-0.03259282911189576
2.084656020967879,2.177662261824225,-0.09300624085634634
1.419945683724075,1.4526660759453638,-0.03272039222128886
1.3850944133598295,1.4091107643633576,-0.024016351003528058
1.3427294820044269,1.1856721584854437,0.15705732351898316
0.3529877602113394,0.24607231981572314,0.10691544039561623
0.3083217136386787,0.3922330091875452,-0.0839112955488665
0.9716938786634408,1.0886993579445945,-0.11700547928115368
2.1734094447581263,2.2634950984661497,-0.09008565370802346
0.0768177759450867,0.06692896925074668,0.009888806694340016
0.3034030236142181,0.28101183559877124,0.022391188015446872
0.3997966918265329,0.5599928498903849,-0.160196158063852
1.6422632443299114,1.5528593036582767,0.08940394067163471
1.2126237988630748,1.1593406803883026,0.053283118474772184
1.4185713439424834,1.4298473541405745,-0.011276010198091102
0.3108895594397993,0.4668964420638647,-0.15600688262406542
2.1778263203586765,2.1609938786215808,0.01683244173709575
0.9485064138007044,0.9104305112218091,0.03807590257889537
0.5367514702885049,0.4175257348633669,0.11922573542513798
0.823757943645437,0.8692132498967134,-0.04545530625127647
0.7798649634056206,0.6866034444185527,0.09326151898706792
1.078639222107633,0.9836690757304295,0.09497014637720358
1.2492698486955964,2.0524130960687152,-0.8031432473731188
1.115059229231241,1.0706538483289416,0.044405380902299285
1.835285664594589,1.782996603288527,0.052289061306062035
0.8746582488742618,0.5288777039404542,0.3457805449338076
2.3969205103708204,2.17704656710487,0.21987394326595044
0.6879650249655149,0.8567043558197691,-0.1687393308542542
2.1684907549868337,2.018756593142384,0.14973416184444988
0.2760970599722741,0.3342337954829766,-0.05813673551070253
1.7720660303375226,1.8139453521624174,-0.04187932182489473
1.3114225618830508,1.4115749648389295,-0.10015240295587868
1.6024435544287874,1.6966284282394937,-0.09418487381070628
0.5321401982165199,0.39544639423528644,0.13669380398123349
1.5321849484388972,1.5386240526818413,-0.006439104242944138
2.012322343988653,2.232907736242271,-0.22058539225361828
2.006684837202997,1.9791914771552992,0.027493360047697868
1.1259454478343387,1.324597054665013,-0.1986516068306743
1.2422218358316393,1.126931355075287,0.11529048075635218
1.6520282910259083,1.6682423249906937,-0.01621403396478538
2.386034291767722,2.24742663650967,0.1386076552580522
1.249672204854174,1.199248378037349,0.05042382681682489
0.5636912445749173,0.6043462637778526,-0.04065501920293535
1.8453038794182448,1.6582885072105145,0.18701537220773035
2.4426399170758955,2.401594147187856,0.04104576988803954
1.3014269516594048,1.0528189164546036,0.24860803520480124
1.3848638498321808,1.5175121014786266,-0.13264825164644578
1.0999957406990473,1.2014049046303292,-0.10140916393128196
1.0215317831350528,1.2367958665805314,-0.21526408344547865
2.362489679440092,2.324673284030361,0.037816395409730585
0.1679582107617206,0.11762282908350029,0.05033538167822031
1.009198890891103,0.7536584342439101,0.2555404566471928
1.5841793006624143,1.9524836968350017,-0.36830439617258737
1.154191749368153,1.1881020455733138,-0.03391029620516073
0.9140439368856648,0.9892692859379827,-0.07522534905231792
1.3436336530932511,1.4023285605739673,-0.05869490748071615
1.7237064454910735,2.025323021269885,-0.3016165757788116
2.5447343840424885,2.3967768878781612,0.1479574961643273
0.4271388222715231,0.37415961968946804,0.052979202582055074
0.1248880261139988,0.2668313018709508,-0.14194327575695198
1.4707094593157053,1.503965848432876,-0.03325638911717066
0.9813142578940854,1.3164214462676798,-0.3351071883735943
1.699750435367396,1.2965189787184812,0.4032314566489148
1.7021916969781032,1.5280821837869123,0.17410951319119095
0.4283413696753536,0.42931226468905115,-0.0009708950136975703
2.262199036110924,2.1297388408278275,0.13246019528309638
0.1583061855467645,0.10252882835416177,0.05577735719260274
1.094647569350432,1.2712617141080704,-0.17661414475763837
0.9895196094681898,0.7536584342439101,0.23586117522427974
2.062350123606629,1.977923363205289,0.08442676040133978
0.9157799452040531,0.8457797165049707,0.0700002286990824
1.7346695185189986,1.9524836968350017,-0.21781417831600303
0.860227680028295,0.7817293799503741,0.07849830007792091
2.114471059767391,1.9744523197881965,0.14001873997919456
0.5138488192845706,0.6532090871982151,-0.13936026791364453
1.4827313165977565,1.4298473541405745,0.052883962457181966
0.1689392362753718,0.17213733306898796,-0.0031980967936161564
0.508360501542506,0.6043462637778526,-0.0959857622353466
1.0348411798207509,1.0425725251215703,-0.0077313453008194255
0.4965384658662723,0.5288777039404542,-0.032339238074181875
1.7156819279322,1.5946642055670563,0.12101772236514363
2.5840477371819603,2.466826932352548,0.11722080482941255
1.650798618456501,1.6428595582461283,0.007939060210372828
2.031969978667751,2.070450668911109,-0.038480690243357873
0.0793856214930393,0.22441120351981908,-0.1450255820267798
1.4170885034985858,1.3577390827712876,0.05934942072729821
0.4234362421070973,0.4668964420638647,-0.04346019995676742
0.4603671057984209,0.5005998194136423,-0.040232713615221405
1.29404891649613,1.3776793461233805,-0.08363042962725054
1.3221189045802808,1.7112590749042378,-0.389140170323957
1.3388234634779288,1.1946018541296453,0.14422160934828354
0.3063687045020137,0.31926090811013047,-0.01289220360811677
2.238003420315792,2.0137844626462353,0.22421895766955657
1.7650677469859837,1.9747997860496311,-0.20973203906364746
0.2679595211855272,0.41052266054775943,-0.14256313936223225
1.808920039604019,1.6815123288314955,0.12740771077252355
2.2642967117002697,1.9078482388298312,0.35644847287043846
1.196832452691721,1.2773046387524227,-0.08047218606070183
0.0420252767307293,0.11509545756347604,-0.07307018083274675
0.8206566371829265,0.5463115777465625,0.274345059436364
1.6314493595860735,1.7498650977084274,-0.11841573812235384
1.4988255601560194,1.6554667617117031,-0.15664120155568373
2.2416201031520817,1.8909844307681993,0.3506356723838824
1.7075805559484991,1.8154032915122864,-0.1078227355637873
0.9721776100655802,0.9390328625504596,0.03314474751512064
1.7052251906532565,1.7645058468385721,-0.05928065618531564
1.588641384450312,1.7021598636266844,-0.11351847917637237
1.0189187288934165,0.9610021079886374,0.057916620904779115
2.453196113632844,2.3033976534762166,0.14979846015662757
1.0515773847027103,1.0289928851787802,0.022584499523930157
1.4896210995401569,1.522911597881529,-0.03329049834137221
2.275472265740408,2.17704656710487,0.09842569863553807
0.5727736420722692,0.6070618735055825,-0.034288231433313276
0.5598259136702001,0.7887849279133012,-0.22895901424310117
0.2638726683906305,0.4010804194649976,-0.1372077510743671
1.869607995369347,1.748876019273504,0.12073197609584296
0.477220852980156,0.5171877346338106,-0.03996688165365464
1.1878630766754097,1.0891353589371369,0.09872771773827282
2.3801390980610164,2.2890690074719227,0.09107009058909377
1.4637346843734875,1.0746924033853487,0.38904228098813887
2.3308798626913108,2.4534577988084547,-0.12257793611714396
0.8828319547172229,0.854324268070755,0.028507686646467856
1.7020922382064343,1.6557563061381708,0.046335932068263475
0.0603302181188832,0.16217439225319313,-0.10184417413430993
0.5663495072570691,0.695622744168399,-0.12927323691132986
1.0156004213594614,1.1935272697012211,-0.17792684834175976
1.115059229231241,1.118941926520389,-0.0038826972891481404
1.6314855263891197,1.5347116329417374,0.0967738934473823
1.4044301097740532,1.687419866131934,-0.2829897563578807
1.6613593355790164,1.4091107643633576,0.2522485712156588
0.2023890416924488,0.19581698811170367,0.006572053580745141
0.695053725451253,0.578662692623573,0.11639103282768004
1.18398418306132,1.664455609135249,-0.4804714260739289
1.2493467031204233,1.3164214462676798,-0.06707474314725648
2.069285115749049,1.9590634773721125,0.11022163837693633
1.2251872546346732,1.3471875797599178,-0.12200032512524461
2.167948251675303,2.2643753340008588,-0.09642708232555597
0.890607824967173,0.9117527605245378,-0.021144935557364852
1.0971204769454508,1.0385711567674556,0.05854932017799519
1.6767754507573691,1.7359280008429292,-0.059152550085560085
0.5078541657935246,0.6043462637778526,-0.096492097984328
1.2389532578101023,1.3312635441238616,-0.09231028631375926
0.988285416080048,1.0569336226927737,-0.06864820661272564
0.7550183449024908,0.6828057508068305,0.07221259409566028
0.9349483700592504,1.0241733406380569,-0.08922497057880652
0.983845936638992,1.0425725251215703,-0.05872658848257828
1.7342129122824357,1.7455762017913452,-0.011363289508909524
0.1308691171488403,0.25087617639176774,-0.12000705924292743
1.6582128204228224,1.8928528454479359,-0.2346400250251135
0.1879901188307931,0.3396414529819679,-0.1516513341511748
2.0539639377641263,2.1212427729348957,-0.06727883517076938
0.7048911057533422,0.7305547168811326,-0.025663611127790364
0.7151986550013667,0.6497640358007256,0.06543461920064109
0.7299547253279165,0.7443461386967808,-0.014391413368864292
0.8276187537314194,0.8457797165049707,-0.018160962773551392
2.046780299325454,2.1666243834917926,-0.11984408416633885
0.4989752066582449,0.6383562712487384,-0.1393810645904935
1.6947051614056898,1.9524836968350017,-0.25777853542931184
0.3560935874925846,0.5438527780020787,-0.18775919050949408
0.0743584308062724,0.030556910661549065,0.043801520144723334
0.6677748869748856,0.551086126046453,0.11668876092843261
1.417956507531196,1.3262520208543946,0.09170448667680131
1.8333281351455248,1.8702839871584394,-0.036955852012914514
0.8580938366232314,0.9319775598165546,-0.07388372319332326
0.3580511177011523,0.4885204290275158,-0.13046931132636352
0.6433351454490682,0.6325431776906068,0.010791967758461474
1.7493170884364102,1.9377728931951324,-0.18845580475872215
0.7411302786085514,0.8507798026412987,-0.1096495240327473
1.1719496673855443,1.1400543480199317,0.03189531936561263
0.1329893980976996,0.17352300766771986,-0.04053360957002025
0.8425782626732096,0.9589864592145889,-0.11640819654137935
2.1302940519230567,2.016992814660259,0.11330123726279773
1.399185918015842,1.7888371279054107,-0.3896512098895688
0.8714755671681896,0.7792078747695971,0.09226769239859256
1.7576309406728206,1.6474307114797027,0.1102002291931179
0.4609050875317134,0.6446338518173891,-0.1837287642856757
1.2491116187740396,1.3685196249752658,-0.11940800620122616
2.4918946308673635,2.249517273072548,0.2423773577948154
2.6796728611460043,2.249517273072548,0.4301555880734562
1.5942110776891063,1.5399338678866434,0.05427720980246287
0.5420318288497623,0.5252118749886856,0.01681995386107671
2.187333677855112,2.1249614066074582,0.06237227124765354
2.556090770832018,2.4691774638295603,0.0869133070024577
1.0972741860482726,1.2097769909922955,-0.11250280494402287
1.9564807438821896,1.9307277947110868,0.025752949171102824
1.667869366709681,1.3989823357161422,0.2688870309935387
0.596634714243013,0.5096520521280953,0.08698266211491767
0.3274178048877836,0.2949971836995128,0.032420621188270826
1.8721577578955284,1.8253345535085908,0.046823204386937656
0.0038330944856874,0.08276875847847023,-0.07893566399278283
0.343548215249093,0.35152390005721007,-0.007975684808117056
1.100780561109968,1.416023422888407,-0.3152428617784391
1.847378952179756,1.7021598636266844,0.14521908855307153
1.483260256693579,1.50799198559433,-0.024731728900750927
0.2226424716517008,0.3342337954829766,-0.11159132383127579
1.3011692629661795,0.82981893043149,0.4713503325346895
0.3069473738570871,0.3078900083790041,-0.0009426345219170074
0.8260364545158527,0.9463311340152012,-0.12029467949934847
1.6767664091199,1.9341117191897692,-0.25734531006986927
0.9123350537328532,1.1292681681262045,-0.21693311439335128
0.9843884391910194,1.1437261946223338,-0.15933775543131445
0.517045063700015,0.5331364617976913,-0.016091398097676235
1.26290926793378,1.8678939866701145,-0.6049847187363344
0.3153019137152786,0.4072812408537987,-0.09197932713852008
0.6972689443530462,0.6497640358007256,0.04750490855232059
0.1719456047849483,0.2433549948376365,-0.0714093900526882
0.0956968661227471,0.14143369594897187,-0.045736829826224776
0.772957097188281,0.7544941445177866,0.01846295267049436
0.9378778838908324,1.0346805814720965,-0.09680269758126414
2.68954640825114,2.5777105019576907,0.1118359062934493
2.4606103145864937,2.32502935341987,0.13558096116662366
1.059868632592279,1.2609449932833368,-0.20107636069105772
1.9689944698882016,1.4994580751391602,0.4695363947490414
1.4576676970231817,1.3655645937274485,0.09210310329573312
0.201059910351373,0.2954506010884747,-0.09439069073710171
0.7934410906751816,0.7443461386967808,0.04909495197840086
2.286611652217996,2.17704656710487,0.10956508511312579
2.2688718172223763,2.305146499436609,-0.0362746822142328
0.6737876239940385,0.6877852079868475,-0.013997583992809037
1.2276465997734871,1.4202198046281764,-0.19257320485468932
1.4104744927775177,1.5624007360595134,-0.15192624328199567
2.381911273182451,2.135916860484802,0.245994412697649
1.4044301097740532,1.45541230264812,-0.0509821928740668
2.437499705414424,2.324673284030361,0.11282642138406285
1.320125207568667,1.248502198451712,0.07162300911695496
1.1174221293087645,1.7226211149625426,-0.605198985653778
0.0793494546899932,0.11297837614980467,-0.03362892145981147
0.4589746824887222,0.42931226468905115,0.029662417799671048
0.2371046864819792,0.3017780438693294,-0.0646733573873502
1.6787058558003607,1.88927192430526,-0.21056606850489934
0.5233109685936587,0.4839343951861685,0.03937657340749018
1.6972504026068007,1.5386240526818413,0.1586263499249594
0.5580899053518116,0.5891117439331794,-0.031021838581367867
2.3953924624990783,2.1212427729348957,0.2741496895641826
1.9966982683636527,1.9072741074557087,0.08942416090794403
1.026305805694161,0.5746631388066775,0.45164266688748345
1.234712695912384,1.1292681681262045,0.10544452778617952
0.6231540490959085,0.458843817061949,0.16431023203395956
1.3276569518347636,1.3049552574823962,0.022701694352367463
1.733801514486388,1.7985208879264813,-0.06471937344009326
2.2568779891683817,2.2643753340008588,-0.007497344832477104
1.5372483059287103,1.7352293668375456,-0.19798106090883527
1.7689918490405887,1.596646645715038,0.1723452033255508
0.6380909536908569,0.7544941445177866,-0.11640319082692974
1.7715235277854953,1.7399592212710486,0.03156430651444664
0.9747725807791092,0.974206892202544,0.0005656885765652486
1.468924625800546,1.5309939219490865,-0.06206929614854051
0.0712480827062924,0.08381723621739413,-0.01256915351110173
0.1504896274218657,0.16217439225319313,-0.011684764831327438
1.2566433630401366,1.243814204145875,0.012829158894261505
0.630315083187739,0.7497495589723009,-0.1194344757845619
2.219956166101856,2.295337524826861,-0.07538135872500495
2.084565604593183,2.016284396326853,0.06828120826633022
2.0465361720757613,1.9224408220149665,0.12409535006079486
2.2894733530090527,2.1117111420263366,0.17776221098271616
0.8336088864037304,1.1376000302842646,-0.30399114388053416
0.944550665761788,0.9450333896658891,-0.00048272390410109
1.7811439070161397,2.2866494548745777,-0.505505547858438
1.8738395166422672,1.8675492685512585,0.006290248091008754
0.9795782495756972,0.9557824596642709,0.02379578991142628
1.0148363969172547,0.9549170245959888,0.059919372321265874
1.0855470883249732,0.9596247177461495,0.1259223705788236
0.1798571008627811,0.23086870241423757,-0.05101160155145648
2.521596647932667,2.305859501157501,0.21573714677516564
1.634686291623299,1.4573950465081726,0.17729124511512628
1.0375582136527906,1.1584135876728605,-0.12085537402006996
0.5214890639598058,0.5252118749886856,-0.0037228110288798355
1.5109052845254782,1.414322461654853,0.09658282287062514
1.011549735367611,0.9596247177461495,0.05192501762146151
1.3496825569154502,1.502612149532462,-0.15292959261701178
1.0813246099553615,1.3471875797599178,-0.26586296980455626
1.164101463276335,1.1967893583880318,-0.032687895111696896
1.480095658262446,1.460550203559412,0.019545454703034038
1.61915263414517,1.6557563061381708,-0.03660367199300074
2.383240404523528,2.261309339629099,0.12193106489442895
1.1051856821261057,0.9813618973935305,0.12382378473257516
2.4704476966607576,2.502287225602809,-0.03183952894205122
1.477595625501851,1.6863228493934728,-0.2087272238916218
1.198604627813155,1.1733242495313292,0.025280378281825833
1.6678331996534672,1.4091107643633576,0.25872243529010963
1.137338002186418,1.9772147585249353,-0.8398767563385174
0.9724624239243824,0.8570220246593122,0.11544039926507021
0.836954319103262,0.8570220246593122,-0.020067705556050197
1.7727893671579484,1.7985208879264813,-0.02573152076853291
0.5204040588557509,0.5846417276611902,-0.06423766880543924
1.8095348757621383,1.9290363883865915,-0.11950151262445319
1.2584245797990408,1.390100397311319,-0.1316758175122783
2.1389424462648483,2.0601760180085744,0.07876642825627389
0.2255539022083433,0.16961116563632478,0.05594273657201851
2.169214091047756,1.428413973036038,0.7408001180117183
2.484914430537596,2.6461932154748795,-0.16127878493728343
1.4778171473920303,1.5185883841988546,-0.04077123680682426
0.7483636465596418,0.9062338476975588,-0.15787020113791694
0.3174221946641377,0.3403353360568732,-0.022913141392735537
1.8664614807194888,1.6591362385717483,0.2073252421477405
1.5297843744499708,1.511447492114879,0.018336882335091786
2.5388437093823426,2.421590690488764,0.11725301889357853
1.5039612512519245,1.507449543163303,-0.0034882919113785604
2.458801974434188,2.289668843412221,0.1691331310219666
2.16602236821055,2.1297388408278275,0.03628352738272245
1.716188263681181,1.7067247253524185,0.009463538328762455
1.933623300052932,1.8280228146922668,0.10560048536066513
0.2699848641814524,0.2798812268970402,-0.009896362715587803
1.8306698724633728,1.9072741074557087,-0.07660423499233593
1.5054440916958225,1.4511703042754318,0.054273787420390684
1.8685229912779635,1.831302841768108,0.037220149509855416
1.487396839000894,1.571434597600918,-0.08403775860002405
1.0028425688632605,1.0166573824315654,-0.01381481356830494
0.3173272567112039,0.4760088762276981,-0.15868161951649423
2.3642528139367287,2.048655282623729,0.3155975313129997
1.589116074214982,1.5058050565173153,0.08331101769766658
0.119820147805451,0.22441120351981908,-0.10459105571436808
2.461216109866647,2.497379560452752,-0.036163450586104595
0.2996778391029505,0.4638468749930624,-0.1641690358901119
0.1588758132643684,0.09892398653222914,0.05995182673213925
1.8629171304766197,1.8894557581466778,-0.0265386276700581
2.216990486733068,2.379750105844036,-0.1627596191109677
1.464792564311966,1.3010083267890595,0.16378423752290638
1.5179216511519564,1.390100397311319,0.12782125384063736
0.3970389703727123,0.27520025846197815,0.12183871191073414
2.074312305676312,1.9638000014275472,0.11051230424876501
1.765194330923229,1.6582885072105145,0.10690582371271451
1.187148781492453,1.1593406803883026,0.02780810110415044
2.2165610051557456,2.1276064609226744,0.08895454423307125
0.102261147331397,0.11762282908350029,-0.015361681752103284
1.3078646491839774,1.3676502077607031,-0.05978555857672574
1.8094354169904696,2.0091272743780193,-0.1996918573875497
0.5404043209405122,0.48945544949297215,0.05094887144754001
0.9154680061796748,0.854324268070755,0.06114373810891982
0.4852137243015506,0.6451106505819734,-0.1598969262804228
1.3621149079310686,1.5185883841988546,-0.15647347626778596
1.138814814703224,1.1935272697012211,-0.05471245499799715
0.6175481890540682,0.715461075717973,-0.09791288666390485
0.1783019268127911,0.1450655501235698,0.0332363766892213
1.4150993273057066,1.3969599079784119,0.018139419327294792
0.7576585240565356,0.7443461386967808,0.013312385359754764
0.3243797903938959,0.2949971836995128,0.02938260669438314
1.007969218321696,0.974206892202544,0.033762326119151975
1.6070729097757113,1.6794805646261657,-0.07240765485045442
2.306828914614699,2.1455507385336783,0.16127817608102069
0.7755249427362335,0.8294841746718694,-0.0539592319356359
0.7604026830541519,0.42473438111107886,0.33566830194307307
2.4329065161110424,2.305859501157501,0.1270470149535412
1.1486989105541858,1.0891353589371369,0.05956355161704896
2.310662600294608,2.330349038862778,-0.019686438568169873
2.565616212109729,2.379086494200976,0.1865297179087526
2.3966673424963294,2.458912319830353,-0.06224497733402368
2.248808263168992,2.1399663088269762,0.1088419543420156
0.0340324051561668,0.11509545756347604,-0.08106305240730924
0.6641672447633936,0.629757411569639,0.03440983319375457
2.446107413147105,2.2772197408028303,0.1688876723442747
0.9213858052458938,0.9557824596642709,-0.03439665441837714
1.9235327526358552,1.7677350775419478,0.1557976750939074
1.608483416613517,1.45541230264812,0.15307111396539685
1.7891819870312178,1.7493285454280507,0.03985344160316706
0.95350195850316,1.020624226253439,-0.06712226775027907
0.5170767096843263,0.4740103614012893,0.04306634828303696
0.4498787225351658,0.4638468749930624,-0.013968152457896565
1.9194685044409685,2.463830036033797,-0.5443615315928285
0.9267023306101974,1.0930388626757543,-0.16633653206555699
0.8127134951207825,0.7558504967781593,0.056862998342623206
1.169743490121221,1.2712617141080704,-0.10151822398684951
0.5166065407383912,0.5772027582411778,-0.06059621750278665
2.113173574410627,1.9571589833888465,0.15601459102178028
0.634980605590877,0.49993194329202806,0.13504866229884893
1.331011426171765,1.3741665446686786,-0.04315511849691367
1.4677582451997615,1.88927192430526,-0.42151367910549853
2.2331932307004694,2.0654192160634834,0.16777401463698594
1.699528913477217,1.9524836968350017,-0.25295478335778476
0.2364943711425944,0.39572071217692223,-0.15922634103432784
0.1992425267894227,0.17352300766771986,0.02571951912170284
0.3314097197297462,0.3245940854614644,0.0068156342682818005
0.741455780089134,0.8421514523094332,-0.10069567222029918
0.5776787696405257,0.5846417276611902,-0.006962958020664489
1.366925097546391,1.0248739855483364,0.3420511119980545
0.9581267930313492,0.8937422015050338,0.06438459152631537
2.075541977486216,1.7916028739830223,0.2839391035031935
1.2575565757664302,1.243814204145875,0.013742371620555138
1.85911961235926,1.7352293668375456,0.12389024552171435
1.0073543821635762,0.9549170245959888,0.052437357567587384
1.612407518668122,1.3989823357161422,0.21342518295197976
2.05029752516225,1.854417829689497,0.19587969547275308
1.988452228661432,1.9590634773721125,0.029388751289319393
0.6516037889917953,0.8860706502337395,-0.23446686124194427
2.43232784776864,2.425096293877946,0.007231553890694187
0.6817081617093407,0.6202555330174683,0.0614526286918724
0.1415564182086008,0.16901960540288644,-0.027463187194285643
0.275681141357492,0.4374212066464193,-0.16174006528892731
1.432500097858204,1.5039340519367141,-0.07143395407851005
0.3279286614554998,0.29553739376985955,0.03239126768564027
1.235788659378969,1.3262520208543946,-0.09046336147542555
0.9741080151085716,1.4310700609669216,-0.45696204585835
1.7369841964456283,1.7287039125874566,0.0082802838581717
0.1381929019809622,0.10628157837816313,0.03191132360279908
0.8577683351426486,0.6913148406247669,0.16645349451788172
0.1268365146850969,0.11522937855248117,0.011607136132615742
1.8449060438252336,1.7011114326465808,0.14379461117865278
1.5682613705538149,1.50799198559433,0.06026938495948486
1.5705398814242306,1.7855593831022067,-0.21501950167797612
0.5899167239315412,0.5252118749886856,0.06470484894285555
1.6568068346569196,1.5058050565173153,0.15100177813960425
1.0660712455172998,0.9452331165435947,0.12083812897370516
1.109670370260845,1.293871128144557,-0.18420075788371193
0.630315083187739,0.4881502918362585,0.14216479135148047
1.453834012102776,1.378387164594873,0.07544684750790287
1.4419351220017154,1.4526660759453638,-0.010730953943648425
0.1126591137136206,0.03453167566333994,0.07812743805028066
1.52060251818095,1.4298963056703007,0.09070621251064925
2.167478083488871,2.1042247827948524,0.06325330069401858
1.0577799976277311,1.0721728842907927,-0.0143928866630616
0.4556202081517212,0.42473438111107886,0.030885827040642355
0.531760446404784,0.42822097428507566,0.10353947211970838
0.6344833114793652,0.28101183559877124,0.35347147588059397
0.3320426394159728,0.2798812268970402,0.05216141251893258
0.9052553948845844,0.8421514523094332,0.06310394257515117
1.4135803200587629,1.3676502077607031,0.045930112298059766
1.8090285400131567,1.9152876476264906,-0.1062591076133339
1.414484491147587,1.3989823357161422,0.01550215543144473
1.251625213990839,1.4477986687256685,-0.1961734547348295
1.241787833941918,1.2270709210845339,0.014716912857384079
0.7025402612768342,0.6638734771633288,0.03866678411350544
0.3811978946889396,0.4686381090566964,-0.08744021436775679
2.1784366346853896,2.1773406354535867,0.0010959992318029244
2.066875499363149,2.0524130960687152,0.014462403294433823
0.0485051687322716,0.555765030786756,-0.5072598620544844
0.1204349839635706,0.2967062906272687,-0.1762713066636981
0.6151250107183,0.4881502918362585,0.12697471888204143
2.3796644082963465,2.250499092543144,0.12916531575320267
0.780751050966338,0.6866034444185527,0.09414760654778531
2.230878552267504,2.400705265208884,-0.1698267129413802
1.0517310938055322,1.2609449932833368,-0.20921389947780455
1.3228377205819717,1.502612149532462,-0.17977442895049034
0.7762256752098176,0.792703002524219,-0.016477327314401435
1.855417032194834,1.8157280134606129,0.03968901873422115
1.1361444964200569,1.3049552574823962,-0.16881076106233928
1.1774651102931857,1.859536771461713,-0.6820716611685274
0.2118647534577413,0.2892855399867626,-0.07742078652902129
1.172492169937572,1.0385711567674556,0.1339210131701165
1.8521032444669423,1.9772147585249353,-0.12511151405799303
2.1569083247288865,2.016992814660259,0.13991551006862757
0.492108028062686,0.5463115777465625,-0.05420354968387647
0.5549253069206784,0.5886172662352531,-0.03369195931457469
1.5690253949960216,1.8072818822189323,-0.2382564872229107
1.2020404776468858,1.2459773359670216,-0.04393685832013583
1.927285062565867,1.854417829689497,0.07286723287636998
1.823459109618628,1.8675492685512585,-0.044090158932630574
1.882917392561381,2.031899694706459,-0.14898230214507824
0.968981365650136,0.8567043558197691,0.11227700983036693
1.252117987283616,1.126931355075287,0.12518663220832882
1.1107192085618536,1.7112590749042378,-0.6005398663423842
2.125741551760464,2.0654192160634834,0.060322335696980645
0.2670417876404986,0.278175811467507,-0.011134023827008399
0.8030479074496222,0.7279562802261437,0.07509162722347851
0.2002371147592784,0.278175811467507,-0.07793869670822856
1.866588064656734,2.379750105844036,-0.5131620411873017
1.4785133590468795,1.5399338678866434,-0.06142050883976391
1.8209997634671424,1.8406107780369256,-0.019611014569783203
1.4875053394100322,1.507449543163303,-0.019944203753270884
0.5138804652688819,0.5043867530568118,0.009493712212070071
1.3907906905358691,1.3936874727960127,-0.00289678226014356
0.1504172938157735,0.19534846341612103,-0.044931169600347515
0.9434747022952028,0.8179931201647316,0.12548158213047123
0.7381239100989749,0.7527016086846858,-0.014577698585710896
0.4587034310861246,0.4881502918362585,-0.02944686075013392
1.965545057598267,2.310259986673883,-0.34471492907561596
2.510339718142632,2.502287225602809,0.00805249253982332
0.3098768879418366,0.2892855399867626,0.020591347955074002
2.121799365924584,1.8680775110648855,0.25372185485969867
2.4889379921233736,2.377275249447036,0.11166274267633769
0.9910793043369146,1.2773046387524227,-0.2862253344155081
1.2821500263950694,1.129279899972224,0.15287012642284536
0.9509431545926772,0.8838071906882193,0.06713596390445786
1.0529381620280975,1.0277736595282903,0.025164502499807284
1.0507907559136618,1.1239426819373672,-0.07315192602370546
0.4004386531502291,0.27520025846197815,0.12523839468825093
1.8859554070552689,2.0091272743780193,-0.12317186732275043
0.0993497167747545,0.2713733880916175,-0.17202367131686297
1.7806375712671585,1.7836623844133457,-0.0030248131461871886
1.5541789075352723,1.6867024147161267,-0.13252350718085437
1.7096556284568427,1.5980360911717923,0.11161953728505036
1.160661092623869,1.2618558033807303,-0.10119471075686137
0.9587913587018873,1.0931884758307673,-0.13439711712888003
1.4118669160872162,1.4202198046281764,-0.00835288854096028
1.031730831720771,0.9966070563195666,0.03512377540120437
2.31627750172075,2.3033976534762166,0.012879848244533587
0.5512182059375179,0.5846417276611902,-0.033423521723672245
0.3798597217103943,0.24607231981572314,0.13378740189467114
1.20753783702642,1.4320627703937336,-0.2245249333673136
0.6592621171951373,0.551086126046453,0.10817599114868426
0.8722712375947077,0.7591089735330795,0.11316226406162821
0.1171076347921461,0.06156366233598713,0.05554397245615897
1.2408836628530937,1.3312635441238616,-0.0903798812707679
0.5843244263459053,0.5463115777465625,0.03801284859934284
0.7133451043832025,1.7916028739830223,-1.0782577695998197
2.1552175253573496,2.0856554752779948,0.06956205007935479
1.9685243017017704,2.305825997604129,-0.3373016959023587
0.9648221792491471,1.138129904919219,-0.1733077256700719
0.2363451828585072,0.2668313018709508,-0.03048611901244358
2.512509728857077,2.330349038862778,0.18216068999429913
0.2901750021720816,0.29553739376985955,-0.00536239159777796
1.3356769483217348,1.4202198046281764,-0.08454285630644165
0.9176606207346264,0.688211431915615,0.22944918881901144
1.5101096138457923,1.9137824165617425,-0.4036728027159502
1.274591156963396,1.2018386850583558,0.0727524719050403
0.4743998393045449,0.5178349157705424,-0.043435076465997535
0.759927993289482,0.9112890608303748,-0.15136106754089274
2.39699284549592,2.458912319830353,-0.06191947433443312
1.2952514638999606,1.1665705680769665,0.12868089582299413
1.9236774203543756,1.8894795737158852,0.03419784663849046
1.4655068594949223,1.5185883841988546,-0.05308152470393224
1.1528445344989702,1.2613675439212773,-0.10852300942230708
2.40469638188661,1.9224408220149665,0.48225555987164337
0.8709330646161622,0.7318509180522637,0.1390821465638985
2.351639628399544,2.463830036033797,-0.11219040763425303
2.5142547795724384,2.3967768878781612,0.11747789169427714
0.8512221372089377,1.4423328231033135,-0.5911106858943758
0.7501719884841225,0.8825230825159258,-0.13235109403180334
0.9743295369987508,0.9914146027592494,-0.01708506576049862
0.1655350324259524,0.17213733306898796,-0.006602300643035547
0.722459147864866,0.7817293799503741,-0.05927023208550808
1.7560441206385191,1.6814595015823661,0.07458461905615299
2.063787755103675,1.8621375535611457,0.20165020154252944
1.7994036399637778,1.5737688415997175,0.2256347983640603
0.1677999808401639,0.3342337954829766,-0.1664338146428127
0.7130286445400892,0.8372173748033718,-0.12418873026328259
1.6419015760462825,2.0854123396616706,-0.4435107636153881
1.4196925158495843,1.4573950465081726,-0.03770253065858831
1.4294213957425352,1.4025640207832595,0.02685737495927576
0.5259692312758104,0.46461327643038486,0.06135595484542555
1.133829818746595,2.070450668911109,-0.9366208501645139
2.5148605748525923,2.466826932352548,0.04803364250004449
0.1320083725840483,0.03335421611512891,0.09865415646891938
0.6903882033012831,0.8294841746718694,-0.13909597137058627
0.9019868168630476,0.578662692623573,0.32332412423947465
0.899328554180896,0.7727098171933667,0.12661873698752923
0.2603283181477615,0.3374910903348385,-0.07716277218707701
0.3438782375484107,0.3415228432029839,0.002355394345426809
1.0541181050850863,1.0072609506689605,0.04685715441612581
1.8130114132176505,1.6582885072105145,0.154722906007136
2.1497924998370754,2.1792014199062675,-0.029408920069192046
0.9365442317310216,1.0640529140764177,-0.12750868234539603
2.383647280741336,2.32502935341987,0.05861792732146576
1.1222564301261173,1.5190759179269948,-0.3968194878008775
0.7490869831268996,0.7297307888994244,0.019356194227475143
0.4818547291458148,0.5140208016477872,-0.0321660725019724
1.9151646505746276,1.566929036420173,0.3482356141544547
1.8711134404132543,1.7320668980004785,0.1390465424127758
2.266466722414715,2.359400551646347,-0.09293382923163218
0.377834378714469,0.37147550656989564,0.006358872144573369
1.8904762612335504,2.4195839944747126,-0.5291077332411622
1.4127484828291983,0.9889126897772317,0.4238357930519666
1.766460170295682,1.6472778413028577,0.11918232899282422
0.7672698616497108,0.8722598508340259,-0.10498998918431512
1.247574527998989,1.151510125088126,0.09606440291086304
1.3859488549362358,1.2613675439212773,0.1245813110149585
0.1137441188176754,0.14143369594897187,-0.027689577131296467
2.328167351197013,2.4706600024010874,-0.1424926512040745
1.3806956215405548,1.4103575666834849,-0.02966194514293008
1.7563967472846789,1.6230604755042128,0.13333627178046603
0.4780888570127663,0.4740103614012893,0.0040784956114769955
1.732725551019803,1.80587197128605,-0.07314642026624707
0.6110019911203572,0.49993194329202806,0.11107004782832919
1.6913326035405818,1.771597815986972,-0.08026521244639029
0.2000788848377217,0.16037504747872655,0.03970383735899516
0.7272783791176577,0.7558504967781593,-0.028572117660501606
0.9370460466612678,0.9273736518975564,0.0096723947637114
0.9559613036419744,0.688211431915615,0.26774987172635945
1.1560407789144145,1.199248378037349,-0.04320759912293459
1.4975958875866122,1.6800746518564926,-0.1824787642698804
1.2780270067971269,0.9623785076021093,0.3156484991950176
0.34004003180927,0.5288777039404542,-0.1888376721311842
1.0282949818870402,1.0322753060922365,-0.0039803242051963394
1.142075858195648,1.2619582824702087,-0.11988242427456064
1.481741249446635,1.4511703042754318,0.03057094517120329
1.36085358937735,1.1665705680769665,0.19428302130038344
0.0838703096277788,0.04190025453623789,0.04197005509154091
2.484412616366853,2.421590690488764,0.06282192587808888
0.9323081906520378,1.1447075301773693,-0.2123993395253314
0.8255934107354942,0.7279562802261437,0.09763713050935052
1.3685119175806923,1.5810277886530797,-0.21251587107238734
0.4807154737106067,0.7080214035742249,-0.22730592986361825
0.0630517727696576,0.1134918035850251,-0.050440030815367506
0.3648143167063075,0.39544639423528644,-0.03063207752897895
1.7863022024588868,1.7136288552844618,0.07267334717442497
1.6202376392492248,1.482935825410191,0.13730181383903384
2.473779565638246,2.458912319830353,0.014867245807892893
1.1295982984863462,1.0385711567674556,0.09102714171889059
1.87503754246786,1.80587197128605,0.06916557118180999
2.370446386236951,2.2868257898163145,0.08362059642063668
2.1461170440787223,2.0137844626462353,0.13233258143248694
1.1410270198946395,1.1200868592274809,0.020940160667158647
1.254776249965768,1.2896218732131077,-0.03484562324733975
1.6037817274073327,1.45541230264812,0.14836942475921266
1.2301059446591338,1.2367958665805314,-0.0066899219213976124
1.535643402366302,1.620640175877704,-0.08499677351140211
2.218111658387001,2.356062173920117,-0.1379505155331162
1.59120470917953,1.7645058468385721,-0.1733011376590421
2.41159520646648,2.2939235317379043,0.11767167472857576
1.3341127326342752,1.3004227568466737,0.03368997578760147
1.419683474212115,1.748876019273504,-0.32919254506138906
1.747002410762948,1.7682700049067834,-0.02126759414383539
2.559666767059199,2.3967768878781612,0.1628898791810376
1.445298637976186,1.3627991392227015,0.08249949875348461
0.6354959829773278,0.7443461386967808,-0.108850155719453
1.6120910588250086,2.4195839944747126,-0.807492935649704
1.1840293915018358,1.2085800134632714,-0.024550621961435537
0.2820645885509113,0.28830032946558865,-0.0062357409146773235
1.7097505664097763,1.7287039125874566,-0.018953346177680297
1.5752822582521957,1.507449543163303,0.06783271508889266
0.3117259174880981,0.32501534605629423,-0.013289428568196149
1.0545521072279755,0.9009511904283589,0.15360091679961663
2.3831138205862823,2.2155909475083235,0.16752287307795877
2.199304903081272,2.1666243834917926,0.032680519589479484
1.1004387844794057,1.1376000302842646,-0.03716124580485891
1.9032341144892555,1.9046199032345927,-0.0013857887453372353
1.7545612801946215,1.7682700049067834,-0.01370872471216189
1.3143656384240046,1.3631596783492528,-0.04879403992524822
1.61510194815332,1.3577390827712876,0.25736286538203235
0.9646775117837948,1.0241733406380569,-0.05949582885426208
2.0210204680960304,1.9791914771552992,0.041828990940731225
2.2235728514698248,2.1297388408278275,0.09383401064199726
1.869824995681288,1.6696843849370762,0.20014061074421186
0.2762417274376263,0.35152390005721007,-0.07528217261958375
1.886493388788561,2.2215936196532287,-0.33510023086466756
2.346151310910647,2.2990966531553374,0.04705465775530948
1.0624364781402316,1.1200868592274809,-0.05765038108724929
0.587819047076356,0.5891117439331794,-0.0012926968568234276
2.043330887035519,1.9747997860496311,0.06853110098588777
2.398077849587303,2.2868257898163145,0.11125205977098851
1.1410089363665323,1.1148064146906211,0.026202521675911195
1.2863589423084765,1.782996603288527,-0.49663766098005047
0.6621780685705145,0.7558504967781593,-0.09367242820764476
0.8312218751241763,0.7279562802261437,0.10326559489803266
0.4259362748676925,0.3758212486656074,0.05011502620208508
1.0303112832454957,1.2367958665805314,-0.20648458333503572
2.4010073639252205,2.5777105019576907,-0.17670313803247018
1.190105420489611,1.0859840351232395,0.10412138536637161
1.0156004213594614,0.9914146027592494,0.02418581860021196
1.169273321175286,1.118941926520389,0.05033139465489689
2.083498681751396,2.0524130960687152,0.031085585682680605
1.4953897103222888,1.4474057597226255,0.047983950599663316
0.1294405270360957,0.05953603900710129,0.06990448802899442
0.0993497167747545,0.06112244135285617,0.038227275421898334
1.6279456969649853,1.709899367253711,-0.0819536702887258
1.0876221608333163,1.010290497890982,0.0773316629423344
0.8847487970508419,0.7828168507426626,0.10193194630817926
1.8884237938315525,1.6300516194367607,0.25837217439479176
0.5335642675105299,0.4175257348633669,0.11603853264716296
1.3226885322978847,1.4099497549996654,-0.0872612227017806
0.0962800562965554,0.1450655501235698,-0.048785493827014415
0.7517316833528473,0.7000284409887366,0.051703242364110724
0.0900141514029117,0.08929634972887647,0.0007178016740352344
0.5121580196598657,0.6537592481990183,-0.14160122853915258
2.566759989123175,2.379086494200976,0.18767349492219898
0.4204389152349904,0.4881502918362585,-0.06771137660126814
0.3761887875302799,0.34879377306543125,0.027395014464848655
2.4597061432445018,2.466826932352548,-0.007120789108046033
1.9138038732492404,1.4994580751391602,0.4143457981100802
0.8198021956065206,0.7727098171933667,0.047092378413153835
0.2005445329649221,0.17213733306898796,0.028407199895934154
1.3021502884798306,1.237495421928866,0.06465486655096453
1.677091910600483,1.88927192430526,-0.21218001370477713
0.5936419081896408,0.5891117439331794,0.004530164256461355
2.119724293163072,2.0472356372052007,0.07248865595787146
1.0379876949769449,0.8588064926544863,0.1791812023224586
0.8245807392375317,0.8617119207015779,-0.03713118146404615
0.1146030812128162,0.17213733306898796,-0.05753425185617175
1.6176291060794916,1.8072818822189323,-0.18965277613944065
0.4193222641466242,0.48680771367510606,-0.06748544952848184
0.8660053327010641,0.7663380865512731,0.09966724614979094
1.3053781788795866,1.2107601826926602,0.09461799618692646
0.1496035398611485,0.14597238118103067,0.0036311586801178186
2.4074495825216955,2.458912319830353,-0.05146273730865758
1.3340132738626065,1.3524834195054491,-0.01847014564284266
2.5009363417556063,2.466826932352548,0.03410940940305851
0.7318715676615355,0.6565387242803893,0.07533284338114621
1.8957204540044337,1.5698982292197061,0.32582222478472755
2.1042810528191427,2.02196343910081,0.0823176137183328
0.9865222825960832,0.9048837572826742,0.08163852531340898
0.4632966198831703,0.30181738367387095,0.16147923620929933
2.3862151270487924,2.502287225602809,-0.11607209855401646
0.575377654423268,0.5178349157705424,0.057542738652725633
0.516380498029477,0.6070618735055825,-0.09068137547610544
0.6225030458815748,1.0931884758307673,-0.4706854299491925
0.1271620161656798,0.10628157837816313,0.020880437787516665
1.5686411223655508,2.2215936196532287,-0.6529524972876779
0.9543337957327244,0.8718150288741342,0.08251876685859016
2.080989608366003,2.0601760180085744,0.02081359035742869
1.1854398983396417,1.1062589651147796,0.07918093322486208
1.4630068267343272,1.7399592212710486,-0.2769523945367214
2.309794596515166,1.730713963833379,0.5790806326817868
0.5864447072947644,0.4010804194649976,0.18536428782976677
0.3588467881276703,0.35152390005721007,0.007322888070460221
1.912899701907248,1.8459748751335996,0.06692482677364842
1.0990780071540185,0.9390328625504596,0.1600451446035589
1.3148086822043632,1.5058050565173153,-0.19099637431295213
0.9685111967042006,1.0930388626757543,-0.12452766597155374
1.0672737929211304,0.8629420843129021,0.20433170860822836
1.95658924403816,1.7836623844133457,0.17292685962481436
0.442464520315677,0.46461327643038486,-0.022148756114707846
2.0092481619322147,2.115599012149205,-0.10635085021699053
1.1583871025721877,1.1243554192132073,0.034031683358980436
1.7843717974158957,1.5624007360595134,0.22197106135638234
1.5741610860919268,1.826784649165869,-0.2526235630739422
0.5225017354577683,0.5837251851130324,-0.06122344965526405
0.5158741622804959,0.4780247553744654,0.03784940690603045
1.6324710727215055,1.5347116329417374,0.09775943977976809
1.793223631385599,1.620640175877704,0.1725834555078949
0.6975221122275369,0.8275345372750951,-0.13001242504755817
1.992213581747921,1.0746924033853487,0.9175211783625723
0.6337238078558931,0.6629403536830584,-0.029216545827165263
0.772957097188281,0.6866034444185527,0.08635365276972828
0.2810609586904183,0.3663579575435088,-0.0852969988530905
0.2292248363884577,0.16961116563632478,0.05961367075213292
2.185127502109796,2.163205246047813,0.02192225606198317
1.4833099862059975,1.8268213399528999,-0.34351135374690234
0.7592634276189439,0.7706412409915719,-0.011377813372627998
0.2033700672061002,0.18263462739793054,0.020735439808169664
0.2607758827468549,0.3342337954829766,-0.07345791273612168
1.0752169349832748,0.688211431915615,0.3870055030676598
2.4487792380322944,2.32502935341987,0.12374988461242431
2.145271643127115,2.4195839944747126,-0.2743123513475978
0.7737166008117528,0.854324268070755,-0.08060766725900226
1.701359859748539,1.9307277947110868,-0.2293679349625477
0.9275884181709148,1.6410291964351664,-0.7134407782642517
0.7052120864151904,0.589450608487255,0.11576147792793545
0.9035058241099916,1.0569336226927737,-0.1534277985827821
1.3385115244535504,0.9048837572826742,0.43362776717087614
1.084859918560761,1.010290497890982,0.07456942066977912
1.7648326626396,1.4935385573119966,0.27129410532760345
2.090989739408384,2.1276064609226744,-0.03661672151429052
0.59570341824178,0.6446338518173891,-0.04893043357560911
1.7201666160669395,1.50307242064877,0.21709419541816954
2.167984419237852,1.6814595015823661,0.486524917655486
2.108815469200461,2.044715776869441,0.0640996923310202
0.0623510402960735,0.20355452381780278,-0.1412034835217293
0.3760305576087232,0.3245940854614644,0.05143647214725883
2.112382424802844,2.0524130960687152,0.05996932873412897
2.4539058874907296,2.2890690074719227,0.16483688001880692
1.4838886555610709,1.507449543163303,-0.023560887602232183
1.2771816068581905,1.3049552574823962,-0.02777365062420567
2.5040466888429145,2.356062173920117,0.1479845149227974
2.025595573618137,1.9590634773721125,0.06653209624602452
2.2899390021489245,2.2486148702617292,0.0413241318871953
1.1640788589294928,1.6800746518564926,-0.5159957929269998
2.01112883720962,1.2773046387524227,0.7338241984571974
0.9726206538459392,1.1429838687154545,-0.17036321486951533
1.612027766856386,1.7226211149625426,-0.11059334810615651
2.4047596738552324,2.4041305139343447,0.0006291599208876342
0.5602599158130892,0.48945544949297215,0.07080446632011705
1.279943849130746,1.0248739855483364,0.2550698635824096
0.16485690429921,0.09892398653222914,0.06593291776698085
1.9327281718674163,1.6532248909457332,0.2795032809216831
2.396088674153928,2.3265720506295584,0.0695166235243696
1.289175434912185,1.092402465471036,0.19677296944114886
1.853866378963579,1.9911037192283518,-0.13723734026477286
2.403114082671043,1.8072818822189323,0.5958322004521106
0.9302105140500204,0.9660549477474433,-0.03584443369742285
0.723914863143187,0.7208979195613684,0.0030169435818185875
0.2041250500108373,0.1772764283696754,0.02684862164116192
1.910331855599792,1.986859001328981,-0.07652714572918917
1.1962899501396933,1.416023422888407,-0.2197334727487137
0.4364608251871614,0.3758212486656074,0.060639576521553995
1.7432410594486347,2.0854123396616706,-0.3421712802130359
0.3836934066308001,0.5342666940505106,-0.15057328741971054
0.1091916178955784,0.2591383992216113,-0.1499467813260329
0.6520784787564652,0.6877852079868475,-0.03570672923038232
2.045812836014839,1.9590634773721125,0.08674935864272637
0.6707179635158395,0.8560093553714285,-0.18529139185558907
0.1168183001146094,0.10628157837816313,0.010536721736446278
1.9880769984279345,1.771597815986972,0.21647918244096243
0.8545178403960508,1.151510125088126,-0.29699228469207506
1.1067046893730492,0.9404572329276943,0.16624745644535488
0.5730268099467599,0.5005998194136423,0.07242699053311763
1.0717313558902934,1.138129904919219,-0.06639854902892561
1.3957591100727484,1.8173290674743183,-0.4215699574015699
0.9512912604201016,1.0418423618146853,-0.09055110139458367
1.5996948746124362,1.5946642055670563,0.005030669045379854
0.7126488927283533,0.8501071100736675,-0.13745821734531416
0.6485070033480196,0.9330771702932245,-0.28457016694520487
0.4481201098699356,0.3415228432029839,0.10659726666695174
1.7117126174370791,1.6591362385717483,0.05257637886533084
0.0311752249306775,0.08929634972887647,-0.05812112479819897
0.6617078996245794,0.8366664148002876,-0.17495851517570815
0.8064475902271389,0.6913148406247669,0.11513274960237196
1.8794092098810615,1.7473228385119464,0.13208637136911516
1.0904657786026015,1.859536771461713,-0.7690709928591115
2.5530165887755807,2.5777105019576907,-0.024693913182110006
1.6406357366738291,1.5683782162101925,0.07225752046363665
0.1856437951730199,0.18263462739793054,0.003009167775089361
1.1611357823885389,1.3741665446686786,-0.21303076228013973
1.0452210626748677,1.2773046387524227,-0.23208357607755503
2.3399939061729738,2.296193848256189,0.04380005791678476
2.4377031435233283,1.892867981477144,0.5448351620461842
0.4256107733871096,0.5365901938881124,-0.11097942050100273
0.3899864366900202,0.36787525043691205,0.02211118625310815
1.0893807734985466,0.8738688703285704,0.21551190316997615
0.6648905815838195,0.6497640358007256,0.015126545783093914
0.203184712118967,0.14172694941116024,0.06145776270780676
0.2523354465731991,0.42473438111107886,-0.17239893453787974
2.3378238954585284,2.1455507385336783,0.19227315692485014
1.9918157461549095,1.8459748751335996,0.14584087102130994
1.410976307707764,1.8909844307681993,-0.4800081230604354
0.5466973509997323,1.2703050463193988,-0.7236076953196665
0.8321441294879397,1.4277819285433324,-0.5956377990553927
2.4853846012557064,2.4365269813887465,0.04885761986695991
1.3103782444007768,1.3631596783492528,-0.05278143394847601
1.3215718812095183,1.3676502077607031,-0.04607832655118482
1.9597538424692929,1.9078482388298312,0.05190560363946162
0.6573678789551923,0.6537592481990183,0.003608630756174014
2.377734003253356,2.301896713470216,0.07583728978314008
1.440633115826216,1.664455609135249,-0.22382249330903292
0.3418845405367968,0.4301216289762569,-0.0882370884394601
0.6564139786071175,0.8617119207015779,-0.2052979420944604
1.327878473724943,0.8685777547818043,0.4593007189431386
2.0666087692856223,1.9152876476264906,0.1513211216591317
0.195806676955692,0.18263462739793054,0.013172049557761467
2.0655599302251098,1.9307277947110868,0.13483213551402295
1.0795072263934111,1.034198836920243,0.045308389473168065
0.9150204415805816,1.0322753060922365,-0.1172548645116549
1.205946496173384,1.3577390827712876,-0.15179258659790373
2.1455157703768077,2.0472356372052007,0.098280133171607
1.6168379564717084,1.7287039125874566,-0.11186595611574823
0.5012537175286608,0.4245731519361755,0.07668056559248526
1.569640231407309,1.1148064146906211,0.4548338167166879
1.4970579058533198,1.530337323653621,-0.0332794178003013
1.0095198715529512,0.9557824596642709,0.05373741188868031
1.0080415519277883,0.9596247177461495,0.04841683418163878
1.450759830805842,1.5040697588531378,-0.05330992804729573
2.4718582012200527,2.4041305139343447,0.067727687285708
1.0990147151853955,1.0418423618146853,0.05717235337071025
2.492437134178895,2.2939235317379043,0.1985136024409906
1.6037681649511284,1.7287039125874566,-0.1249357476363282
0.3083081511824744,0.23086870241423757,0.07743944876823683
1.982376199673656,1.7888371279054107,0.19353907176824525
1.1137210562526951,1.6623100998308058,-0.5485890435781107
2.18689967723123,2.09413749591496,0.09276218131627001
0.2708890352702766,0.23786003453638904,0.03302900073388754
0.8283149653862688,0.9892692859379827,-0.16095432055171388
1.7889288191567274,2.07845368272736,-0.2895248635706327
1.4949195413763534,1.1665705680769665,0.32834897329938695
0.9678963605460812,0.9450333896658891,0.02286297088019207
2.4204244360893417,2.24742663650967,0.17299779957967187
0.2410287885365843,0.18653599217071815,0.05449279636586615
1.4987170594937131,1.50799198559433,-0.009274926100616865
1.7702260424287306,1.7498650977084274,0.020360944720303253
1.6010466103003538,1.7289344199166892,-0.1278878096163354
0.4474555441993977,0.36787525043691205,0.07958029376248565
2.6288946185293542,2.4365269813887465,0.19236763714060778
1.9425203432226537,2.018756593142384,-0.07623624991973021
0.1705531814752497,0.09892398653222914,0.07162919494302056
1.1344808219609284,1.1437261946223338,-0.00924537266140546
0.4011574691519202,0.3245940854614644,0.07656338369045579
2.659998099529155,2.5857613291019987,0.07423677042715626
1.801998610677307,1.6750904575950127,0.1269081530822942
1.816998807240878,1.482935825410191,0.33406298183068706
0.6348947092754123,0.7414490464858136,-0.1065543372104013
0.9909120327778884,1.1200868592274809,-0.12917482644959244
0.957810333188236,0.8937422015050338,0.06406813168320225
0.3596424585541884,0.48680771367510606,-0.12716525512091764
1.1828358859886423,1.4310700609669216,-0.24823417497827927
1.2580041403655235,1.2233608321057396,0.0346433082597839
0.9735067414066562,1.0277736595282903,-0.05426691812163409
1.4213200237588344,1.3010083267890595,0.12031169696977484
0.7506059903738436,0.6828057508068305,0.06780023956701309
1.7199405733580253,1.6472778413028577,0.0726627320551676
1.2419325011541025,1.390100397311319,-0.1481678961572166
0.1198924814115433,0.12097632126077221,-0.0010838398492289125
0.1908518198750173,0.2954506010884747,-0.10459878121345742
0.0498734808399395,0.08276875847847023,-0.032895277638530736
1.294618544213734,1.205958306134896,0.08866023807883794
0.5311022099311083,0.8625998060214484,-0.33149759609034
1.3101250765262864,1.3049552574823962,0.005169819043890245
1.4110848081169023,1.3655645937274485,0.04552021438945375
2.146645985187217,2.1117111420263366,0.03493484316088047
0.1473792793218857,0.23498865244126943,-0.08760937311938374
1.3922147598298793,1.4298473541405745,-0.03763259431069521
0.746048968633012,0.8692132498967134,-0.12316428126370149
2.0482360146037752,2.032967627171175,0.015268387432600061
1.838468346806997,1.2967547008628886,0.5417136459441083
0.3924548234663041,0.2847568675805614,0.10769795588574271
1.332241098741172,1.3697585659234779,-0.037517467182305975
0.9437595161540048,0.9319775598165546,0.011781956337450161
2.0301661575620047,2.1875655783727175,-0.1573994208107128
1.4601270421619963,1.664455609135249,-0.20432856697325263
0.5212223336291106,0.4686381090566964,0.05258422457241424
2.29174734230123,2.0815940791115914,0.21015326318963856
1.4797294689069145,1.5039340519367141,-0.024204583029799664
1.1477178850405343,0.9463311340152012,0.2013867510253331
1.465285337604743,1.5476845386693978,-0.08239920106465481
0.1437490327635522,0.1450655501235698,-0.001316517360017616
1.3771196253133744,1.8678939866701145,-0.49077436135674013
0.2024206876767603,0.278175811467507,-0.07575512379074667
1.6275342991689383,2.463830036033797,-0.8362957368648587
0.681382660228758,0.6638734771633288,0.017509183065429257
0.5365073440514837,0.5178349157705424,0.01867242828094129
1.3270873241171597,0.8718150288741342,0.4552722952430255
1.2074655034203277,1.0248739855483364,0.18259151787199124
1.500728840033434,1.4165188436391836,0.08420999639425042
1.928306774688628,1.9078482388298312,0.020458535858796756
0.99546905451872,1.2865097881309235,-0.2910407336122035
1.4202711854578258,1.5040697588531378,-0.08379857339531194
1.8505435506108887,1.9673220482554261,-0.1167784976445374
1.1417051480213811,1.1534916374283195,-0.011786489406938383
1.234332944100648,1.687419866131934,-0.45308692203128587
2.3267206765434896,1.9224408220149665,0.4042798545285231
2.2174244873569497,2.2817567260745193,-0.06433223871756955
1.198509689860221,1.1593406803883026,0.03916900947191837
0.7009127533675842,0.589450608487255,0.11146214488032924
2.4128339214328607,2.1666243834917926,0.24620953794106804
0.3726444372874107,0.5254985936456743,-0.1528541563582636
0.8265744362491456,0.7871471438946456,0.03942729235450004
1.571159238654253,1.5503055020889005,0.0208537365653525
0.9311870187449368,0.9385526476672552,-0.007365628922318401
0.3058623687530323,0.4374212066464193,-0.13155883789338702
2.042847156646051,1.9078482388298312,0.13499891781621964
1.4230695945334273,1.129279899972224,0.2937896945612033
1.6523537925064915,1.4091107643633576,0.24324302814313392
2.070641371496197,2.1927266773304104,-0.12208530583421329
1.1413886881782682,1.1200868592274809,0.02130182895078736
1.354809206373886,1.0228603347963587,0.33194887157752717
1.7790869180359032,1.7320668980004785,0.047020020035424714
0.9047490591356032,0.8570220246593122,0.04772703447629101
1.1102490396159184,1.0385711567674556,0.07167788284846277
0.1691517165280815,0.12092579944666587,0.04822591708141563
0.8803726095784087,0.9610021079886374,-0.0806294984102287
1.4735449395100004,1.3312635441238616,0.14228139538613882
1.4438881313915484,1.2877737274246934,0.15611440396685494
1.1123467162179357,1.204402680099241,-0.09205596388130521
0.1830036157658071,0.03335421611512891,0.1496493996506782
1.0686571745933595,1.0672304912450927,0.0014266833482667884
0.6377292854072278,0.6350667338817068,0.002662551525521084
1.768263991401428,1.7085209833262083,0.059743008075219706
1.775321045902855,1.9046199032345927,-0.12929885733173774
1.3252608986645722,1.5084453215561777,-0.18318442289160553
2.195037214245802,2.2486148702617292,-0.05357765601592712
0.6401524634898282,0.6446338518173891,-0.004481388327560842
0.7936942585496723,0.7792078747695971,0.014486383780075274
1.2500926442876907,1.3969599079784119,-0.14686726369072112
1.0480646804441525,1.0721728842907927,-0.024108203846640253
0.2390034455406591,0.18653599217071815,0.052467453369940964
0.705180440430879,1.4423328231033135,-0.7371523826724344
1.2354089075672332,1.3936874727960127,-0.15827856522877948
2.251131982226756,2.1773406354535867,0.07379134677316923
1.8982656949523768,1.8250301503572477,0.07323554459512915
0.3050666983265143,0.2949971836995128,0.010069514627001508
0.916638907599194,0.9112890608303748,0.005349846768819222
1.2314848055126284,1.1437261946223338,0.08775861089029457
0.8386315562717627,0.854324268070755,-0.015692711798992343
1.396202153853107,1.4115749648389295,-0.015372810985822438
1.4663477386151242,1.6623100998308058,-0.19596236121568156
0.512628188352633,0.49129283875914836,0.021335349593484654
0.5934972409774565,0.458843817061949,0.1346534239155075
1.1535045793507732,1.9524836968350017,-0.7989791174842285
1.9196990669559464,1.782996603288527,0.13670246366741945
2.521754877854224,2.421590690488764,0.10016418736545996
1.3872779862773117,1.5476845386693978,-0.16040655239208612
1.580698242388168,1.4360828915332764,0.14461535085489152
0.7578755251279803,0.6828057508068305,0.07506977432114981
2.29510633821647,2.359400551646347,-0.06429421342987718
1.116035733926157,0.8937422015050338,0.22229353242112326
1.7675090085966907,1.6635714301373068,0.1039375784593839
1.972755820443012,1.8654871772310286,0.10726864321198337
0.4658735070685925,0.6532090871982151,-0.18733558012962265
1.662769842163654,1.482935825410191,0.1798340167534631
1.7296061610291855,1.9307277947110868,-0.20112163368190128
2.428747329963221,2.401594147187856,0.02715318277536527
0.8352725611160269,0.8857482041470325,-0.0504756430310056
1.9557980944303768,2.127550853155873,-0.1717527587254961
1.3212644630038748,1.1665705680769665,0.15469389492690833
1.9365889819533988,1.7226211149625426,0.21396786699085624
1.6421863899050844,1.6235847390935065,0.01860165081157783
1.626933025467023,1.6440697908769815,-0.017136765409958565
1.524241806376753,1.0859840351232395,0.4382577712535136
1.0133806816389337,1.0289928851787802,-0.015612203539846492
1.4437977142573493,1.309320785304175,0.1344769289531742
0.0240503576418932,0.11522937855248117,-0.09117902091058797
0.7406962764656623,0.8366664148002876,-0.09597013833462531
1.7462067403364303,1.52136832386486,0.2248384164715702
2.1461803360473453,2.3594241124014834,-0.21324377635413816
1.3226885322978847,1.3010083267890595,0.021680205508825212
1.3485161763146656,1.5810277886530797,-0.2325116123384141
1.3028012916941645,1.3776793461233805,-0.07487805442921602
0.3470925654919621,0.2949971836995128,0.052095381792449325
1.5877869428739062,1.5186066438590664,0.0691802990148398
0.8746582488742618,1.2782605854478648,-0.403602336573603
1.8587579443287987,1.7085209833262083,0.15023696100259043
1.0453431257933778,0.9596247177461495,0.0857184080472283
0.9276065016990216,0.9889126897772317,-0.06130618807821009
0.4891333055374209,0.5837251851130324,-0.09459187957561149
1.946751864495574,1.8280228146922668,0.11872904980330712
0.8716699638927926,0.8079073113373118,0.06376265255548086
0.8771175940130763,0.9117527605245378,-0.03463516651146148
0.9886199594512682,1.020624226253439,-0.03200426680217083
1.0525267642320504,1.2085800134632714,-0.156053249231221
0.7886896722097474,1.0283876111054389,-0.23969793889569146
1.1487667233415433,1.1243554192132073,0.02441130412833603
1.2137223666765016,1.3776793461233805,-0.16395697944687893
0.2852698746038253,0.28830032946558865,-0.003030454861763343
1.2759474134700486,1.0859840351232395,0.1899633783468091
1.1870312391926774,1.1069155505711736,0.08011568862150376
0.6095191506764596,0.5005998194136423,0.10891933126281728
0.3818534187220082,0.3403353360568732,0.04151808266513496
1.932126898165501,1.9304150220438965,0.0017118761216046163
1.5530758189031106,1.2723785394747635,0.2806972794283471
2.1978943959902986,2.4195839944747126,-0.22168959848441405
1.2662366171052046,1.2712617141080704,-0.005025097002865797
0.4986677884526012,0.4640000739013623,0.034667714551238904
0.3234032856989793,0.32566879417838346,-0.0022655084794041547
1.7985808443716833,1.6750904575950127,0.12349038677667057
2.400067027552357,0.9912634404998355,1.4088035870525213
1.337910250751635,1.3524834195054491,-0.014573168753814203
0.2706810758363016,0.2668238049154662,0.003857270920835376
0.9601204900429632,0.9797676255270085,-0.019647135484045286
0.9384565532459056,0.8570220246593122,0.08143452858659339
0.3872648820392458,0.37415961968946804,0.013105262349777769
0.1051364110849933,0.16901960540288644,-0.06388319431789313
1.1617506185466584,1.1720053257763512,-0.010254707229692794
0.3920117796859454,0.5342666940505106,-0.14225491436456522
2.320210644400153,2.032967627171175,0.28724301722897794
1.9008561440876677,1.5980360911717923,0.3028200529158753
1.1200864199180076,1.0072609506689605,0.11282546924904713
0.6643571206692618,1.1046020921505046,-0.44024497148124286
1.752138101858853,1.6863228493934728,0.06581525246538034
1.7554473677553388,1.80587197128605,-0.05042460353071121
1.7224089601343089,1.8785062971066337,-0.15609733697232486
2.087761849008628,1.8680775110648855,0.2196843379437423
2.252180821287268,2.1297388408278275,0.12244198045944055
2.2505171463218043,2.4863155106034975,-0.2357983642816932
1.6290985148563977,1.8139453521624174,-0.1848468373060197
1.6511241199370843,1.6568544930935254,-0.005730373156441093
1.7598054719528329,1.7287039125874566,0.031101559365376286
1.364492877573153,1.4202198046281764,-0.055726927055023356
1.603528559532842,1.3577390827712876,0.24578947676155427
1.0924639964329503,0.9557824596642709,0.13668153676867945
2.181836319741417,2.09413749591496,0.08769882382645688
1.7682323454171165,1.9780530599512214,-0.2098207145341049
1.7555377848895382,1.4011570296850442,0.35438075520449397
1.966747605002097,2.2643753340008588,-0.29762772899876166
2.31933661269362,2.1773406354535867,0.14199597724003343
0.9295233440326406,1.0241733406380569,-0.09464999660541629
1.3382583565790596,1.2987246233477483,0.03953373323131126
0.520589413942884,0.695622744168399,-0.17503333022551493
1.2821816723793809,1.221622085804976,0.060559586574404856
1.3129641734768365,1.6087897927948662,-0.29582561931802975
1.487817278434411,1.4165188436391836,0.07129843479522746
2.1713479341996518,2.141596596443529,0.02975133775612271
0.8292688657343433,0.7320418361756883,0.09722702955865503
1.767219673919154,1.7645058468385721,0.0027138270805817655
1.578894421282422,1.4994580751391602,0.0794363461432619
0.7870380530984665,0.9452331165435947,-0.15819506344512813
0.6870608538766905,0.8738688703285704,-0.18680801645187994
0.3428655660504481,0.578662692623573,-0.23579712657312485
2.2830673019751275,2.200215056509441,0.08285224546568637
1.231697285765338,1.1771691512608347,0.054528134504503445
1.5122434575040238,1.1447075301773693,0.3675359273266545
1.102748941334133,1.1353515714052864,-0.03260263007115349
0.2946687319442907,0.30181738367387095,-0.007148651729580235
0.1263663457391618,0.08842958007769748,0.037936765661464325
1.578501107014482,1.5185883841988546,0.05991272281562754
0.4720128280249906,0.4146630724075412,0.05734975561744943
2.5710909673955893,2.4691774638295603,0.10191350356602902
0.2370097485290452,0.39544639423528644,-0.15843664570624125
1.5214886057416672,1.6635714301373068,-0.14208282439563957
2.135135887522691,2.1117111420263366,0.023424745496354316
0.9450570015107695,0.9892692859379827,-0.044212284427213144
0.2581944744895302,0.1981684110890459,0.0600260634004843
1.8467460324935292,1.648888507718143,0.1978575247753862
1.8579487109397408,1.683554699100039,0.17439401183970182
0.3849230792002072,0.31987071860600086,0.06505236059420633
1.4598377074844593,1.5503055020889005,-0.09046779460444121
1.2545230820912772,1.664455609135249,-0.40993252704397176
2.227542161711778,2.1212427729348957,0.10629938877688216
1.821017847248417,1.6966284282394937,0.12438941900892342
0.329877150026598,0.3342337954829766,-0.004356645456378594
1.8539839222760264,1.6472778413028577,0.20670608097316867
0.5956220427450505,0.7887849279133012,-0.19316288516825075
1.4999828988661663,1.3697585659234779,0.13022433294268843
0.6226838801499734,0.551086126046453,0.07159775410352043
0.9208161775282896,1.2965189787184812,-0.3757028011901916
2.466437697278017,2.6251848927765664,-0.15874719549854932
0.9334112792841996,1.157599967731089,-0.22418868844688944
2.29273288939312,2.112608184437187,0.1801247049559329
1.068150838844378,0.7414490464858136,0.32670179235856434
0.1715025610045896,0.03335421611512891,0.1381483448894607
1.3908313781576502,1.1241034109162777,0.2667279672413725
0.8595179059172412,0.8570220246593122,0.002495881257928989
0.7588203838385854,0.7706412409915719,-0.01182085715298653
1.239943324961223,1.0859840351232395,0.15395928983798357
0.730592165832878,0.7000284409887366,0.030563724844141382
1.3055680547854545,1.2987246233477483,0.00684343143770616
2.374822572696713,2.108901213211681,0.26592135948503204
0.6797551525726757,0.6565387242803893,0.02321642829228643
0.3209801073632112,0.3663579575435088,-0.04537785018029761
2.1127621766145794,2.0601760180085744,0.05258615860600502
2.1405789968242392,2.1276064609226744,0.012972535901564886
1.2069908136556575,1.1895022488129088,0.017488564842748744
1.2233834335289273,1.2896218732131077,-0.06623843968418042
0.0762752733930593,0.10252882835416177,-0.026253554961102474
2.5037211883750032,2.204537592814527,0.29918359556047625
0.4305354913386618,0.32501534605629423,0.10552014528236758
0.3067574979512192,0.41006939352526106,-0.10331189557404186
0.9548989026315936,0.578662692623573,0.37623621000802066
1.2158200432785191,1.2148957394266007,0.0009243038519184399
1.9603867621555195,2.006671950010502,-0.04628518785498259
0.6363820705380451,0.7080214035742249,-0.07163933303617986
1.5433559809007973,1.5810277886530797,-0.037671807752282405
0.4493226572737662,0.5342666940505106,-0.08494403677674445
0.1144132053069481,0.1450655501235698,-0.030652344816621713
1.0836980587787115,0.9959182445000391,0.08777981427867243
1.2912957158610443,1.138129904919219,0.15316581094182524
1.6183886097029634,1.7112590749042378,-0.0928704652012744
1.7078698908792038,1.566929036420173,0.14094085445903093
2.2403904313421785,2.2407785368807374,-0.0003881055385588361
1.5376913497090687,1.530337323653621,0.00735402605544766
2.363755518812545,2.324673284030361,0.03908223478218398
0.8970500433104801,0.8738688703285704,0.023181172981909692
1.246073604280152,1.1609506625605177,0.0851229417196342
0.8552728232007881,0.9557824596642709,-0.10050963646348277
1.9720008383977785,1.522286714754137,0.4497141236436415
2.024004231246093,2.1875655783727175,-0.1635613471266244
0.9884436460016048,0.9557824596642709,0.03266118633733395
1.3801892857915734,1.6800746518564926,-0.2998853660649192
1.0179377033797654,1.0277736595282903,-0.009835956148524838
0.9682218620266638,1.0400774630948528,-0.071855601068189
0.434724816868773,0.3358222167528987,0.09890260011587432
0.3641211187618362,0.4638468749930624,-0.09972575623122615
0.5663811532413804,0.7299250654335646,-0.16354391219218423
0.3428339200661368,0.39590766445151515,-0.053073744385378374
1.7688110147721905,1.4091107643633576,0.3597002504088329
2.074312305676312,2.200617702030276,-0.12630539635396376
0.7240414470804325,0.6325431776906068,0.09149826938982575
0.9566846402092324,0.9557824596642709,0.000902180544961495
0.6814459521973806,0.5891117439331794,0.09233420826420113
1.5733292488623627,1.4091107643633576,0.1642184844990051
0.5442380058609181,0.6210528800399779,-0.07681487417905986
1.092165620117944,1.4038739596407663,-0.3117083395228224
1.5036719165743877,1.3685196249752658,0.1351522915991219
0.5539668857538689,0.6629403536830584,-0.1089734679291895
0.460077771120884,0.30181738367387095,0.15826038744701304
0.1494769559239031,0.03453167566333994,0.11494528026056314
1.8883424180816557,1.6623100998308058,0.2260323182508499
1.3084478393577856,1.441486692832311,-0.13303885347452526
2.1759908532686194,1.919585400394743,0.2564054528738764
0.2987510639204523,0.42736875985211076,-0.12861769593165845
0.9986020069655418,0.8636072242349825,0.13499478273055932
1.4412660355124427,1.4782251740917227,-0.036959138579280015
0.2956633199141462,0.24741421190200324,0.04824910801214294
1.7182633361895248,1.7021598636266844,0.016103472562840393
2.25644850759106,2.1133123452429747,0.14313616234808535
0.4829939845810226,0.5178349157705424,-0.03484093118951981
2.1500818327424374,2.037496680180749,0.11258515256168833
0.9337277391273128,0.7414490464858136,0.19227869264149922
0.0803621261879557,0.06692896925074668,0.01343315693720902
1.902917654646142,1.4307016841627063,0.47221597048343567
0.9314040198163812,0.974206892202544,-0.04280287238616276
0.2176876145710262,0.24407819957447519,-0.026390585003448985
0.5891210535050233,0.6383562712487384,-0.04923521774371509
0.9524305158553096,1.2367958665805314,-0.28436535072522184
1.5749567567716127,1.6087897927948662,-0.03383303602325349
0.0950096961053673,0.09076957696494471,0.004240119140422591
0.2470189212088954,0.1981684110890459,0.048850510119849505
0.7175494994778747,0.5438527780020787,0.17369672147579607
0.8509734901531818,0.9610021079886374,-0.11002861783545559
1.4041769418995629,1.3675960728389098,0.036580869060653054
0.0625454370206764,0.04190025453623789,0.020645182484438508
1.026667474230958,1.0228603347963587,0.003807139434599316
2.3728288756850997,2.064000857852233,0.30882801783286684
2.271125011305343,2.1514329777106647,0.11969203359467828
2.226430030682643,2.1276064609226744,0.09882356975996842
0.7448916299228648,0.5781328416058596,0.1667587883170052
0.5105305117506155,0.5178349157705424,-0.0073044040199269356
2.287479655997439,2.2550063003995935,0.032473355597845366
1.2800613914305217,1.502612149532462,-0.22255075810194036
1.95673391175668,2.07845368272736,-0.1217197709706801
1.1315151410731328,1.1200868592274809,0.011428281845651922
0.3649544630997573,0.5254985936456743,-0.16054413054591699
0.5349250448359172,0.42822097428507566,0.10670407055084152
2.3494334526542278,2.2890690074719227,0.060364445182305104
0.6904334117417985,0.48656110752330095,0.20387230421849756
0.608786772218564,0.6537592481990183,-0.044972475980454285
1.012309238991083,0.9966070563195666,0.015702182671516463
1.4957287745122438,1.3655645937274485,0.1301641807847953
0.2918658017967865,0.4640000739013623,-0.17213427210457577
0.6765724706134357,0.6350667338817068,0.04150573673172897
1.239206425684593,1.1584135876728605,0.08079283801173243
1.5044947121664825,2.463830036033797,-0.9593353238673146
1.1956931972565126,1.1967893583880318,-0.0010961611315192243
0.7730610767786844,0.7208979195613684,0.052163157217316014
2.007887384606828,2.212250348860613,-0.20436296425378497
0.3486251351951104,0.3325354376921409,0.016089697502969513
1.8404936898029225,1.7498650977084274,0.09062859209449514
0.3675177878289751,0.4780247553744654,-0.11050696754549033
0.5884067583220669,0.458843817061949,0.12956294126011791
1.6049028995676016,1.4091107643633576,0.195792135204244
1.680066633125748,1.7455762017913452,-0.0655095686655971
1.1919906170920869,1.5810277886530797,-0.3890371715609928
2.088552998616411,2.0601760180085744,0.028376980607836444
1.4482643188639817,1.378387164594873,0.06987715426910857
1.252710219348062,1.2018386850583558,0.050871534289706144
2.462924993019459,2.304139028271426,0.15878596474803341
0.281594419604976,0.48945544949297215,-0.20786102988799615
2.57272751795498,2.3804730149485134,0.1922545030064664
1.6376700557860338,1.45541230264812,0.1822577531379137
0.1249196720983101,0.12324394767098337,0.001675724427326733
2.4355512165901576,2.301896713470216,0.13365450311994165
1.1483824507110725,0.9390328625504596,0.2093495881606129
1.8867872432721615,1.7677350775419478,0.11905216573021371
1.2607392574725025,1.3004227568466737,-0.03968349937417126
0.5800205724795641,0.5886172662352531,-0.008596693755689055
1.1747119096581,1.2055131786943383,-0.030801269036238255
2.528025304326106,2.3904442322477535,0.13758107207835257
0.5133515251730589,0.48680771367510606,0.026543811497952874
1.1742281782559605,0.688211431915615,0.48601674634034553
2.150072792117639,2.0350454362418327,0.11502735587580615
1.5131476283396803,1.687419866131934,-0.17427223779225365
0.2138448880131508,0.11690475126469613,0.09694013674845467
1.0930019781662428,0.9589864592145889,0.13401551895165387
1.7098590668189149,1.709899367253711,-4.0300434796192164e-05
0.1610593861818503,0.2591383992216113,-0.09807901303976099
0.319542475612997,0.23086870241423757,0.08867377319875941
1.9782034513227995,1.9791914771552992,-0.0009880258324996838
2.426432651530256,2.310259986673883,0.11617266485637323
1.4397470282654987,1.52136832386486,-0.08162129559936138
1.0935037930964897,0.9959182445000391,0.09758554859645063
1.238162108202319,1.2896218732131077,-0.05145976501078864
1.022725288648246,0.9404572329276943,0.08226805572055174
2.209323115373249,2.200215056509441,0.009108058863807944
1.0232677912002732,0.8625998060214484,0.16066798517882486
1.5886730304346235,1.482935825410191,0.10573720502443251
1.1408461856262406,1.034198836920243,0.10664734870599757
2.483842988649249,2.1310779528752737,0.3527650357739751
1.1155339189959106,1.2055131786943383,-0.08997925969842768
0.1950155273479087,0.14597238118103067,0.04904314616687802
1.0946249650035902,1.2865097881309235,-0.19188482312733335
1.7373096979262113,1.782996603288527,-0.04568690536231568
0.4332781432279214,0.34067063772703626,0.09260750550088515
0.3325806211492654,0.336548688884514,-0.003968067735248604
2.43156382256693,2.3265720506295584,0.10499177193737141
1.80516320910844,1.7904420795430647,0.014721129565375302
1.9483432043359388,1.9673220482554261,-0.018978843919487343
1.463960727082402,1.4867547340322396,-0.022794006949837575
2.597248634218023,2.502287225602809,0.09496140861521418
1.0401577051850546,0.9549170245959888,0.08524068058906575
0.3942586445720499,0.5570799919494533,-0.16282134737740345
2.4137471333996503,2.3904442322477535,0.023302901151896815
0.3700811125581929,0.3245940854614644,0.04548702709672853
1.265332446269548,1.2014049046303292,0.06392754163921888
1.04895076800487,1.2233608321057396,-0.17441006410086968
0.2820284217478652,0.4924130597640813,-0.2103846380162161
1.8088115389417128,1.730713963833379,0.0780975751083337
0.976033899332828,1.0185474164705184,-0.04251351713769036
2.3630683503141725,2.2868257898163145,0.07624256049785805
1.612502456621056,1.683554699100039,-0.07105224247898301
1.310794163015559,1.5280821837869123,-0.21728802077135323
1.0675902527642438,0.7805158510036011,0.2870744017606427
1.080122062551531,1.1239426819373672,-0.043820619385836146
1.1936859377886944,1.171145664891073,0.022540272897621394
1.0641091944899974,1.138129904919219,-0.07402071042922165
2.047765846417344,1.9744523197881965,0.07331352662914736
0.9122717617642304,1.0322753060922365,-0.12000354432800608
0.7759589448791225,0.7544941445177866,0.021464800361335912
0.7214555180043728,0.8372173748033718,-0.11576185679899897
0.0764802188634884,0.555765030786756,-0.4792848119232676
0.0800773123291537,0.06692896925074668,0.013148343078407024
0.9260151605928176,0.8685777547818043,0.05743740581101331
1.683855109605638,1.5737688415997175,0.11008626800592047
0.0914508790906462,0.40703681569718375,-0.31558593660653755
1.043846722893276,1.0886993579445945,-0.044852635051318535
1.990323863314039,1.574822465559192,0.41550139775484696
1.693547822442375,1.7645058468385721,-0.07095802439619714
1.0009121638202692,1.1239426819373672,-0.12303051811709809
1.5230935093040756,1.6682423249906937,-0.14514881568661808
1.1148377073410614,1.9772147585249353,-0.862377051183874
1.3122046698533647,1.3969599079784119,-0.08475523812504715
1.3933992237056028,1.2877737274246934,0.10562549628090934
2.258980186335966,2.2817567260745193,-0.022776539738553314
0.8794865220176913,0.9610021079886374,-0.0815155859709461
1.404827945113896,1.0248739855483364,0.37995395956555966
0.8020804443921751,0.8692132498967134,-0.06713280550453837
1.7334398462027594,1.7021598636266844,0.031279982576075005
0.2383388798701212,0.18653599217071815,0.051802887699403055
2.084945356404919,2.1042247827948524,-0.019279426389933185
1.5445404447765207,1.2489977144472781,0.2955427303292426
1.012557886046839,1.0324765714329343,-0.019918685386095314
1.2934340803380102,0.9623785076021093,0.3310555727359009
2.306910290364596,2.200215056509441,0.106695233855155
0.7499278622471012,0.6401121886046445,0.1098156736424567
0.4738799410993592,0.715461075717973,-0.2415811346186138
0.8994551381181412,0.9117527605245378,-0.012297622406396647
0.2682126890600178,0.1981684110890459,0.07004427797097187
0.815525466905756,0.8501071100736675,-0.03458164316791146
1.4577852393229576,1.6428595582461283,-0.18507431892317072
0.2995422135282356,0.4361192264721426,-0.13657701294390695
0.5645456861513232,0.715461075717973,-0.15091538956664985
0.151185839076715,0.16037504747872655,-0.00918920840201154
1.6429458935285566,1.5980360911717923,0.04490980235676423
1.4687347498946783,1.6719731365034307,-0.20323838660875237
1.0375582136527906,0.9549170245959888,0.08264118905680173
1.2492698486955964,1.1946018541296453,0.05466799456595117
0.1229666627084771,0.05953603900710129,0.06343062370137581
1.2632347694143629,1.5953516086557122,-0.3321168392413494
0.1402905788361475,0.12460918696286237,0.01568139187328514
1.2407570789158482,1.3989823357161422,-0.15822525680029398
1.423164532486361,1.3262520208543946,0.09691251163196646
1.1001223246362923,1.1895022488129088,-0.08937992417661644
1.830479996557505,1.7594181508992797,0.07106184565822526
0.3384486907030661,0.10252882835416177,0.23591986234890433
1.991558056702181,1.831302841768108,0.1602552149340728
1.2705766377745915,1.307935771580107,-0.037359133805515476
1.392562865657304,1.687419866131934,-0.29485700047463004
0.1628948532719076,0.1726537193401166,-0.009758866068208999
0.3636253317586813,0.30181738367387095,0.06180794808481033
1.7486299186721983,1.709899367253711,0.03873055141848725
2.33836639877006,2.4863155106034975,-0.14794911183343773
0.8804811099875469,0.8629420843129021,0.017539025674644826
1.8792645421625416,1.826784649165869,0.05247989299667255
1.0424000492524244,1.1584135876728605,-0.11601353842043616
0.130552657305727,0.16037504747872655,-0.029822390172999563
1.237560834500404,1.2453922426390203,-0.007831408138616158
1.1026901701842449,1.0072609506689605,0.09542921951528438
0.6313187130482321,0.9330771702932245,-0.3017584572449924
1.1705662857133157,1.0166573824315654,0.15390890328175022
1.1674016872821826,1.1004803792751028,0.06692130800707985
0.810425942612897,0.7279562802261437,0.08246966238675335
1.030247991276873,1.0072609506689605,0.022987040607912457
1.149164558681386,1.4474057597226255,-0.29824120104123963
0.3948689599114348,0.3815302743515936,0.01333868555984119
1.8605301194502333,1.8675492685512585,-0.0070191491010251905
0.5990398090506742,0.458843817061949,0.14019599198872523
0.2424257326650176,0.11522937855248117,0.12719635411253644
2.062413415575252,1.6677474629422477,0.3946659526330041
1.623989948926069,1.7888371279054107,-0.16484717897934176
1.188441746030483,1.1946018541296453,-0.0061601080991622315
1.9701020793390984,1.8785062971066337,0.09159578223246467
1.8873478303649676,2.0137844626462353,-0.12643663228126778
1.9778869914796864,2.177662261824225,-0.1997752703445388
0.6623317776733367,0.8275345372750951,-0.16520275960175834
1.1819588400653949,1.2085800134632714,-0.026621173397876507
1.430126649034854,1.3524834195054491,0.07764322952940494
0.6071683061999514,0.5886172662352531,0.018551039964698313
2.667629303326424,2.5857613291019987,0.08186797422442504
1.5233557188160358,1.2618558033807303,0.2614999154353055
0.5077818319342645,0.6451106505819734,-0.13732881864770885
1.4650095653834108,1.7320668980004785,-0.26705733261706777
0.2101287453925207,0.39572071217692223,-0.18559196678440154
2.170516097982759,2.359400551646347,-0.1888844536635883
2.3703604889088155,2.1455507385336783,0.22480975037513717
1.6098215895920622,1.1733242495313292,0.43649734006073304
1.2431621737235097,0.8937422015050338,0.34941997221847587
1.5074694346917474,1.4023285605739673,0.10514087411778017
0.7689154528339,0.6497640358007256,0.11915141703317433
0.2467356144584503,0.4638468749930624,-0.21711126053461208
2.467260492870112,2.3265720506295584,0.14068844224055344
1.8319583171953395,1.648888507718143,0.18306980947719653
0.8937272149577904,0.7928142537606753,0.10091296119711513
0.5296401654559248,0.5331364617976913,-0.003496296341766403
0.5426104982048359,0.7497495589723009,-0.20713906076746502
0.384018908111383,0.4010804194649976,-0.01706151135361461
1.6616486702565532,1.6623100998308058,-0.0006614295742526366
1.61807214985985,1.6937539250703852,-0.07568177521053521
1.2066336661907635,1.1292681681262045,0.07736549806455906
0.8142234607302568,0.9610021079886374,-0.14677864725838063
1.4363292619598749,1.9224408220149665,-0.4861115600550916
0.1629581452405302,0.2954506010884747,-0.1324924558479445
2.007729154685271,1.9158034114804832,0.09192574320478797
0.6029322651209678,0.5178349157705424,0.08509734935042534
0.3255009623009968,0.38099353444991235,-0.055492572148915564
2.006051917516771,1.8680775110648855,0.1379744064518853
1.6129319379452105,1.6987060277286838,-0.08577408978347334
1.5138619235226365,1.5810277886530797,-0.0671658651304432
1.191949929470306,1.3764526574292317,-0.18450272795892575
1.225910591455099,1.3262520208543946,-0.10034142939929569
1.677200411009621,1.436217688197179,0.24098272281244193
0.7943316990546337,0.7318509180522637,0.06248078100237009
1.2002818649816556,1.460550203559412,-0.26026833857775644
0.3942541237533151,0.35152390005721007,0.04273022369610502
0.9134291007275452,0.5746631388066775,0.3387659619208677
0.0916461801308966,0.10252882835416177,-0.010882648223265165
0.7794671280657776,0.9914146027592494,-0.21194747469347186
1.562985532811292,1.730713963833379,-0.167728431022087
0.5893244918670953,0.4640000739013623,0.12532441796573307
0.6590722412892696,0.6083599429801013,0.050712298309168236
0.3180551143503644,0.37851716426135074,-0.06046204991098636
1.9826655351106963,2.112608184437187,-0.1299426493264908
2.402892560780864,1.9747997860496311,0.42809277473123286
2.027096497083806,1.7085209833262083,0.31857551375759763
0.93698727551138,1.1228512291401032,-0.1858639536287232
1.4845260960660325,1.522911597881529,-0.0383855018154966
1.9297534493421515,1.683554699100039,0.24619875024211257
0.7516683913842244,0.7624812551074441,-0.010812863723219768
1.1211036122347051,1.2014049046303292,-0.08030129239562411
0.8815118650136163,0.629757411569639,0.2517544534439773
1.4942097672653,1.2367958665805314,0.25741390068476866
1.018132100104368,1.0569336226927737,-0.038801522588405746
1.5359191745876344,1.6428595582461283,-0.1069403836584939
0.9358796660604836,0.9557824596642709,-0.019902793603787328
1.7778888914508075,1.6966284282394937,0.08126046321131386
1.462437199016723,1.5040697588531378,-0.04163255983641467
0.2200384593007021,0.3458532243481067,-0.12581476504740463
1.8566828715672876,1.5811528442268112,0.2755300273404764
1.4654435675262996,1.6937539250703852,-0.22831035754408568
1.9215797447650291,1.7673210243169941,0.154258720448035
1.063702317512685,1.1896647381398242,-0.12596242062713925
0.0812165677643618,0.1134918035850251,-0.0322752358206633
0.8617466872752386,0.9589864592145889,-0.0972397719393503
0.3448502214245924,0.3663579575435088,-0.021507736118916432
0.740244191047834,0.5746631388066775,0.1655810522411565
0.0178296611887653,0.1450655501235698,-0.1272358889348045
2.003710114677732,1.9139205066992178,0.08978960797851432
0.3272731374224314,0.3374910903348385,-0.010217952912407069
0.6088319806590797,0.7527016086846858,-0.1438696280256061
0.1582654979249837,0.12097632126077221,0.0372891766642115
1.0086021380079226,1.151510125088126,-0.14290798708020325
1.2989856900486976,1.3262520208543946,-0.02726633080569707
1.4324232434333768,1.45541230264812,-0.022989059214743257
2.200281407016685,2.4863155106034975,-0.28603410358681236
0.6210202056908449,0.42822097428507566,0.19279923140576927
0.6741673758057745,0.6877852079868475,-0.013617832181073042
0.5032248101934329,0.5288777039404542,-0.025652893747021288
1.461076421691336,1.5039340519367141,-0.04285763024537825
1.1672751033449371,1.0930388626757543,0.07423624066918277
1.284903227030155,1.2367845709585674,0.04811865607158761
0.736699840804965,0.7792078747695971,-0.0425080339646321
2.600743254695306,2.4884084152674473,0.11233483942785893
0.8067369249046755,0.949640392857257,-0.14290346795258146
0.7958507063015777,0.8718150288741342,-0.07596432257255648
0.1492554340337238,0.10628157837816313,0.04297385565556067
2.7467985129168984,2.7036426177485358,0.0431558951683626
0.983845936638992,0.9463311340152012,0.03751480262379081
0.4489429054620303,0.6446338518173891,-0.19569094635535877
1.2240796451837763,1.3655645937274485,-0.14148494854367222
0.5313806945930482,0.5178349157705424,0.013545778822505739
1.7761528831324191,1.7399592212710486,0.03619366186137052
1.1804850412589667,1.4320627703937336,-0.25157772913476695
2.340391741765985,2.3033976534762166,0.036994088289768357
0.6082171445009603,0.8998045935388099,-0.2915874490378496
1.4250949375293522,1.5699219068726142,-0.144826969343262
0.5515391865993661,0.44087333041257626,0.11066585618678981
1.5402004241071336,1.414322461654853,0.12587796245228056
0.2047760529720031,0.11762282908350029,0.08715322388850281
1.3841766798148014,1.5683782162101925,-0.18420153639539105
1.844720689497604,1.977923363205289,-0.13320267370768502
1.97214098453806,1.8654871772310286,0.10665380730703133
0.9774082391144197,1.7888371279054107,-0.8114288887909911
1.2029717736481187,1.1584135876728605,0.04455818597525818
0.9689497196658244,1.0443852413875399,-0.07543552172171542
1.3149669121259198,1.441486692832311,-0.12651978070639114
0.6089450021401207,0.6383562712487384,-0.029411269108617688
1.8144897338554848,1.730713963833379,0.08377577002210579
1.3472865037452588,1.4320627703937336,-0.08477626664847482
0.8991386782750278,0.8567043558197691,0.04243432245525869
0.8647078473442997,0.8825230825159258,-0.017815235171626087
1.0645703217984632,0.9404572329276943,0.12411308887076888
0.5318553843577181,0.4740103614012893,0.05784502295642874
0.2053547225802444,0.31926090811013047,-0.11390618552988607
0.6714774671393112,0.8421514523094332,-0.170673985170122
1.9423169051137492,1.8250301503572477,0.11728675475650152
1.319935331662799,1.3911917498589574,-0.07125641819615836
0.5038034798016743,0.6451106505819734,-0.14130717078029909
2.1217812821433086,2.0102874960283077,0.11149378611500094
1.0723371504109436,1.1243554192132073,-0.05201826880226368
1.563419534954181,1.6300516194367607,-0.06663208448257962
1.148694389735451,1.203801355974895,-0.05510696623944411
1.463635225601819,1.7473228385119464,-0.28368761291012734
1.0780967195556057,1.020624226253439,0.05747249330216664
0.6575487132235907,0.6043462637778526,0.05320244944573804
1.3490812832135348,1.2489977144472781,0.10008356876625668
1.07391944962651,1.034198836920243,0.03972061270626703
0.3353021758000399,0.3189185575623138,0.016383618237726105
1.867252630327272,1.9072741074557087,-0.04002147712843662
1.6345235408830074,1.6719731365034307,-0.03744959562042327
2.0253424057436464,2.07845368272736,-0.05311127698371365
1.5865301451389229,1.5811528442268112,0.005377300912111638
0.1629310200749537,0.11762282908350029,0.045308190991453404
1.5303630438050444,1.7287039125874566,-0.1983408687824122
0.4601139379239302,0.5171877346338106,-0.05707379670988044
1.7806692172514698,1.5953516086557122,0.18531760859575752
1.3377836668143896,1.4025640207832595,-0.06478035396886983
0.4831522145025793,0.6383562712487384,-0.1552040567461591
1.1007235983382075,1.1062589651147796,-0.0055353667765720704
0.190173691748275,0.3017780438693294,-0.11160435212105438
1.363828311902615,1.3994774319925058,-0.03564912008989074
1.7645930572213135,1.6696843849370762,0.09490867228423738
1.0409895424146187,1.0569394324982526,-0.0159498900836339
1.0403023726504068,1.0185474164705184,0.02175495617988843
0.3234032856989793,0.39590766445151515,-0.07250437875253585
2.39699284549592,2.324673284030361,0.07231956146555873
0.2349391970926044,0.3458532243481067,-0.11091402725550231
1.260630757063364,1.5186066438590664,-0.2579758867957025
0.2333116891833542,0.27520025846197815,-0.041888569278623944
1.7225536275996614,1.4298963056703007,0.29265732192936067
0.9622471001886844,0.9452331165435947,0.01701398364508977
0.2230403069915437,0.19581698811170367,0.02722331887984003
1.878233786883304,1.7560461016057243,0.12218768527757962
2.230042194472373,2.1609938786215808,0.06904831585079219
0.1730848602201561,0.12097632126077221,0.05210853895938389
0.5016334693403968,0.6210528800399779,-0.11941941069958117
2.4308359649277693,2.304139028271426,0.12669693665634352
0.6264768774485984,0.6736176337439189,-0.04714075629532055
0.1773254221178746,0.11762282908350029,0.05970259303437432
1.3313911779835008,1.3004227568466737,0.030968421136827073
1.826176142691164,1.7594181508992797,0.06675799179188435
1.3452973275523794,1.3049552574823962,0.04034207006998325
0.3218526324677241,0.2798812268970402,0.041971405570683906
0.5557164565284617,0.39544639423528644,0.16027006229317525
2.3708562751524664,2.1514329777106647,0.21942329744180178
0.9686965517913338,1.199248378037349,-0.23055182624601522
2.529065100230141,2.2939235317379043,0.23514156849223689
2.3207079395243366,2.3457021208196847,-0.024994181295348028
1.323574619858602,1.151510125088126,0.17206449477047614
1.204933824675421,1.0283876111054389,0.17654621356998224
1.8292096356068133,1.771597815986972,0.05761181961984119
0.8510413029405393,0.8179931201647316,0.03304818277580768
2.1968455569297864,2.3081181396194332,-0.11127258268964679
1.421044251537502,1.309320785304175,0.11172346623332685
2.3320372019077933,2.345892734330693,-0.013855532422899497
1.9973492718311547,1.7493285454280507,0.24802072640310402
1.7053382121342973,1.6235847390935065,0.08175347304079073
0.7231553595197152,0.5206057502489562,0.20254960927075905
1.6102917585379972,1.571434597600918,0.03885716093707914
1.6352468777034332,1.7112590749042378,-0.07601219720080454
0.1318184966781802,0.03453167566333994,0.09728682101484026
1.1502857305884873,1.2270709210845339,-0.0767851904960466
2.045306500265858,1.9288227174057087,0.11648378286014949
2.043208824676512,1.9420256292438345,0.1011831954326774
1.375532805279073,1.034198836920243,0.3413339683588299
1.2454768513969714,1.2967547008628886,-0.05127784946591718
1.2099971821652342,1.248502198451712,-0.03850501628647773
1.761966440523473,1.5888454615163026,0.17312097900717038
2.11235981944333,2.09413749591496,0.018222323528370055
1.9572040799431116,1.7399592212710486,0.217244858672063
1.6948859954209206,1.5698982292197061,0.12498776620121443
1.8176000809427928,2.2866494548745777,-0.4690493739317849
1.0012060193165406,1.1228512291401032,-0.12164520982356253
1.855417032194834,1.8280228146922668,0.02739421750256721
1.2495546625543985,1.428413973036038,-0.1788593104816394
0.3453023068424206,0.28830032946558865,0.057001977376831936
1.328335079961506,1.5737688415997175,-0.24543376163821162
1.0730966540344156,1.1353515714052864,-0.062254917370870855
0.147356674975044,0.1305087983765395,0.016847876598504508
1.5366786782111064,2.089287096468561,-0.5526084182574544
1.0667403320065727,1.0289928851787802,0.03774744682779252
1.326779905911516,1.1720053257763512,0.15477458013516476
1.5685145384283057,1.3994774319925058,0.16903710643579983
2.5047293382947275,2.296193848256189,0.20853549003853855
0.2696367583540277,0.23086870241423757,0.0387680559397901
2.4130825677291123,2.250499092543144,0.1625834751859685
1.391193046694447,1.8909844307681993,-0.49979138407375223
1.2768967929993886,1.1004803792751028,0.17641641372428585
0.8176593103108196,0.809794218127669,0.007865092183150568
1.1021115008291715,1.204402680099241,-0.10229117927006937
0.5501332008334632,0.4175257348633669,0.13260746597009626
1.726617876047716,1.6937539250703852,0.03286395097733075
2.1433954894279483,1.919585400394743,0.22381008903320532
1.4373057666547917,1.6815123288314955,-0.24420656217670378
2.527952969201006,2.502287225602809,0.025665743598197288
0.9648357417053516,1.0185474164705184,-0.053711674765166806
1.903867034175482,2.07845368272736,-0.1745866485518781
1.7778843706320726,1.6428595582461283,0.13502481238594433
1.6285153246825894,1.4307016841627063,0.19781364051988315
1.7036383706189548,1.8044309593831844,-0.10079258876422958
0.388322761977724,0.6070618735055825,-0.21873911152785852
0.7265098338567161,0.6978269949521664,0.0286828389045497
1.4389694411139198,1.9374428175772413,-0.49847337646332157
0.6909081015064685,0.7727098171933667,-0.0818017156868982
1.6740222501222837,1.414322461654853,0.2596997884674306
1.1348379694258226,1.157599967731089,-0.022761998305266484
0.9742978910144394,0.7299250654335646,0.2443728255808748
1.0048679118591854,0.9557824596642709,0.04908545219491456
0.1886546845013312,0.16037504747872655,0.028279637022604637
1.9403141674773376,1.8015379994173608,0.13877616805997683
1.762251254382275,1.7904420795430647,-0.028190825160789634
2.0698276165289013,2.2777490671383167,-0.20792145060941536
0.7717002994532971,1.5309939219490865,-0.7592936224957894
1.40627461850158,1.1046020921505046,0.30167252635107533
2.2300828810814823,2.3024237877178266,-0.0723409066363443
0.9039533887090848,0.916723984123019,-0.012770595413934216
0.155204879084254,0.12038188083416383,0.03482299825009018
0.9372087974015592,1.0346805814720965,-0.09747178407053736
0.2854281045253819,0.41052266054775943,-0.1250945560223775
0.8376188847738001,0.809794218127669,0.027824666646131035
1.5259190435452537,1.0672304912450927,0.4586885523001609
1.9024836514905812,1.8359912300251426,0.06649242146543854
0.4388478364667156,0.5746631388066775,-0.13581530233996192
1.1979897916550355,1.2018386850583558,-0.003848893403320286
1.69842130402632,2.089287096468561,-0.39086579244224073
0.1491152876402741,0.11297837614980467,0.03613691149046942
1.0512925708439085,1.179530802310249,-0.1282382314663406
1.2251872546346732,0.8718150288741342,0.35337222576053895
0.8868103068498132,1.157599967731089,-0.2707896608812759
1.9672855867353904,1.8785062971066337,0.0887792896287567
0.2246361686633147,0.2668313018709508,-0.04219513320763607
0.0844489789828523,0.030556910661549065,0.05389206832130323
1.2058832042047611,1.0528189164546036,0.15306428775015757
2.4104243050469605,2.108901213211681,0.30152309183527937
2.633053804677176,2.425096293877946,0.20795751079922997
0.8453721509300762,0.7805158510036011,0.06485629992647512
2.585458244272933,2.425096293877946,0.16036195039498713
2.0661159957396773,1.9158034114804832,0.15031258425919414
0.3766770397511541,0.5837251851130324,-0.20704814536187832
0.5486277560427236,0.48945544949297215,0.059172306549751474
1.9939857568693555,1.9341117191897692,0.05987403767958632
0.2271271597864403,0.18653599217071815,0.04059116761572215
0.3970118452071357,0.715461075717973,-0.3184492305108373
1.392562865657304,1.4103575666834849,-0.01779470102618097
0.1104891032523431,0.1960946103626763,-0.08560550711033321
0.0985178795451903,0.22441120351981908,-0.12589332397462877
1.435917864163828,1.596646645715038,-0.16072878155120995
2.2184597642144257,2.2550063003995935,-0.03654653618516779
0.2634748330507876,0.1772764283696754,0.08619840468111223
1.1027263369872913,1.1046020921505046,-0.0018757551632133662
1.365406090299447,1.3524834195054491,0.012922670793997781
0.3357723447459751,0.39590766445151515,-0.060135319705540036
2.289789812852166,2.2286341222864374,0.06115569056572845
0.6708219431062429,0.7624812551074441,-0.09165931200120125
0.7898470109198942,0.6866034444185527,0.10324356650134148
0.2952067136775833,0.39544639423528644,-0.10023968055770316
1.600097230771014,1.50307242064877,0.09702481012224395
1.3794297821681016,1.1665705680769665,0.21285921409113517
1.670437212257634,1.7021598636266844,-0.03172265136905028
1.5167733540792792,1.6867024147161267,-0.16992906063684754
1.537912871599248,1.9224408220149665,-0.3845279504157184
1.9657032875198237,1.8044309593831844,0.16127232813663928
0.3982324761390734,0.4169871314933424,-0.018754655354268956
2.165642616398814,2.018756593142384,0.14688602325642997
0.1070532534186123,0.16901960540288644,-0.06196635198427414
0.4070119762495165,0.5140208016477872,-0.10700882539827067
0.5579814049426732,0.7080214035742249,-0.1500399986315517
2.313013443758445,2.4706600024010874,-0.15764655864264254
0.3841274087736891,0.36787525043691205,0.016252158336777067
1.1635092312118889,1.199248378037349,-0.0357391468254602
2.3287460195394147,1.730713963833379,0.5980320557060357
0.9763594008134108,0.8457797165049707,0.13057968430844002
1.032598835753381,1.0400774630948528,-0.007478627341471755
0.9673900247970998,0.9009511904283589,0.06643883436874087
1.1597252755507332,1.0886993579445945,0.07102591760613874
2.110985479914907,2.1666243834917926,-0.055638903576885834
1.5371533679757765,1.7645058468385721,-0.22735247886279564
1.6527245026807578,1.730713963833379,-0.07798946115262129
1.9224115809819224,1.8173290674743183,0.10508251350760411
1.517053647119346,1.664677420489359,-0.14762377337001298
1.0958184707699512,1.1200868592274809,-0.024268388457529655
1.7460485104148735,1.4298963056703007,0.31615220474457284
0.5893018875202536,0.5570799919494533,0.03222189557080024
2.4725453722501034,2.4570570417661495,0.015488330483953927
0.7052527740369713,0.7305547168811326,-0.025301942844161318
1.0710396650541791,1.0277736595282903,0.043266005525888884
1.6039625616757311,1.6087897927948662,-0.004827231119135078
2.3161237933774323,2.17704656710487,0.13907722627256236
0.9264491627357068,0.9010736310185271,0.025375531717179656
2.2564665913723343,2.119937807532253,0.1365287838400815
2.070894539370689,1.9747997860496311,0.09609475332105788
0.5217919613467147,0.6736176337439189,-0.15182567239720424
2.4586934717465385,2.3081181396194332,0.15057533212710528
0.8409733591108013,1.2097769909922955,-0.36880363188149423
1.0252479257556826,1.0185474164705184,0.006700509285164191
0.2099840779271683,0.23498865244126943,-0.025004574514101124
0.1407426642539757,0.1305087983765395,0.010233865877436188
0.557077233853849,0.6451106505819734,-0.08803341672812437
0.7522063731175173,0.7000284409887366,0.052177932128780635
0.8904993245580346,1.5190759179269948,-0.6285765933689602
1.6355723791840162,1.503965848432876,0.13160653075114026
1.8364791713736213,2.212250348860613,-0.3757711774869916
0.9768612157436574,0.9117527605245378,0.06510845521911957
1.0766093582929732,1.1243554192132073,-0.047746060920234035
1.7406054011133243,1.8621375535611457,-0.12153215244782145
0.0895774368194153,0.40703681569718375,-0.31745937887776843
2.232795395107459,2.212250348860613,0.020545046246846166
0.1839710788232541,0.23786003453638904,-0.05388895571313493
0.7893406751709131,0.8718150288741342,-0.08247435370322109
1.884468045792636,1.9046199032345927,-0.0201518574419568
0.971956088175401,0.9660549477474433,0.005901140427957752
1.4919538607417258,1.859536771461713,-0.3675829107199873
1.8672933169363812,1.8675492685512585,-0.0002559516148772367
1.640445860767961,1.6937539250703852,-0.053308064302424185
0.3159348334015052,0.16271626881151904,0.15321856458998614
2.1998202794550514,1.9220508099996778,0.2777694694553736
1.0768670469861987,1.0385711567674556,0.038295890218743134
2.005355705861921,1.8173290674743183,0.1880266383876028
1.854237090150517,1.7886525819756698,0.06558450817484718
1.538387561363918,1.3697585659234779,0.16862899544044008
1.413290985381226,1.1539429076409502,0.2593480777402759
2.2311317201419945,2.1773406354535867,0.053791084688407764
1.782337412782501,1.6472778413028577,0.1350595714796432
2.2090609068739604,2.177662261824225,0.03139864504973522
0.5669507809589842,0.4475740384959336,0.11937674246305063
0.2045093226413081,0.41052266054775943,-0.20601333790645132
1.6929691530873014,1.596646645715038,0.09632250737226355
0.1434732605422197,0.06156366233598713,0.08190959820623257
1.901367001414887,1.566929036420173,0.334437964994714
0.7833460216798671,0.7544941445177866,0.028851877162080486
1.8086442673826864,1.7886525819756698,0.01999168540701657
1.1187618093956664,1.4038739596407663,-0.28511215024509995
1.1470533193699963,1.151510125088126,-0.004456805718129564
1.931430686510652,1.431132841170514,0.5002978453401381
0.1423249634695423,0.1772764283696754,-0.034951464900133095
1.201678809110089,1.1733242495313292,0.028354559578759764
1.8363661496394128,2.1117111420263366,-0.2753449923869238
0.3842901595139806,0.42736875985211076,-0.04307860033813016
0.4940022663026311,0.4780247553744654,0.015977510928165684
0.2796052434120969,0.4924130597640813,-0.21280781635198437
1.0534761437613902,0.9877590937988759,0.06571704996251426
1.7007450233372516,1.5946642055670563,0.10608081777019529
0.7973335467454754,0.7279562802261437,0.06937726651933174
1.1936859377886944,1.571434597600918,-0.3777486598122237
0.9017472114447614,1.0346805814720965,-0.13293337002733507
2.118521745759242,2.0472356372052007,0.07128610855404105
1.9321042928059875,1.8044309593831844,0.12767333342280307
0.3301664847041347,0.3403353360568732,-0.01016885135273854
0.1814484417158172,0.16901960540288644,0.012428836312930763
2.128707231129252,2.1399663088269762,-0.011259077697724162
1.3463823329096023,1.3676502077607031,-0.02126787485110082
1.8534052514019452,1.9307277947110868,-0.07732254330914157
1.2969603470527724,1.3577390827712876,-0.06077873571851522
0.1856166700074433,0.09892398653222914,0.08669268347521417
1.5618643609041911,1.3936874727960127,0.16817688810817844
1.4569940897151743,1.596646645715038,-0.1396525559998636
0.904242723386622,1.3164214462676798,-0.4121787228810577
0.2342520270752246,0.24407819957447519,-0.00982617249925058
2.838879286638073,2.379750105844036,0.4591291807940374
1.318796076227591,1.297256313121801,0.02153976310579009
1.342801815863687,1.4126049796975897,-0.06980316383390273
0.5140070492061273,0.6043462637778526,-0.09033921457172533
0.3287198110632831,0.3245940854614644,0.004125725601818675
1.0542989393534847,1.0967126264274027,-0.042413687073918016
0.1659328677657953,0.08842958007769748,0.07750328768809782
1.1002489085735376,1.2896218732131077,-0.1893729646395701
0.6477429789058129,0.5781328416058596,0.06961013729995325
0.6300619153132483,0.6043462637778526,0.02571565153539568
0.2498761016875527,0.1772764283696754,0.07259967331787731
0.3004011759233763,0.3358222167528987,-0.03542104082952241
0.1965300137761178,0.31926090811013047,-0.12273089433401266
0.5609470855773009,0.688211431915615,-0.12726434633831407
1.1357828281364275,1.157599967731089,-0.021817139594661583
1.9458476931535824,1.9288859035065165,0.01696178964706596
0.7746750219785624,0.7978998194393644,-0.02322479746080197
2.177857966342988,2.0601760180085744,0.11768194833441337
2.508969900192446,2.108901213211681,0.4000686869807648
0.868148217996765,1.0569336226927737,-0.18878540469600869
0.5824301881059599,0.5781328416058596,0.004297346500100274
2.218400993824041,2.2643753340008588,-0.04597434017681756
1.893767443601929,1.8015379994173608,0.09222944418456813
0.3333084787884261,0.2668313018709508,0.06647717691747534
0.4834686743456926,0.6532090871982151,-0.16974041285252256
0.5735331456957412,0.5096520521280953,0.06388109356764593
1.6311600249085367,1.6474307114797027,-0.016270686571165927
0.7098956920932672,0.73502805050805,-0.025132358414782785
0.1634644809895114,0.12097632126077221,0.042488159728739205
1.7910491001055866,2.2700652528263534,-0.4790161527207668
1.6428419139381527,1.5683782162101925,0.07446369772796024
1.6754644029444006,1.664677420489359,0.010786982455041505
1.2220045726754332,1.1609506625605177,0.061053910114915455
0.1495854563330414,0.11762282908350029,0.03196262724954112
0.7641052632185776,0.5206057502489562,0.24349951296962147
2.342322146808976,2.115112931481488,0.22720921532748806
1.4175631932632555,1.3809968212010217,0.03656637206223379
1.4918091932763735,1.6800746518564926,-0.18826545858011912
2.032467273791934,2.2155909475083235,-0.1831236737163895
0.7995397240097992,0.6202555330174683,0.17928419099233095
2.1582193722886878,2.0524130960687152,0.10580627621997252
2.341341121295325,2.304139028271426,0.037202093023898986
2.436667866665852,2.304139028271426,0.13252883839442609
2.251963820975327,2.2643753340008588,-0.012411513025531562
2.167952773253541,2.177662261824225,-0.009709488570684321
1.0323095010758443,1.1241034109162777,-0.09179390984043345
0.4814162061841908,0.4301216289762569,0.0512945772079339
0.8145489622108397,1.3809968212010217,-0.566447858990182
1.8160494277115384,1.6696843849370762,0.14636504277446227
0.6133437939593959,0.7624812551074441,-0.14913746114804827
0.6183122134962749,0.7497495589723009,-0.13143734547602604
2.1219395120648654,2.0601760180085744,0.061763494056291
1.6820106006249431,1.8139453521624174,-0.13193475153747425
1.2575204089633842,1.4320627703937336,-0.1745423614303494
2.401441367080781,2.2286341222864374,0.17280724479434362
0.181412274912771,0.11522937855248117,0.06618289636028984
1.5477592935388071,1.5528593036582767,-0.005100010119469589
1.4307957355241268,1.2865097881309235,0.14428594739320322
1.0671020005433696,1.0185474164705184,0.04855458407285118
0.8005885623108078,1.0569336226927737,-0.2563450603819659
0.1541289156176687,0.12097632126077221,0.03315259435689649
0.5558113944813957,0.4686381090566964,0.08717328542469932
1.9781401593541763,1.9139205066992178,0.06421965265495855
1.0117350904547442,1.0228603347963587,-0.011125244341614549
1.3608852353616614,1.4099497549996654,-0.049064519638003956
2.201181056780438,2.0350454362418327,0.16613562053860553
0.5166065407383912,0.5772027582411778,-0.06059621750278665
0.5733161446242967,0.5746631388066775,-0.001346994182380823
1.7323141532237556,1.8678939866701145,-0.13557983344635893
2.10231900179184,1.9449264884905157,0.1573925133013243
2.2035725893850637,2.3265720506295584,-0.12299946124449468
0.4337844789769026,0.6196100051628308,-0.18582552618592824
1.3394021328330024,1.5953516086557122,-0.2559494758227099
0.0597831947481209,0.05953603900710129,0.00024715574101961263
2.491641462992873,2.316481215943133,0.17516024704973976
1.85674616353591,2.089287096468561,-0.23254093293265088
0.2927338060825647,0.42736875985211076,-0.13463495376954604
1.591489523038332,1.7498650977084274,-0.15837557467009544
0.8744864564965009,0.8785566825388337,-0.0040702260423327585
2.4867860651902025,2.3081181396194332,0.17866792557076927
1.2070541056242805,1.2097769909922955,-0.0027228853680150156
1.126704951457811,1.1733242495313292,-0.04661929807351828
2.300789053189473,2.379086494200976,-0.07829744101150338
0.6533759641132298,0.7208979195613684,-0.06752195544813855
1.3360024500554857,1.2896218732131077,0.04638057684237795
0.5641659343395872,0.48945544949297215,0.07471048484661502
0.8759240882467151,0.9273736518975564,-0.0514495636508413
1.670111710523883,1.5980360911717923,0.07207561935209061
1.901290147243228,1.8459748751335996,0.05531527210962839
0.264794922754394,0.23086870241423757,0.03392622034015641
1.3282627463554135,1.507449543163303,-0.17918679680788951
1.1260177814404309,0.9404572329276943,0.1855605485127365
2.2737362581815237,2.07845368272736,0.1952825754541636
0.672847286102168,0.5288777039404542,0.14396958216171385
1.2066743538125444,1.243814204145875,-0.03713985033333067
0.373892193131757,0.41006939352526106,-0.03617720039350408
0.0678122328725616,0.22441120351981908,-0.15659897064725747
1.0712611869443585,1.2148957394266007,-0.14363455248224222
0.0627353129265443,0.030556910661549065,0.032178402264995236
1.414484491147587,1.4023285605739673,0.012155930573619633
2.0648185103829126,1.9374428175772413,0.1273756928056713
1.1673067493292486,1.1239426819373672,0.04336406739188137
2.034167113788269,2.127550853155873,-0.0933837393676038
1.1138295566618337,1.010290497890982,0.10353905877085179
1.3000887786808597,1.3776793461233805,-0.0775905674425208
1.001820855727828,1.0425725251215703,-0.040751669393742196
1.0846429174893166,1.0930388626757543,-0.008395945186437714
0.4434997961604813,0.49129283875914836,-0.04779304259866707
1.3774858146689062,1.730713963833379,-0.35322814916447287
1.4676135779875774,1.4298473541405745,0.0377662238470029
1.7198772813894023,1.8139453521624174,-0.09406807077301504
0.9403733958326924,0.9450333896658891,-0.004659993833196707
1.7676627176995126,1.664677420489359,0.10298529721015348
2.152468846300502,2.07845368272736,0.07401516357314186
0.3763153714675252,0.5746631388066775,-0.19834776733915233
1.6002012103614176,1.431132841170514,0.16906836919090362
1.0186384358533491,0.854324268070755,0.1643141677825941
1.639695398781959,1.6104741966671077,0.02922120211485124
0.2783710500239552,0.2668313018709508,0.011539748153004403
1.969279283747004,1.9029649735971732,0.06631431014983069
0.8892651311698926,0.7887849279133012,0.10048020325659135
1.9552601126970843,2.1927266773304104,-0.23746656463332605
1.8384231386196488,1.8139453521624174,0.02447778645723142
1.3292754178533763,1.3676502077607031,-0.03837478990732679
1.5762361586002702,1.5399338678866434,0.036302290713626784
1.939156828260855,1.4994580751391602,0.4396987531216947
1.8943099469134603,1.7809981381955435,0.1133118087179168
1.8810005497214264,1.8015379994173608,0.07946255030406557
2.382309108775462,2.3457021208196847,0.03660698795577755
0.7097374621717106,1.61673148982345,-0.9069940276517393
2.102811775337785,2.02196343910081,0.08084833623697518
2.4054558855100816,2.2772197408028303,0.1282361447072513
1.0277796045005891,0.9610021079886374,0.06677749651195175
1.655699225206023,1.6794805646261657,-0.02378133942014271
1.743494227323125,1.771597815986972,-0.02810358866384699
2.151117109599913,2.0854123396616706,0.06570476993824226
0.8657250396609971,1.2367958665805314,-0.3710708269195343
0.369986174605259,0.39544639423528644,-0.025460219630027425
1.392309697782813,1.2367845709585674,0.15552512682424569
0.3479922155088838,0.336548688884514,0.011443526624369815
0.8395764149823677,0.7318509180522637,0.10772549693010403
2.1581832047261376,2.1249614066074582,0.03322179811867931
2.3248852094534325,2.2550063003995935,0.06987890905383898
1.709063396392397,1.7493285454280507,-0.04026514903565381
1.275603828461359,1.436217688197179,-0.1606138597358202
1.3344472760054955,1.3556445867490352,-0.0211973107435397
0.9608438268633892,0.854324268070755,0.1065195587926342
0.6461561588715115,0.6383562712487384,0.007799887622773061
0.8267326661707023,0.8053670128396143,0.021365653331087975
0.3271646370132929,0.32566879417838346,0.0014958428349094444
1.4521703376436477,1.507449543163303,-0.05527920551965537
0.5193190537516961,0.46461327643038486,0.05470577732131121
0.7276807352762356,0.5772027582411778,0.15047797703505772
2.1165913407162504,2.0854123396616706,0.031179001054579825
1.5794052778501382,1.8909844307681993,-0.31157915291806115
1.879228374599992,1.9137824165617425,-0.03455404196175049
1.2320227872459208,1.4684884276061694,-0.23646564036024853
0.5043098155506556,0.5288777039404542,-0.02456788838979862
2.420935293416561,2.310259986673883,0.110675306742678
0.2131803223426129,0.23086870241423757,-0.017688380071624682
0.4954489399434828,0.6565387242803893,-0.16108978433690646
1.333321583026492,1.0859840351232395,0.24733754790325246
1.0886574366781208,0.9596247177461495,0.1290327189319712
2.5054888419181998,2.421590690488764,0.08389815142943569
1.8758648596381924,1.8154032915122864,0.06046156812590597
1.3686385015179376,1.3556445867490352,0.012993914768902437
1.6129319379452105,1.7455762017913452,-0.1326442638461347
0.2715038714283962,0.6070618735055825,-0.3355580020771863
0.6912562073338933,0.73502805050805,-0.04377184317415672
0.9513229064044132,1.5280821837869123,-0.5767592773824991
2.5213344394333785,2.3787225027699352,0.1426119366634433
1.9262723910679047,1.831302841768108,0.09496954929979662
0.9384927203021196,1.1239426819373672,-0.18544996163524763
0.3458719345600245,0.4780247553744654,-0.1321528208144409
1.7866503082863112,1.4369417374484879,0.34970857083782336
1.0362155198555103,1.0322753060922365,0.003940213763273803
1.5214886057416672,1.522911597881529,-0.0014229921398618561
1.3249670431683005,1.4011570296850442,-0.07618998651674369
1.094552631397498,1.2148957394266007,-0.12034310802910264
1.126736597442122,0.9877590937988759,0.13897750364324601
0.8873347261269015,0.9610021079886374,-0.07366738186173594
0.5914764188002659,0.695622744168399,-0.10414632536813306
1.6005402745513726,1.511447492114879,0.08909278243649355
0.3120468981499463,0.4640000739013623,-0.15195317575141598
1.0532862678555222,0.9877590937988759,0.06552717405664621
1.6541621344309718,1.4310700609669216,0.22309207346405024
0.938601220711258,0.9009511904283589,0.03765003028289904
0.4920447360940633,0.6196100051628308,-0.12756526906876753
1.1093945980395126,1.092402465471036,0.016992132568476537
0.1627366233503509,0.4010804194649976,-0.2383437961146467
2.013552015798556,1.9638000014275472,0.049752014371008846
0.393214327089776,0.24607231981572314,0.14714200727405286
1.2327099572633005,1.5476845386693978,-0.31497458140609735
1.0482229103657092,0.9199321383547542,0.12829077201095507
0.1339071316427282,0.25087617639176774,-0.11696904474903955
0.8901738230774516,1.0640529140764177,-0.17387909099896603
1.0035568640462165,0.916723984123019,0.08683287992319744
0.5584380111792363,0.5331364617976913,0.025301549381545052
1.6421863899050844,1.6104741966671077,0.031712193237976694
2.339451402861443,2.4195839944747126,-0.0801325916132698
2.4096648014234887,2.2389655379018842,0.17069926352160447
0.8993602001652073,1.6682423249906937,-0.7688821248254863
1.074362493406869,1.221622085804976,-0.14725959239810704
1.0674275020239523,0.9596247177461495,0.10780278427780277
0.1438349290790165,0.12097632126077221,0.02285860781824428
2.1808643348525645,2.1249614066074582,0.05590292824510623
0.3348681736571509,0.32566879417838346,0.009199379478767422
2.5234321150227244,2.466826932352548,0.05660518267017656
1.99539626142865,1.8702839871584394,0.12511227427021065
1.296797596312481,1.378387164594873,-0.08158956828239217
2.518549592813981,2.379086494200976,0.139463098613005
0.1526596378831433,0.14172694941116024,0.01093268847198306
1.778675520239856,1.7594181508992797,0.019257369340576425
1.3534167830641872,1.3655645937274485,-0.012147810663261316
0.8067640500702522,0.792703002524219,0.014061047546033212
1.3119288976320322,1.4994580751391602,-0.18752917750712794
0.2338451500979121,0.48656110752330095,-0.2527159574253889
0.2444872424639889,0.39544639423528644,-0.15095915177129754
2.3274168881983397,2.2215936196532287,0.10582326854511104
2.073141404256793,2.17704656710487,-0.10390516284807694
1.4531965715978146,1.390100397311319,0.0630961742864955
0.597981929112196,0.6451106505819734,-0.04712872146977731
1.4274683863527022,1.2618558033807303,0.1656125829719719
0.5934068238432573,0.5096520521280953,0.08375477171516199
1.3420784790432612,1.1539429076409502,0.18813557140231096
2.4410440556572928,2.0815940791115914,0.3594499765457013
1.852971250778064,1.7682700049067834,0.08470124587128058
0.3117575634724095,0.48945544949297215,-0.17769788602056263
1.5210455619613088,1.6863228493934728,-0.16527728743216397
0.2206894622618679,0.31473499582181813,-0.09404553355995024
2.0341309462257198,1.9791914771552992,0.05493946907042058
0.0756604369817718,0.06112244135285617,0.014537995628915633
1.4662392379528175,1.297256313121801,0.16898292483101662
1.5918376288657563,1.6230604755042128,-0.031222846638456536
1.917886205225402,1.648888507718143,0.268997697507259
1.5806349504195452,1.7399592212710486,-0.15932427085150347
2.190358130145964,2.016992814660259,0.1733653154857051
1.4467091448139917,1.4474057597226255,-0.0006966149086338191
1.126261907677452,0.9892692859379827,0.13699262173946936
1.7926313993211531,1.52136832386486,0.271263075456293
0.1382426314933805,0.11762282908350029,0.02061980240988022
1.6540174672187875,1.3619708478334147,0.2920466193853728
1.8396980186169003,1.4310700609669216,0.4086279576499787
1.1191460820261372,1.138129904919219,-0.01898382289308187
1.813151559357932,1.7677350775419478,0.04541648181598412
1.0996476348716224,1.1299563731379079,-0.03030873826628544
1.2942071464176867,1.171145664891073,0.12306148152661378
0.8281567354647121,0.916723984123019,-0.0885672486583069
1.6298941855360836,1.2773046387524227,0.35258954678366083
2.446071245584556,2.2868257898163145,0.15924545576824167
0.1602049446054444,0.16217439225319313,-0.001969447647748729
1.8642191374116224,1.7266107730533715,0.13760836435825086
1.6863867883505446,1.7021598636266844,-0.015773075276139803
0.5057158013165584,0.4760088762276981,0.029706925088860248
0.9680048609552194,0.9889126897772317,-0.020907828822012253
0.0220611814490142,0.11509545756347604,-0.09303427611446184
0.1468503392260626,0.2954506010884747,-0.1486002618624121
1.920169237674056,1.596646645715038,0.3235225919590181
1.2203408982163049,1.3471875797599178,-0.1268466815436129
1.183351263375093,1.2107601826926602,-0.02740891931756706
1.646047199991067,1.7297913118519415,-0.08374411186087438
1.4381647290499322,1.569404402652395,-0.1312396736024628
0.4961722765107408,0.48680771367510606,0.009364562835634749
1.6128505624484804,1.6440697908769815,-0.03121922842850111
0.619957804680464,0.6383562712487384,-0.018398466568274374
1.3034522946553302,1.1400543480199317,0.16339794663539853
1.8177899568486613,1.6696843849370762,0.14810557191158513
2.3206762935400254,2.3024237877178266,0.018252505822198728
0.5920776925021815,0.4640000739013623,0.12807761860081918
1.6293516827308885,1.4023285605739673,0.22702312215692122
1.003412196580864,0.8204627185041509,0.18294947807671313
2.041472814585948,2.006671950010502,0.03480086457544607
1.0716092927717829,1.293871128144557,-0.2222618353727741
0.1758064148709306,0.12460918696286237,0.05119722790806823
1.6333888062665345,1.5737688415997175,0.05961996466681696
2.12823706294282,1.9072741074557087,0.2209629554871111
2.294726586404733,2.2215936196532287,0.07313296675150438
2.389831809885082,2.3081181396194332,0.08171367026564891
0.6381271204939029,0.49129283875914836,0.1468342817347545
0.4310719659635977,0.8860706502337395,-0.45499868427014184
1.0350220140891493,1.0425725251215703,-0.007550511032420992
0.5028360167442273,0.4924130597640813,0.010422956980146003
1.5878185888582177,1.7287039125874566,-0.1408853237292389
2.1854530025777072,2.0137844626462353,0.1716685399314719
2.1469353180925785,2.0729967893389545,0.07393852875362406
2.12466106671564,2.0524130960687152,0.07224797064692456
1.8753946889200823,1.8015379994173608,0.0738566895027215
0.7831923125770452,0.9889126897772317,-0.20572037720018643
1.5492104879983934,1.782996603288527,-0.2337861152901335
1.6191797593107466,1.7455762017913452,-0.12639644248059856
0.9753828961184944,1.0166573824315654,-0.04127448631307107
2.438114541319376,2.0856554752779948,0.35245906604138133
2.2831441561467862,2.141596596443529,0.14154755970325716
1.3405956385993634,1.4124405876419577,-0.07184494904259431
2.41064582693714,2.2939235317379043,0.11672229519923549
0.1121527779646393,0.10252882835416177,0.009623949610477522
0.2870917792376781,0.3922330091875452,-0.10514122994986713
1.3109795181026922,1.3676502077607031,-0.05667068965801092
0.319786601850018,0.31926090811013047,0.0005256937398875339
0.8514753050834284,0.8514250981666704,5.020691675794442e-05
2.004691140191383,2.115599012149205,-0.11090787195782204
1.8501321528148416,1.7809981381955435,0.06913401461929802
1.9476560358375663,1.9307277947110868,0.016928241126479504
0.0423146114082661,0.14143369594897187,-0.09911908454070577
1.8261716211129255,1.8072818822189323,0.018889738893993258
1.0025577550044582,0.9813618973935305,0.021195857610927682
1.2689852969215558,1.1967893583880318,0.07219593853352402
1.9591209227830664,1.9152876476264906,0.04383327515657576
1.348552343117712,1.5039340519367141,-0.15538170881900215
1.381676647054206,1.205958306134896,0.17571834091930993
0.6685027446140462,0.7000284409887366,-0.03152569637469038
2.0564956165090327,2.115599012149205,-0.05910339564017253
1.4940153705406969,1.5058050565173153,-0.011789685976618447
1.662218297974157,1.5737688415997175,0.08844945637443957
2.2806802909487414,2.112608184437187,0.16807210651155424
2.2076368375799507,2.3033976534762166,-0.09576081589626595
2.2090699474987585,2.1927266773304104,0.016343270168348134
0.7761307372568835,0.7828168507426626,-0.006686113485779077
1.1843322888887449,1.1771691512608347,0.00716313762791021
1.2379722322964513,1.8678939866701145,-0.6299217543736633
1.210575851520308,1.1720053257763512,0.03857052574395681
0.7068079480869612,0.7305547168811326,-0.02374676879417137
1.3577025534024214,1.4298963056703007,-0.07219375226787927
1.270251136294009,1.3675960728389098,-0.09734493654490084
1.9242560886967777,1.8894557581466778,0.0348003305500999
0.5632255964477169,0.6452158846130075,-0.08199028816529064
1.1337620059592377,1.3619708478334147,-0.228208841874177
2.2360142448824165,2.0137844626462353,0.22222978223618117
1.4572156116053534,1.662248801861859,-0.20503319025650568
2.077065506311398,1.9288227174057087,0.1482427889056892
2.3718794961557594,2.2389655379018842,0.1329139582538752
0.7715420695317404,0.783450182670207,-0.011908113138466625
0.5369684713599493,0.4638468749930624,0.07312159636688692
0.9700302039511446,0.9660549477474433,0.003975256203701316
1.1850917925122166,1.118941926520389,0.0661498659918276
1.3045011329563387,1.2713794355837673,0.033121697372571424
0.224667814647626,0.19581698811170367,0.02885082653592233
0.8844594623733051,0.8692132498967134,0.015246212476591636
0.8647485349660805,0.8588064926544863,0.005942042311594231
0.7055421087145081,0.37147550656989564,0.3340666021446124
0.9762509004042724,1.0346805814720965,-0.05842968106782409
2.482599754636309,2.4365269813887465,0.04607277324756254
1.9896819030030144,2.141596596443529,-0.15191469344051467
1.090972114351583,1.1935272697012211,-0.10255515534963822
1.505407924892776,1.4511703042754318,0.05423762061734427
1.774995544422272,1.7021598636266844,0.07283568079558767
2.006494961297129,1.831302841768108,0.17519211952902092
0.205173888311846,0.03335421611512891,0.17181967219671707
1.3546826224366404,1.4103575666834849,-0.05567494424684449
0.6346098954166104,0.551086126046453,0.08352376937015737
2.3526522998975063,2.018756593142384,0.3338957067551225
0.0891506681890363,0.2713733880916175,-0.18222271990258118
2.225815194777691,1.9449264884905157,0.28088870628717544
0.3096598868703921,0.336548688884514,-0.026888802014121915
1.9437500150325575,2.089287096468561,-0.1455370814360033
1.0327480240374685,0.9273736518975564,0.10537437213991208
1.4498420972608137,1.4103575666834849,0.039484530577328814
1.152053384891187,1.092402465471036,0.05965091942015088
0.9646413449807488,1.0289928851787802,-0.06435154019803135
1.166633142021241,0.7414490464858136,0.42518409553542746
1.332182327591284,1.3556445867490352,-0.02346225915775113
0.6931549663925731,0.5736482920744506,0.11950667431812256
2.518368757532912,2.345892734330693,0.17247602320221933
0.1050459939507941,0.08842958007769748,0.01661641387309662
0.7767003649744875,0.7706412409915719,0.006059123982915526
2.175832623347062,2.310259986673883,-0.1344273633268207
1.235639471094882,1.7673210243169941,-0.5316815532221122
0.2646321720141025,0.23086870241423757,0.033763469599864926
1.8016505048498823,1.782996603288527,0.01865390156135538
1.8505480721891276,1.7809981381955435,0.06954993399358411
0.9715130443950424,0.9914146027592494,-0.01990155836420704
1.895417556364357,2.089287096468561,-0.19386954010420387
0.7495481104353653,0.7871471438946456,-0.037599033459280284
0.7721975935648089,0.8692132498967134,-0.09701565633190457
2.433968917374591,2.2890690074719227,0.14489990990266843
0.2059695587383641,0.16901960540288644,0.03694995333547765
0.9804055659865264,1.0166573824315654,-0.03625181644503905
1.4426584588221412,1.2447610078536844,0.1978974509684568
0.6450847162236611,0.73502805050805,-0.08994333428438883
1.603704872982506,2.1792014199062675,-0.5754965469237614
1.650066239998606,1.482935825410191,0.16713041458841493
0.7628710698304358,0.5772027582411778,0.185668311589258
0.98667147088017,1.0569336226927737,-0.07026215181260365
1.1564205307261504,0.9623785076021093,0.19404202312404106
0.6480730012051305,0.8366664148002876,-0.18859341359515713
2.5089382542081347,2.6461932154748795,-0.13725496126674486
0.6884713607144961,0.6325431776906068,0.055928183023889355
0.4533416972813052,0.4301216289762569,0.023220068305048303
2.0380776536398377,2.032967627171175,0.005110026468662543
1.6296410176615932,1.7287039125874566,-0.0990628949258634
2.792404897887765,2.6461932154748795,0.1462116824128854
1.1388253634490504,1.2107904770841311,-0.07196511363508074
0.6424671411632901,0.42822097428507566,0.2142461668782144
1.8016866716529285,1.662248801861859,0.13943786979106942
1.295283109884272,1.4103575666834849,-0.1150744567992128
2.3157078740031465,2.1042247827948524,0.21148309120829412
1.834743163814737,1.7085209833262083,0.12622218048852862
1.92855090193832,2.112608184437187,-0.1840572824988671
0.2056078904547351,0.21485446287710028,-0.009246572422365179
2.219440789728077,2.031899694706459,0.18754109502161764
1.028258815083994,1.1299563731379079,-0.1016975580539139
1.6975035704812913,1.482935825410191,0.21456774507110032
1.275599307642624,1.221622085804976,0.05397722183764797
0.7474956422738636,0.7443461386967808,0.0031495035770827684
1.0148680429015662,0.7727098171933667,0.24215822570819945
1.2404134939071585,1.126931355075287,0.11348213883187142
1.2739220704741232,0.7414490464858136,0.5324730239883096
1.8261128507225413,2.0854123396616706,-0.25929948893912935
1.9821230317991656,1.8574292884394563,0.12469374335970929
0.2747634078124634,0.3458532243481067,-0.07108981653564334
0.1350825538809823,0.11509545756347604,0.019987096317506267
2.255146500656057,2.0856554752779948,0.16949102537806215
1.618320796915606,1.50307242064877,0.11524837626683593
0.8212262649005304,0.7591089735330795,0.06211729136745092
0.7796750874997526,1.0324765714329343,-0.2528014839331817
0.2509339816260309,0.20739046537441239,0.043543516251618536
2.028886755986515,1.9590634773721125,0.06982327861440263
1.3577748872616815,1.4202198046281764,-0.062444917366494934
1.4108858905735648,1.3675960728389098,0.04328981773465501
0.9758892318674756,0.9273736518975564,0.048515579969919176
1.70816826719421,1.6230604755042128,0.08510779168999716
1.3373089770497195,1.414322461654853,-0.07701348460513358
0.8629040262385536,0.8857482041470325,-0.022844177908478924
0.739104935612626,0.8294841746718694,-0.09037923905924339
0.7706559819710231,0.8838071906882193,-0.1131512087171962
1.0647737601605354,1.0886993579445945,-0.023925597784059116
0.4899244551452042,0.5331364617976913,-0.043212006652487034
1.8293090951379856,1.7916028739830223,0.03770622115496325
2.387386028468312,2.310259986673883,0.07712604179442906
0.8232516078964558,1.0443852413875399,-0.22113363349108406
1.24497051564799,1.4202198046281764,-0.17524928898018644
2.098869589501905,2.1875655783727175,-0.08869598887081231
1.4736082314786232,1.5040697588531378,-0.030461527374514574
1.043882889696322,0.9199321383547542,0.12395075134156774
1.6093875877023411,1.620640175877704,-0.011252588175362899
0.8354533953844252,0.974206892202544,-0.13875349681811877
1.3763917676742137,1.6682423249906937,-0.29185055731648
0.1391694066758787,0.38099353444991235,-0.24182412777403364
0.5642292263082098,0.4839343951861685,0.08029483112204133
2.4795255725798717,2.305859501157501,0.17366607142237056
0.5233742605622813,0.6325431776906068,-0.10916891712832544
1.8894364653295157,1.5186066438590664,0.3708298214704493
1.7065226760100207,1.9571589833888465,-0.2506363073788258
1.511845622164181,1.4573950465081726,0.054450575656008304
1.1761992709207325,1.248502198451712,-0.07230292753097944
1.8987403847170463,1.4935385573119966,0.40520182740504973
0.4827543791627364,0.5254985936456743,-0.042744214482937914
2.4094342389085117,2.3144009418956806,0.09503329701283114
0.2813050849274393,0.4374212066464193,-0.15611612171898004
0.8234821714241045,0.7536584342439101,0.06982373718019441
2.381766605463931,2.2772197408028303,0.10454686466110052
0.8633154240346009,0.8570220246593122,0.006293399375288722
0.9148350864934482,0.7591089735330795,0.15572611296036876
1.667073696029995,1.4684884276061694,0.19858526842382562
1.982231531955136,1.9046199032345927,0.07761162872054328
0.2619558258038438,0.34510007135387344,-0.08314424555002964
0.2924083046019818,0.41052266054775943,-0.11811435594577763
1.4641053945477545,1.502612149532462,-0.03850675498470757
1.014696250523805,0.9623785076021093,0.052317742921695776
0.6629737389970327,0.629757411569639,0.033216327427393666
1.1737941761130717,1.1967893583880318,-0.022995182274960113
1.5957165224798455,1.6155283631232797,-0.01981184064343422
0.985364943885936,0.9199321383547542,0.0654328055311818
1.5958973564950765,1.511447492114879,0.08444986438019741
2.1734094447581263,2.089287096468561,0.08412234828956544
1.5280393244941128,1.6474307114797027,-0.11939138698558982
0.2138900964536665,0.16901960540288644,0.04487049105078006
0.943302909917442,1.1228512291401032,-0.17954831922266112
0.4673292223469137,0.5342666940505106,-0.06693747170359693
0.8559238261619538,1.0640529140764177,-0.20812908791446383
0.8520178076354558,1.6410291964351664,-0.7890113887997107
2.186031670920109,1.9220508099996778,0.26398086092043127
1.1122020490057514,1.5888454615163026,-0.4766434125105512
0.1947216718516372,0.17213733306898796,0.022584338782649233
1.9933302318236157,1.8015379994173608,0.19179223240625487
1.796044644808042,1.7289344199166892,0.06711022489135288
0.1560909666449713,0.16217439225319313,-0.006083425608221837
1.602371220822695,1.436217688197179,0.1661535326255159
2.005229121924676,1.8621375535611457,0.14309156836353032
1.2001552810444105,1.1584135876728605,0.04174169337154998
1.9001644540110565,2.119937807532253,-0.2197733535211963
2.2052317427722894,2.0350454362418327,0.17018630653045674
1.0538558955731263,1.1534916374283195,-0.0996357418551932
1.818902087877796,1.9449264884905157,-0.1260244006127198
0.16926021693722,0.17213733306898796,-0.0028771161317679705
1.5007424024896383,1.4526660759453638,0.04807632654427452
0.7257819762175557,1.2447610078536844,-0.5189790316361287
1.4068984965503368,1.3969599079784119,0.009938588571924978
1.1352041587813544,1.204402680099241,-0.06919852131788651
0.4619946134545031,0.30181738367387095,0.16017722978063215
1.7597512216216795,1.7645058468385721,-0.004754625216892627
1.05476910829942,0.9596247177461495,0.0951443905532704
1.237917981965298,1.3741665446686786,-0.1362485627033807
0.316603919890778,0.2847568675805614,0.03184705231021662
0.472424225821038,0.5068715709005003,-0.03444734507946229
0.3467896681050532,0.42736875985211076,-0.08057909174705757
0.9810068396884418,0.9877590937988759,-0.006752254110434119
1.5920636715746708,1.5888454615163026,0.0032182100583681983
2.497355823950188,2.6251848927765664,-0.12782906882637857
2.398982020929295,2.379750105844036,0.01923191508525912
1.4255515437659154,1.3776793461233805,0.04787219764253492
1.536931846085597,1.3991714362629921,0.13776040982260485
2.470809364691219,2.400705265208884,0.07010409948233498
2.4258991913752017,2.250499092543144,0.17540009883205787
0.686084349434942,0.7527016086846858,-0.06661725924974382
1.1050590981888602,1.1200868592274809,-0.01502776103862069
0.8776962633681498,0.7928142537606753,0.0848820096074745
0.8094223127524038,1.0443852413875399,-0.23496292863513601
0.6187869032609449,0.5438527780020787,0.07493412525886622
1.1740835107906082,1.5624007360595134,-0.3883172252689051
0.3617898646686242,0.35152390005721007,0.010265964611414102
0.8945500105498848,0.7952911042870847,0.0992589062628001
0.5515708325836773,0.5068715709005003,0.04469926168317706
1.1102852064189643,1.0967126264274027,0.013572579991561584
0.8826511204488244,0.8825230825159258,0.00012803793289861698
0.7825548720720837,0.8406205721985938,-0.05806570012651002
0.9541393990081216,1.0528189164546036,-0.09867951744648196
0.3153019137152786,0.28830032946558865,0.02700158424968996
0.574256482516167,0.5891117439331794,-0.014855261417012433
1.1223287639853774,1.0248739855483364,0.09745477843704098
0.9294871772295946,0.9589864592145889,-0.029499281984994297
1.4669625747732435,1.5084453215561777,-0.04148274678293418
1.49278569797129,1.5058050565173153,-0.013019358546025428
0.7465191375789471,0.7208979195613684,0.025621218017578662
1.4931021578144033,1.483705502846211,0.009396654968192308
0.2225475336987669,0.24407819957447519,-0.021530665875708288
1.3300936926267362,1.416023422888407,-0.08592973026167083
1.757092958939528,1.6582885072105145,0.09880445172901364
1.7187063799698832,1.664677420489359,0.05402895948052411
2.340581617671853,2.115112931481488,0.2254686861903652
0.8571173319283147,0.8692132498967134,-0.012095917968398706
1.7416497185955984,1.6623100998308058,0.07933961876479256
0.3984042685168343,0.4668964420638647,-0.06849217354703041
1.739497791662428,1.9744523197881965,-0.23495452812576856
0.2234652672437955,0.4374212066464193,-0.2139559394026238
0.9442432475561444,1.0322753060922365,-0.08803205853609208
0.1621353496484356,0.12460918696286237,0.037526162685573225
2.4596338106510807,2.400705265208884,0.05892854544219661
2.1320662270444912,1.919585400394743,0.2124808266497482
0.8519861616511443,1.2447610078536844,-0.3927748462025401
1.329166917444238,1.3004227568466737,0.02874416059756424
0.9259789937897716,0.9105968614081325,0.015382132381639102
2.4343803151706385,2.310259986673883,0.12412032849675558
0.996988061765664,1.1299563731379079,-0.13296831137224385
2.035143617723682,2.379750105844036,-0.34460648812035366
0.5691207914202618,0.7527016086846858,-0.183580817264424
0.1189702270477798,0.03453167566333994,0.08443855138443987
0.0858594858206578,0.14597238118103067,-0.06011289536037287
2.115868004655328,2.204537592814527,-0.08866958815919901
0.2949038162906744,0.39590766445151515,-0.10100384816084074
0.8609148500456745,1.4038739596407663,-0.5429591095950919
1.8013656909910802,1.9091278654432202,-0.10776217445213998
0.3872648820392458,0.39169090610883006,-0.004426024069584256
1.2758569963358497,1.1069155505711736,0.16894144576467607
1.2977017671481377,1.502612149532462,-0.20491038238432435
1.4530383416762578,1.4165188436391836,0.036519498037074216
1.437450433866976,1.378387164594873,0.059063269272102925
0.508152542108531,0.6451106505819734,-0.13695810847344236
1.052490597429004,1.3414265239766747,-0.28893592654767075
0.8382201584757153,1.2367958665805314,-0.39857570810481613
0.0957691997288393,0.22441120351981908,-0.1286420037909798
1.3027289578349044,1.171145664891073,0.13158329294383142
0.5278905946813321,0.4175257348633669,0.11036485981796523
0.5376149535023803,0.5043867530568118,0.03322820044556851
1.803061011687688,1.7560461016057243,0.04701491008196368
1.3002831754054622,1.171145664891073,0.12913751051438926
1.3543028706249045,0.8738688703285704,0.4804340002963341
1.657154940484344,1.6235847390935065,0.03357020139083744
0.6589592198082286,0.6877852079868475,-0.028825988178618922
1.5492421339827047,1.6937539250703852,-0.14451179108768053
1.76476032878034,1.8154032915122864,-0.05064296273194646
2.145777978876096,2.1666243834917926,-0.020846404615696645
0.0940331914104509,0.2967062906272687,-0.2026730992168178
0.7012246923919626,0.5772027582411778,0.12402193415078477
1.8215241829973985,1.7836623844133457,0.03786179858405281
1.6857629103017877,1.7112590749042378,-0.025496164602450078
2.371820725765375,2.6461932154748795,-0.27437248970950456
1.3617894064504856,1.293871128144557,0.06791827830592867
1.7101122346934057,1.6814595015823661,0.028652733111039552
1.02587180380444,1.0569336226927737,-0.031061818888333592
2.125357278370489,2.031899694706459,0.0934575836640299
0.4608734415474021,0.6383562712487384,-0.17748282970133628
0.2718836232401322,0.4010804194649976,-0.1291967962248654
1.090284944334203,1.179530802310249,-0.089245857976046
1.9550340692286663,1.5699219068726142,0.38511216235605206
1.4275633243056365,1.3010083267890595,0.12655499751657695
2.141971420133938,1.9300156544303158,0.2119557657036224
1.1545217716674705,1.0706538483289416,0.08386792333852888
1.8229482522914084,2.044715776869441,-0.2217675245780324
0.5460825148416127,0.5252118749886856,0.020870639852927142
1.310070826195133,1.4320627703937336,-0.1219919441986006
2.099050424782975,1.431132841170514,0.6679175836124611
0.1306340328024566,0.12092579944666587,0.00970823335579074
1.414918493037308,1.5953516086557122,-0.18043311561840425
0.9887284598604066,0.9452331165435947,0.04349534331681193
0.4818547291458148,0.5331364617976913,-0.051281732651876466
2.4715643467364528,2.305859501157501,0.1657048455789516
1.2998717776094149,1.6867024147161267,-0.38683063710671184
0.3631822879783228,0.32566879417838346,0.037513493799939346
1.5907616653991712,1.662248801861859,-0.0714871364626879
0.5730901019153826,0.458843817061949,0.11424628485343358
0.8000098929557343,0.9104305112218091,-0.11042061826607474
1.9199522348304363,1.9300156544303158,-0.010063419599879442
1.3286696233327262,1.2107601826926602,0.11790944064006603
0.5468058514088707,0.32501534605629423,0.2217905053525765
1.4789564028272382,1.5058050565173153,-0.026848653690077162
0.5066244932241175,0.4175257348633669,0.0890987583607506
2.306720414458728,2.064000857852233,0.24271955660649525
1.929174780999749,1.9307277947110868,-0.0015530137113377585
1.5646853743266345,1.5737688415997175,-0.009083467273083068
1.49278569797129,1.3697585659234779,0.12302713204781202
1.017010928197267,1.0528189164546036,-0.035807988257336554
1.538704021207031,1.5040697588531378,0.03463426235389333
0.2975801625009331,0.3663579575435088,-0.0687777950425757
2.12823706294282,2.1875655783727175,-0.0593285154298977
1.34244014732689,1.3524834195054491,-0.010043272178559048
1.3866767125753965,1.5309939219490865,-0.14431720937368997
1.858265170782854,1.9137824165617425,-0.05551724577888861
1.448011150989491,1.45541230264812,-0.007401151658628979
0.127103245015792,0.16037504747872655,-0.03327180246293454
2.4722289124069903,2.3081181396194332,0.16411077278755704
1.7641816594252662,1.6591362385717483,0.10504542085351787
1.6243968259033814,1.3697585659234779,0.2546382599799035
0.7648014748734269,1.2619582824702087,-0.4971568075967818
0.2077688590253751,0.18263462739793054,0.025134231627444548
1.895354264395734,1.748876019273504,0.14647824512222996
2.491352127555833,2.377275249447036,0.11407687810879708
0.4600054375147918,0.39169090610883006,0.06831453140596172
1.836682609482526,1.7594181508992797,0.07726445858324626
0.0810899838271164,0.06112244135285617,0.019967542474260226
1.1018628537734156,1.092402465471036,0.009460388302379608
1.569567897548049,1.4115749648389295,0.1579929327091194
0.2628328717270914,0.40703681569718375,-0.14420394397009234
2.3776797519095307,1.9911037192283518,0.3865760326811789
1.9304180150126893,2.070450668911109,-0.14003265389841957
1.8841108993404132,1.8785062971066337,0.005604602233779454
0.7963208752475128,1.0886993579445945,-0.29237848269708167
1.500918715939302,1.4277819285433324,0.07313678739596963
0.5239845759016661,0.4175257348633669,0.10645884103829922
1.711396157593966,1.4474057597226255,0.2639903978713405
2.487843944875513,2.4534577988084547,0.034386146067058476
0.3236564535734701,0.2433549948376365,0.08030145873583361
2.303646232402291,2.163205246047813,0.140440986354478
1.9429905114090853,1.8359912300251426,0.10699928138394266
1.0614509318078458,1.1046020921505046,-0.04315116034265887
1.214952039245909,1.2018386850583558,0.013113354187553217
0.3043207571592468,0.31473499582181813,-0.010414238662571351
1.918930522707676,1.9029649735971732,0.015965549110502852
0.3498412450551453,0.3663579575435088,-0.016516712488363505
0.6882814848086283,0.8275345372750951,-0.1392530524664668
2.109538807793062,2.018756593142384,0.09078221465067804
0.8497709427493512,0.9610021079886374,-0.11123116523928622
2.491659546774148,2.310259986673883,0.18139956010026514
2.1430292998192484,2.0091272743780193,0.1339020254412291
1.661617024272242,1.9072741074557087,-0.2456570831834668
1.0373050457783,1.0528189164546036,-0.01551387067630361
2.0431364895514124,1.9091278654432202,0.13400862410819214
2.1493765804627896,2.1310779528752737,0.01829862758751588
0.2381580456017226,0.20739046537441239,0.030767580227310215
0.4983422869720183,0.7299250654335646,-0.2315827784615463
0.070741746957311,0.1726537193401166,-0.10191197238280561
0.1224196393377149,0.12324394767098337,-0.0008243083332684781
1.648809442263622,1.6719731365034307,-0.023163694239808796
1.2722041456838418,1.2163391220496496,0.05586502363419221
1.946354028902564,1.9524836968350017,-0.006129667932437632
0.7182728362983006,0.7624812551074441,-0.0442084188091435
0.8842786281049066,1.092402465471036,-0.20812383736612938
2.327321950245405,2.2407785368807374,0.08654341336466764
1.0913247409977422,1.0418423618146853,0.04948237918305698
1.2583522461929484,1.6428595582461283,-0.3845073120531799
1.5325330542663218,1.859536771461713,-0.32700371719539123
2.7489323586004724,2.379750105844036,0.36918225275643657
2.207288731752526,2.1133123452429747,0.09397638650955109
0.7710357337827594,0.7318509180522637,0.0391848157304957
0.882049846746909,0.9421755532269063,-0.060125706479997265
0.2577695142372784,0.23786003453638904,0.019909479700889354
1.342403980523844,1.4025640207832595,-0.06016004025941557
0.1070532534186123,0.12324394767098337,-0.016190694252371074
1.891018764545082,1.9137824165617425,-0.02276365201666053
1.515896308156031,1.7287039125874566,-0.21280760443142555
1.829593908996788,1.7455762017913452,0.08401770720544288
1.858549984641656,1.7855593831022067,0.07299060153944925
0.8293592828685425,0.8722598508340259,-0.04290056796548336
1.4742411511648497,1.433590740318372,0.04065041084647758
1.1890158945668217,0.82981893043149,0.35919696413533164
1.3803791616974417,1.1447075301773693,0.23567163152007242
0.4228259267677125,0.34510007135387344,0.07772585541383908
0.9273171667683172,1.0277736595282903,-0.10045649275997304
0.1215335517769976,0.08929634972887647,0.032237202048121125
2.454534285598718,2.3457021208196847,0.10883216477903312
0.3303834857755793,0.39544639423528644,-0.06506290845970714
2.482057251324778,2.3804730149485134,0.10158423637626468
2.5344268337817923,2.4570570417661495,0.07736979201564287
1.1394356787884354,1.3004227568466737,-0.1609870780582383
1.599147851241674,1.4477986687256685,0.15134918251600538
2.503685020812454,2.3804730149485134,0.12321200586394054
2.037024295532766,2.0350454362418327,0.0019788592909333325
1.756523331221924,1.7021598636266844,0.05436346759523958
1.4606333779109772,1.3655645937274485,0.09506878418352871
1.620309973108485,1.9780530599512214,-0.3577430868427365
1.592642340929744,1.5810277886530797,0.011614552276664414
2.1902631921930293,2.3144009418956806,-0.12413774970265123
1.550037804409223,1.3969599079784119,0.15307789643081104
0.0365640839010733,0.030556910661549065,0.006007173239524231
1.0120199043135465,1.3911917498589574,-0.37917184554541095
0.5059011564036916,0.6043462637778526,-0.09844510737416101
0.6861612038597689,0.9330771702932245,-0.2469159664334556
0.9539359606460492,0.9797676255270085,-0.025831664880959226
0.3474180669725449,0.3189185575623138,0.028499509410231105
1.6656631894453575,1.6815123288314955,-0.015849139386137967
1.6492750903908229,1.8459748751335996,-0.19669978474277672
0.2514086713907009,0.27520025846197815,-0.023791587071277265
1.3465496044686285,1.2367958665805314,0.10975373788809706
0.5282884297680072,0.6736176337439189,-0.14532920397591176
2.325486483155348,2.261309339629099,0.06417714352624904
1.4563295240446366,1.5040697588531378,-0.0477402348085012
0.3613423000695306,0.43840349987815674,-0.07706119980862614
0.6841358608638437,0.6537592481990183,0.030376612664825386
2.3367208075858703,2.359400551646347,-0.022679744060476903
1.359908730666745,1.293871128144557,0.06603760252218804
1.4482643188639817,1.3556445867490352,0.09261973211494645
0.8956576200007814,0.8860706502337395,0.009586969767041875
1.292055219484516,1.0746924033853487,0.2173628160991674
1.4399097790057902,0.8685777547818043,0.5713320242239859
1.0201936099033393,1.3164214462676798,-0.29622783636434047
2.4114957469353078,2.289668843412221,0.12182690352308656
2.042697967349292,1.854417829689497,0.18828013765979512
2.3924719913176378,2.295337524826861,0.09713446649077673
1.6620917140369118,1.6230604755042128,0.039031238532698964
2.057313890522889,1.6300516194367607,0.42726227108612824
1.0354921830350845,1.3471875797599178,-0.31169539672483326
1.93234842005568,1.9638000014275472,-0.03145158137186721
1.346897710296053,1.4025640207832595,-0.05566631048720638
0.8912588281815065,1.2965189787184812,-0.40526015053697473
2.1310219095622176,2.0815940791115914,0.04942783045062615
1.0908636136892764,1.237495421928866,-0.14663180823958966
0.5699571494685607,0.458843817061949,0.1111133324066117
2.4049495497611004,2.2772197408028303,0.12772980895827013
2.2128674656161182,1.9992320080884214,0.21363545752769686
0.4827091707222207,0.6196100051628308,-0.13690083444061013
0.5123298120376266,0.4175257348633669,0.0948040771742597
0.2825483199530508,0.2310233633434544,0.051524956609596384
1.2746634905694882,1.129279899972224,0.14538359059726425
0.9842799385287132,0.7305547168811326,0.2537252216475806
1.515896308156031,1.4126049796975897,0.10329132845844136
1.0811347340494937,0.8204627185041509,0.2606720155453428
2.41542437056815,2.425096293877946,-0.009671923309795716
2.4379698736008555,2.310259986673883,0.1277098869269726
0.1841247879260759,0.1960946103626763,-0.011969822436600414
0.5262540451346124,0.4686381090566964,0.057615936077915986
1.6527516278463343,1.664677420489359,-0.011925792643024735
0.9217339110733184,1.1895022488129088,-0.2677683377395904
1.997493939549675,1.9152876476264906,0.0822062919231843
1.654125967627926,1.1148064146906211,0.5393195529373049
1.244500346702055,1.2609449932833368,-0.016444646581281752
1.3973097633040037,1.4091107643633576,-0.011801001059353888
2.0773819661545114,2.031899694706459,0.04548227144805228
1.8419991348468296,2.0091272743780193,-0.16712813953118966
1.644831090131032,1.6155283631232797,0.02930272700775216
1.1827499896731783,1.2453922426390203,-0.06264225296584192
1.7125354130291737,1.6472778413028577,0.06525757172631597
0.8459101326633688,0.9199321383547542,-0.0740220056913854
1.4768361218783788,1.4360828915332764,0.040753230345102365
2.22928721242714,2.200215056509441,0.02907215591769896
2.260928675160232,2.261309339629099,-0.0003806644688668648
2.3121816075415524,2.163205246047813,0.1489763614937396
1.495475606637753,1.7888371279054107,-0.2933615212676577
2.0283080851124344,1.8785062971066337,0.14980178800580068
0.3160297713544393,0.31987071860600086,-0.003840947251561533
2.1868454258874057,2.0102874960283077,0.17655792985909802
1.8382332627137807,1.6794805646261657,0.15875269808761505
1.5193683247928085,1.1539429076409502,0.3654254171518583
0.6952345597196514,0.7318509180522637,-0.03661635833261223
1.870670396632896,1.6863228493934728,0.18434754723942315
1.8526638315597483,1.7352293668375456,0.11743446472220276
0.6260112293213979,0.42822097428507566,0.1977902550363222
0.1074827347427667,0.16037504747872655,-0.052892312735959846
0.5207657273925478,0.28101183559877124,0.23975389179377654
0.3478656315716384,0.4780247553744654,-0.13015912380282701
2.1048371183337102,1.9590634773721125,0.14577364096159773
1.1026223573968874,1.0528189164546036,0.04980344094228384
1.85926428007778,1.8250301503572477,0.034234129720532414
0.7225766901646414,0.8366664148002876,-0.11408972463564615
1.9115615299413744,1.7498650977084274,0.16169643223294705
0.7685989929907866,0.792703002524219,-0.02410400953343239
1.0924007044643276,1.126931355075287,-0.0345306506109595
0.0234716880336519,0.48656110752330095,-0.46308941948964905
1.636187215342136,1.748876019273504,-0.11268880393136804
0.89942349213383,0.8937422015050338,0.005681290628796187
1.0787929312104552,0.9463311340152012,0.13246179719525397
0.8647485349660805,0.809794218127669,0.054954316838411454
0.575775489763111,0.8366664148002876,-0.2608909250371766
1.5803184905764318,1.3994774319925058,0.18084105858392596
0.8062667559587404,0.7792078747695971,0.027058881189143347
1.305599700769766,1.221622085804976,0.08397761496478995
0.3333612220112223,0.2668238049154662,0.06653741709575611
1.2514443799756088,1.248502198451712,0.002942181523896803
0.1604897584642464,0.2591383992216113,-0.0986486407573649
0.7617951063638504,1.2085800134632714,-0.446784907099421
2.0041486368798527,1.919585400394743,0.08456323648510966
1.2238897692779087,1.248502198451712,-0.02461242917380324
0.4049233412849685,0.3815302743515936,0.023393066933374895
2.023298978966446,2.249517273072548,-0.22621829410610195
1.528229200399981,1.620640175877704,-0.09241097547772315
2.6377916616990773,2.2700652528263534,0.3677264088727239
2.210200162309168,1.9835224650956738,0.22667769721349407
0.8261946844374094,0.7297307888994244,0.09646389553798496
2.375898536163298,2.304139028271426,0.07175950789187224
1.911873468206249,1.6966284282394937,0.21524503996675537
0.7566051649367922,0.8457797165049707,-0.08917455156817855
2.4197598704188032,2.3904442322477535,0.029315638171049763
2.445203241805113,2.4884084152674473,-0.04320517346233421
1.3484076759055277,0.9104305112218091,0.4379771646837186
2.5644453106902096,2.316481215943133,0.24796409474707648
1.61854683962452,1.5648869601549251,0.05365987946959483
1.342498918476778,1.2107601826926602,0.13173873578411777
0.6380909536908569,0.42822097428507566,0.20986997940578123
1.6358888390271296,1.664677420489359,-0.028788581462229512
2.2555172118429945,2.200617702030276,0.05489950981271852
0.8448025232124722,0.8785566825388337,-0.0337541593263615
1.24815319760723,1.2979647012132323,-0.04981150360600228
2.0895023781457507,2.044715776869441,0.044786601276309845
0.8244858012845976,0.8507798026412987,-0.026294001356701124
0.5694824597038908,0.5886172662352531,-0.019134806531362347
0.2543246227660781,0.23498865244126943,0.01933597032480866
1.201547704354109,1.204402680099241,-0.002854975745131938
0.1313935364259286,0.2967062906272687,-0.16531275420134012
1.0082947198022787,0.9105968614081325,0.09769785839414624
0.9906272189190864,1.5280821837869123,-0.5374549648678258
0.9946462589266254,0.8785566825388337,0.11608957638779172
0.8321622130160469,0.809794218127669,0.022367994888377818
0.3715368278365141,0.4146630724075412,-0.043126244571027095
2.213491344677547,2.031899694706459,0.18159164997108768
2.316245855736439,2.200617702030276,0.11562815370616297
2.5072610170396343,2.3904442322477535,0.11681678479188085
2.0412106060866595,2.115599012149205,-0.07438840606254571
1.9003543299169243,1.8961692168577984,0.0041851130591259444
1.0986666093579711,1.5647482355803999,-0.46608162622242877
1.4459496411905195,1.5624007360595134,-0.11645109486899385
1.9331169643039503,2.141596596443529,-0.20847963213957876
1.149092224822126,1.1771691512608347,-0.028076926438708627
1.1653130523176347,1.248502198451712,-0.08318914613407724
0.1992786935924689,0.16901960540288644,0.03025908818958245
0.6180906916060956,1.61673148982345,-0.9986407982173543
1.9226014568877905,1.8268213399528999,0.09578011693489064
1.7628208820998792,1.9207754954035088,-0.1579546133036296
0.4116006439746595,0.36787525043691205,0.04372539353774746
1.2160732111530097,1.1609506625605177,0.05512254859249199
1.463449870514686,1.4782251740917227,-0.014775303577036825
1.913234245531636,1.8359912300251426,0.07724301550649337
2.308781925017203,2.2868257898163145,0.02195613520088857
1.1399420145374164,1.1376000302842646,0.0023419842531517965
1.92526876019474,1.483705502846211,0.4415632573485291
1.268289085266706,1.3049552574823962,-0.03666617221569024
1.685771951939257,1.7985208879264813,-0.11274893598722424
1.0008443510329117,0.9450333896658891,0.05581096136702257
1.5537991557235369,1.7266107730533715,-0.17281161732983463
2.238839778110923,2.1927266773304104,0.04611310078051245
0.2967257209245272,0.21485446287710028,0.08187125804742693
1.9808571924267129,1.9420256292438345,0.03883156318287839
0.3008080529006889,0.2668238049154662,0.033984247985222704
1.759466407762878,1.7809981381955435,-0.02153173043266543
2.1190280815082234,2.2643753340008588,-0.14534725249263536
0.0809001079212484,0.1305087983765395,-0.04960869045529111
0.9339809070018036,0.8617119207015779,0.07226898630022571
1.6184835476558974,1.826784649165869,-0.2083011015099716
2.017385701478465,1.9152876476264906,0.10209805385197446
2.4086837759098376,2.2939235317379043,0.11476024417193331
0.3627528066541683,0.558896428938497,-0.1961436222843287
0.643818876851208,0.8406205721985938,-0.19680169534738579
1.3999680259861556,1.2618558033807303,0.13811222260542522
0.0388847895016269,0.555765030786756,-0.5168802412851291
0.5867991423190513,0.555765030786756,0.031034111532295294
0.630423583850045,0.8406205721985938,-0.21019698834854872
0.5437226284744673,0.5365901938881124,0.00713243458635493
0.5651786058375498,0.24741421190200324,0.3177643939355465
1.3090219878941245,1.3764526574292317,-0.06743066953510723
1.798074508622702,1.5084453215561777,0.2896291870665242
0.9510064465612998,1.179530802310249,-0.22852435574894925
1.3986388946450796,1.483705502846211,-0.08506660820113132
0.4196070780054262,0.34067063772703626,0.07893644027838992
1.2543015602010978,1.0228603347963587,0.2314412254047391
1.9670052944548264,2.0091272743780193,-0.04212197992319289
2.1184720159936554,1.9590634773721125,0.15940853862154292
1.776555239290997,1.4867547340322396,0.28980050525875733
1.3632903301693229,1.3911917498589574,-0.027901419689634555
2.119597709225827,2.379750105844036,-0.26015239661820866
0.6930645492583739,1.61673148982345,-0.923666940565076
2.1597881093012177,2.0472356372052007,0.11255247209601693
2.578211313865639,2.458912319830353,0.11929899403528577
2.3828922986961025,2.330349038862778,0.05254325983332464
2.5755846971677983,2.6251848927765664,-0.04960019560876816
0.9707535407715704,1.1062589651147796,-0.13550542434320922
1.705415066559124,1.6863228493934728,0.019092217165651126
1.3436336530932511,1.0283876111054389,0.31524604198781225
0.8469182833425968,0.8588064926544863,-0.011888209311889497
1.8247249489910813,1.7904420795430647,0.03428286944801662
2.2197888955555016,2.1276064609226744,0.09218243463282727
0.0450135617121988,0.030556910661549065,0.014456651050649735
0.5973670927009085,0.28101183559877124,0.31635525710213724
1.4964023818202512,1.3685196249752658,0.1278827568449854
0.6912923741369393,0.7461770577397422,-0.05488468360280285
1.2634156036827613,1.5175121014786266,-0.2540964977958653
1.1792689313989315,0.9623785076021093,0.21689042379682222
1.6496774465494004,1.6696843849370762,-0.020006938387675754
0.9072084042744172,0.9450333896658891,-0.037824985391471944
0.549699198690574,0.44087333041257626,0.10882586827799778
2.013805183673047,2.0654192160634834,-0.05161403239043638
1.2092738453448084,1.138129904919219,0.07114394042558936
1.1016096858989248,1.221622085804976,-0.12001239990605117
0.972200214412422,1.0385711567674556,-0.0663709423550336
1.799118826104976,1.7560461016057243,0.0430727244992517
1.302530040291567,1.5186066438590664,-0.21607660356749947
0.0900774433715345,0.08842958007769748,0.0016478632938370236
0.460041604317838,0.4640000739013623,-0.003958469583524249
0.0873784930676018,0.06692896925074668,0.020449523816855122
2.3942215610795587,2.425096293877946,-0.03087473279838715
0.7586350287514522,0.5288777039404542,0.22975732481099798
1.671269049487198,1.6230604755042128,0.04820857398298517
1.8563347657398628,1.6794805646261657,0.1768542011136971
1.62734442326307,1.511447492114879,0.115896931148191
0.9728738217204296,0.916723984123019,0.056149837597410546
1.7833500842804633,1.8015379994173608,-0.018187915136897548
2.153363974486018,1.9091278654432202,0.24423610904279758
1.0808182742063803,1.0443852413875399,0.03643303281884047
2.1468629854991583,2.4195839944747126,-0.2727210089755543
0.1472300910377986,0.11297837614980467,0.03425171488799393
0.6937517192757537,0.6497640358007256,0.04398768347502813
1.0019881272868545,1.0418423618146853,-0.03985423452783077
1.356929487322745,1.431132841170514,-0.07420335384776888
1.8464612186347276,1.8359912300251426,0.010469988609584924
2.1672610831769306,2.356062173920117,-0.18880109074318652
1.9595187583760776,1.6987060277286838,0.26081273064739374
0.3176889249948328,0.31926090811013047,-0.0015719831152976593
0.5530581938463099,0.5365901938881124,0.016467999958197588
1.5411724079833151,2.048655282623729,-0.5074828746404139
1.9137405812806172,1.9207754954035088,-0.007034914122891589
0.8017956305333732,0.7706412409915719,0.031154389541801275
1.4836354876865805,1.8154032915122864,-0.3317678038257059
0.8302453704292598,1.2703050463193988,-0.44005967589013895
2.1032819435242165,2.232907736242271,-0.12962579271805463
1.9006029762131769,1.8015379994173608,0.09906497679581605
2.1259223845098547,1.9992320080884214,0.12669037642143333
1.2500338731378031,1.1881020455733138,0.06193182756448934
1.0071012142890856,1.2713794355837673,-0.2642782212946817
1.7091809386921728,1.6230604755042128,0.08612046318795996
1.404873153554412,1.9341117191897692,-0.5292385656353573
0.65255768933987,0.7497495589723009,-0.09719186963243087
1.2509154398797857,1.0283876111054389,0.22252782877434685
0.0926588516288592,0.12324394767098337,-0.03058509604212417
1.9489942078034403,1.8894795737158852,0.059514634087555196
1.243003943801953,1.9780530599512214,-0.7350491161492685
1.385220997297075,1.530337323653621,-0.14511632635654603
2.209788764513121,2.115112931481488,0.09467583303163307
2.2654902184793024,2.031899694706459,0.23359052377284328
0.4708554890616759,0.5523797853752888,-0.08152429631361285
1.4590510786954107,1.3312635441238616,0.12778753457154912
2.205801370489893,1.9300156544303158,0.27578571605957736
2.2022253742627127,2.112608184437187,0.08961718982552558
0.0068485046327334,0.04000951455535983,-0.03316100992262643
2.05825422942743,2.0091272743780193,0.04912695504941089
0.9738864932183924,0.9959182445000391,-0.022031751281646694
2.41824086317186,2.3594241124014834,0.058816750770376736
1.4798379695692208,1.9449264884905157,-0.465088518921295
0.0918270141461273,0.2967062906272687,-0.2048792764811414
1.6812375345452673,1.5811528442268112,0.10008469031845602
2.106211457862134,2.115599012149205,-0.009387554287071165
0.3007990112632193,0.4361192264721426,-0.1353202152089233
1.2920235735002046,1.378387164594873,-0.08636359109466851
0.5544370546998042,0.6383562712487384,-0.0839192165489342
0.5488492779329028,0.3922330091875452,0.1566162687453576
2.3740630690732414,2.2890690074719227,0.08499406160131873
1.6432623533716697,1.569404402652395,0.0738579507192747
1.959084755220517,1.9137824165617425,0.04530233865877453
2.08424914475007,2.0350454362418327,0.0492037085082373
2.1835361597377525,1.7352293668375456,0.4483067929002069
0.5277097604129336,0.49129283875914836,0.03641692165378524
2.454886913004381,2.497379560452752,-0.04249264744837067
1.5116286210927363,1.9137824165617425,-0.4021537954690062
0.1162034639564896,0.2967062906272687,-0.1805028266707791
2.239346113859904,2.4884084152674473,-0.24906230140754326
0.3755242218597419,0.34879377306543125,0.026730448794310635
1.6687373707422914,1.6814595015823661,-0.012722130840074675
1.1503761477226864,1.237495421928866,-0.08711927420617971
1.6336917036534433,1.9046199032345927,-0.27092819958114944
0.6204957864137566,0.7624812551074441,-0.14198546869368756
1.832862486005653,1.7560461016057243,0.07681638439992877
1.859698280701662,1.7011114326465808,0.15858684805508116
1.0583496253453353,1.0289928851787802,0.029356740166555095
0.848220289518096,0.8501071100736675,-0.0018868205555714335
1.431645656281798,1.3741665446686786,0.05747911161311947
0.6314136510011659,0.629757411569639,0.001656239431526818
0.1809330643293663,0.17352300766771986,0.00741005666164643
1.1242456063189965,1.4935385573119966,-0.3692929509930001
0.3359893458174197,0.4169871314933424,-0.0809977856759227
1.6324981978870825,1.6155283631232797,0.01696983476380276
1.592353006252207,1.3936874727960127,0.19866553345619442
1.5030932472193144,1.3969599079784119,0.10613333924090251
1.742377576234759,1.7067247253524185,0.0356528508823406
1.5407293642029567,1.9304150220438965,-0.3896856578409398
0.0998876985080472,0.12324394767098337,-0.023356249162936174
1.7711754219580704,1.6376107329513636,0.13356468900670682
0.2944155640698,0.28830032946558865,0.0061152346042113725
0.5400788194599293,0.5252118749886856,0.014866944471243704
1.40627461850158,1.4124405876419577,-0.006165969140377703
2.612836542280474,2.425096293877946,0.18774024840252812
1.7422509922975138,1.662248801861859,0.08000219043565471
0.6683128687081782,0.8560093553714285,-0.18769648666325034
1.4369368648586525,1.503965848432876,-0.06702898357422349
1.151135651346158,1.1243554192132073,0.026780232132950665
1.911995530565256,1.8961692168577984,0.015826313707457684
2.436523201479011,2.135916860484802,0.300606340994209
1.9251602600387696,1.648888507718143,0.2762717523206266
0.4960321301172911,0.44087333041257626,0.05515879970471482
2.1329206686208977,2.016284396326853,0.11663627229404483
1.3797281584831078,1.5309939219490865,-0.15126576346597864
1.312349337065549,1.3764526574292317,-0.06410332036368271
0.150634294887218,0.10628157837816313,0.04435271650905487
1.6581676119823066,1.4474057597226255,0.21076185225968103
0.8179848120445705,0.9062338476975588,-0.08824903565298825
0.1317552047095576,0.16037504747872655,-0.028619842769168957
2.626408147971796,2.4691774638295603,0.1572306841422355
0.907787073629491,0.7928142537606753,0.11497281986881569
1.5054757376801335,1.483705502846211,0.021770234833922597
1.0941095876171394,1.0277736595282903,0.06633592808884914
0.0002887442428182,0.04190025453623789,-0.041611510293419696
1.8269989382832583,1.9220508099996778,-0.09505187171641949
0.6812379927634056,0.7297307888994244,-0.04849279613601887
0.8114024473078135,0.6866034444185527,0.12479900288926082
0.0510895906999744,0.04190025453623789,0.00918933616373651
0.9555634683021312,1.1292681681262045,-0.17370469982407322
0.3035476910795703,0.3374910903348385,-0.03394339925526818
0.9691983667215804,0.9836690757304295,-0.014470709008849059
1.0167035099916233,0.9557824596642709,0.0609210503273524
0.989270962412434,1.3809968212010217,-0.3917258587885878
0.7073323673640496,0.7318509180522637,-0.02451855068821407
0.9681495284205716,0.9105968614081325,0.05755266701243911
2.3775757733317997,2.301896713470216,0.07567905986158374
2.215295165783292,2.031899694706459,0.18339547107683307
0.853319813810955,0.783450182670207,0.06986963114074796
2.02646357739758,1.8173290674743183,0.20913450992326177
2.3137729473819166,2.1310779528752737,0.18269499450664295
1.6947774950117822,1.6557563061381708,0.03902118887361139
1.200449136540682,1.2712617141080704,-0.07081257756738846
0.2197129575669513,0.10252882835416177,0.11718412921278953
2.302995228934789,2.316481215943133,-0.013485987008344136
1.3214633805472125,1.0672304912450927,0.25423288930211974
0.8271757099510608,0.9813618973935305,-0.1541861874424697
0.6527385236082685,0.4640000739013623,0.18873844970690618
2.4230329690059067,2.2817567260745193,0.1412762429313874
1.6572001489248598,1.45541230264812,0.20178784627673974
0.2063447897313652,0.14172694941116024,0.06461784032020496
2.425130647126932,2.4534577988084547,-0.02832715168152289
0.8965753535458102,0.8738688703285704,0.02270648321723978
0.5701696297212706,0.6452158846130075,-0.07504625489173689
0.8163573041353204,0.6325431776906068,0.18381412644471362
0.7368264247422102,0.6497640358007256,0.08706238894148455
2.3242206437828945,2.2772197408028303,0.04700090298006421
2.4798239486417097,2.3081181396194332,0.1717058090222765
0.7057817141327942,0.8372173748033718,-0.13143566067057755
1.92044952995462,1.782996603288527,0.1374529266660931
1.6794427550769908,1.414322461654853,0.2651202934221377
0.844350437794644,0.9010736310185271,-0.056723193223883084
1.308099733530361,1.5186066438590664,-0.2105069103287054
1.8942014467574892,1.8961692168577984,-0.0019677701003091297
2.360283503694776,2.0815940791115914,0.2786894245831846
1.3450079928748426,1.502612149532462,-0.1576041566576194
1.1162527349976017,1.010290497890982,0.10596223710661978
0.2190031834558977,0.17352300766771986,0.04548017578817784
1.188875748173372,1.2270709210845339,-0.03819517291116181
1.6832628775411924,1.5039340519367141,0.17932882560447827
1.7754476298401,1.6750904575950127,0.10035717224508733
1.1275593930342165,1.0891353589371369,0.03842403409707962
0.8196123197006527,1.0640529140764177,-0.24444059437576493
0.3268029684764961,0.3189185575623138,0.007884410914182294
1.1443001187349109,1.1376000302842646,0.006700088450646291
0.5407298224210951,0.44087333041257626,0.09985649200851887
1.0601941340728618,1.020624226253439,0.03956990781942271
1.7491362544211797,1.6635714301373068,0.08556482428387291
1.207140001939745,1.1609506625605177,0.0461893393792272
1.8250052412716449,1.7136288552844618,0.11137638598718302
1.5080842708498672,1.5058050565173153,0.002279214332551849
2.423399158614606,2.6461932154748795,-0.22279405686027332
2.2404853692951123,2.2486148702617292,-0.00812950096661691
0.2859027942900519,0.42736875985211076,-0.14146596556205887
1.0811709008525396,1.2773046387524227,-0.1961337378998831
0.1343953838636024,0.10252882835416177,0.03186655550944062
1.5429129371204384,1.571434597600918,-0.02852166048047966
0.9672408365130128,0.43840349987815674,0.5288373366348561
1.8424467002054268,2.2634950984661497,-0.42104839826072293
2.2834606159899,2.212250348860613,0.07121026712928691
0.1386992377299435,0.06156366233598713,0.07713557539395637
1.7004556886597149,1.6235847390935065,0.07687094956620832
0.8684013858712557,0.9330771702932245,-0.06467578442196875
1.2720233114154431,1.237495421928866,0.034527889486577035
0.8684104275087254,0.7279562802261437,0.14045414728258176
0.3626759522293414,0.34510007135387344,0.017575880875467964
0.5114346828394399,0.5846417276611902,-0.07320704482175022
0.7493582345294975,0.7461770577397422,0.003181176789755269
2.138870113671428,1.8268213399528999,0.31204877371852824
0.9530317895572248,0.9010736310185271,0.051958158538697674
1.4073957906618486,1.3312635441238616,0.076132246537987
0.6356858588831956,0.629757411569639,0.005928447313556573
1.865267973940456,1.748876019273504,0.11639195466695207
1.0484399114371536,0.9404572329276943,0.1079826785094593
0.6277743628053628,0.6210528800399779,0.0067214827653848674
1.1873929077294745,1.1609506625605177,0.02644224516895677
1.5922806726461152,1.6230604755042128,-0.03077980285809767
0.1628586864688614,0.11297837614980467,0.04988031031905672
1.269586570623471,1.1609506625605177,0.10863590806295331
1.5272165289020183,1.3741665446686786,0.1530499842333397
0.5679318064726356,0.8294841746718694,-0.2615523681992338
1.6057935079470536,1.530337323653621,0.07545618429343248
1.300631281232887,1.3676502077607031,-0.06701892652781605
0.2317565151333642,0.2713733880916175,-0.03961687295825328
0.7005872518870011,1.0377600346728204,-0.3371727827858193
0.1183373073615532,0.12038188083416383,-0.002044573472610625
2.121365362769023,1.831302841768108,0.2900625210009151
1.1750600154855246,1.1946018541296453,-0.019541838644120624
2.270372740688045,2.2643753340008588,0.005997406687186402
1.419584015440446,1.5039340519367141,-0.08435003649626815
1.011513568564565,1.3809968212010217,-0.36948325263645665
1.640129400924848,1.52136832386486,0.11876107705998784
1.5242508480142227,1.6815123288314955,-0.15726148081727276
0.7547290102249541,0.7978998194393644,-0.0431708092144103
0.1401820781738413,0.18263462739793054,-0.04245254922408925
2.4141359258361845,2.4534577988084547,-0.03932187297227019
1.463956206263667,1.6235847390935065,-0.15962853282983946
0.3032583561488657,0.3473976556340418,-0.04413929948517609
0.2786242178984457,0.48656110752330095,-0.20793688962485524
0.4108411403511876,0.5005998194136423,-0.08975867906245472
0.5648892711600131,0.6452158846130075,-0.08032661345299441
2.316562315579552,2.345892734330693,-0.02933041875114073
2.312543275572013,2.2643753340008588,0.04816794157115423
2.6007568168983424,2.5857613291019987,0.014995487796343632
1.286273045993012,1.0248739855483364,0.26139906044467565
2.307131812254776,2.6461932154748795,-0.3390614032201036
0.833315030907459,0.8692132498967134,-0.03589821898925449
0.7367947787578988,1.1046020921505046,-0.36780731339260586
1.986426885665507,1.9673220482554261,0.019104837410080844
1.4919176939386796,1.8250301503572477,-0.3331124564185681
1.0998691567618015,1.1895022488129088,-0.08963309205110725
1.407938293213876,1.4023285605739673,0.0056097326399087155
1.7412699667838625,1.4360828915332764,0.3051870752505861
1.3858765213301434,1.5476845386693978,-0.16180801733925443
1.5971631958675296,1.2773046387524227,0.3198585571151069
1.8646893055980545,1.7226211149625426,0.1420681906355119
1.6414675739033937,1.522286714754137,0.11918085914925669
2.30390392185502,1.892867981477144,0.41103594037787583
1.0885127692127687,1.1069155505711736,-0.018402781358404896
0.5308924423721737,0.5837251851130324,-0.052832742740858696
2.3411512453894567,2.4691774638295603,-0.12802621844010353
1.0122414262037256,0.9557824596642709,0.0564589665394547
0.8972082732320368,0.7952911042870847,0.10191716894495206
1.1726730042059703,1.324597054665013,-0.15192405045904267
1.695193413626564,1.482935825410191,0.21225758821637308
1.029886322993244,1.1896647381398242,-0.1597784151465802
1.4339422506803208,1.8678939866701145,-0.43395173598979375
0.873537076967161,0.8514250981666704,0.02211197880049054
1.8362621710616809,1.9137824165617425,-0.07752024550006165
0.5877467134702636,0.458843817061949,0.12890289640831465
0.464345458184179,0.30181738367387095,0.16252807451030804
2.0828883674246828,1.9304150220438965,0.15247334538078627
2.2433561132426454,1.8173290674743183,0.42602704576832706
1.4681922473426507,1.4360828915332764,0.03210935580937435
1.4475048152405097,1.3312635441238616,0.11624127111664806
0.4800780332056454,0.6446338518173891,-0.16455581861174368
2.004975954050185,2.016284396326853,-0.01130844227666783
0.9380225513561844,1.2613675439212773,-0.32334499256509286
1.345853392813779,1.4025640207832595,-0.056710627969480454
0.3383040234908816,0.32566879417838346,0.012635229312498164
1.6844970709293343,1.7352293668375456,-0.05073229590821127
0.0832554732164913,0.1726537193401166,-0.08939824612362532
0.7372242600820533,1.1228512291401032,-0.38562696905804983
1.2896003951644364,1.221622085804976,0.06797830935946036
0.2223893037772102,0.14597238118103067,0.07641692259617952
1.217908678243067,1.1856721584854437,0.032236519757623316
1.3603156076440577,1.4307016841627063,-0.07038607651864859
2.000821289480603,1.9791914771552992,0.021629812325303588
1.3601980653442816,0.9048837572826742,0.45531430806160733
2.475013759026388,2.3787225027699352,0.09629125625645285
0.3105278909030023,0.42736875985211076,-0.11684086894910845
0.6315085889540999,0.8998045935388099,-0.26829600458471003
0.3464099162933172,0.336548688884514,0.009861227408803186
1.0344885531745915,1.4202198046281764,-0.3857312514535849
1.4056326571778837,1.3010083267890595,0.10462433038882413
0.2461870839793312,0.42473438111107886,-0.17854729713174766
2.55374896799298,2.4534577988084547,0.10029116918452541
0.835778896865008,0.7952911042870847,0.04048779257792323
0.4129825185385316,0.4638468749930624,-0.0508643564545308
0.0900910058277388,0.16217439225319313,-0.07208338642545434
1.0811347340494937,1.179530802310249,-0.09839606826075542
2.391531652413096,2.379086494200976,0.012445158212119889
2.324094059845649,2.2550063003995935,0.0690877594460555
2.590702437043816,2.421590690488764,0.169111746555052
0.5273300086011976,0.41006939352526106,0.11726061507593655
1.9135868729372996,2.09413749591496,-0.18055062297766056
2.079701163634036,2.4884084152674473,-0.40870725163341115
0.4300954612686812,0.6070618735055825,-0.1769664122369013
0.6625216535792045,1.2782605854478648,-0.6157389318686604
0.9226878114213932,0.916723984123019,0.005963827298374191
2.569617168335993,1.8072818822189323,0.7623352861170609
0.6562828738511375,0.49993194329202806,0.15635093055910942
0.3116942715037868,0.5140208016477872,-0.20232653014400037
0.0912483447910537,0.22441120351981908,-0.13316285872876538
1.6554279738034252,1.7916028739830223,-0.1361749001795971
0.5048161512996368,0.4175257348633669,0.08729041643626984
2.10838146857658,1.9449264884905157,0.16345498008606407
1.346707834390185,1.2107601826926602,0.13594765169752487
1.2140478681570848,1.307935771580107,-0.09388790342302222
1.7028788669954829,1.9288859035065165,-0.2260070365110336
2.329867191193348,2.2634950984661497,0.06637209272719824
0.2666936818130739,0.39572071217692223,-0.12902703036384833
1.97228565225658,1.7226211149625426,0.24966453729403737
1.0874955768960712,1.010290497890982,0.07720507900508933
1.1721802309131937,1.1400543480199317,0.032125882893262014
2.396197174309898,2.324673284030361,0.07152389027953676
1.4127484828291983,1.3764526574292317,0.036295825399966564
2.5750060288253964,2.400705265208884,0.17430076361651237
1.0613243478706005,0.9390328625504596,0.12229148532014089
2.27728964904919,2.2486148702617292,0.02867477878746083
0.6756863830527183,1.2447610078536844,-0.569074624800966
0.4050680087503209,0.48945544949297215,-0.08438744074265125
1.3044287993502468,0.7414490464858136,0.5629797528644332
0.1856166700074433,0.16901960540288644,0.01659706460455687
1.5513307689472526,1.6635714301373068,-0.11224066119005416
2.489182119373066,1.9571589833888465,0.5320231359842196
0.941783902670498,0.7978998194393644,0.14388408323113366
1.9118870304092856,1.620640175877704,0.2912468545315816
0.4050680087503209,0.4010804194649976,0.003987589285323279
0.8446397724721807,0.9959182445000391,-0.15127847202785838
0.8813536350920598,0.7663380865512731,0.11501554854078666
1.810289858566876,1.6376107329513636,0.17267912561551246
1.246358418138954,1.4202198046281764,-0.17386138648922245
0.4348333172779113,0.2668313018709508,0.16800201540696053
1.5694955639419568,1.6814595015823661,-0.11196393764040935
0.2785925719141344,0.42473438111107886,-0.14614180919694447
2.011115275006584,1.919585400394743,0.09152987461184092
1.0393258679554904,0.9589864592145889,0.08033940874090151
1.9885516881926044,1.6300516194367607,0.3585000687558437
2.310011596827107,2.1927266773304104,0.11728491949669673
0.8336812202629905,0.8514250981666704,-0.017743877903679928
1.7703661888221802,1.5683782162101925,0.20198797261198775
0.4993549584699808,0.578662692623573,-0.07930773415359216
1.0219296182217277,0.9549170245959888,0.06701259362573886
2.608021831086912,2.421590690488764,0.18643114059814803
2.200570742453725,2.2643753340008588,-0.0638045915471337
2.1261167819939613,2.135916860484802,-0.009800078490840747
1.1828132816418009,1.2097769909922955,-0.026963709350494636
0.9649668464613316,0.9660549477474433,-0.0010881012861116979
0.8025054046444267,1.2613675439212773,-0.4588621392768506
0.6393567930633101,0.8184939358686885,-0.1791371428053784
1.2729093989761606,1.3675960728389098,-0.0946866738627492
1.0542356473848622,1.293871128144557,-0.23963548075969476
0.9385288871051656,1.2619582824702087,-0.3234293953650431
0.9062273787607662,1.0967126264274027,-0.19048524766663655
0.1502048135630638,0.09892398653222914,0.05128082703083467
1.0084755540706771,0.9660549477474433,0.042420606323233856
1.0708633516045152,1.0443852413875399,0.026478110216975326
1.9232795847613648,1.9911037192283518,-0.06782413446698699
2.138427069891069,1.9374428175772413,0.20098425231382766
1.733579992596209,2.07845368272736,-0.3448736901311511
1.60237574164143,1.6554667617117031,-0.05309102007027322
1.2568694057490508,1.1946018541296453,0.06226755161940556
0.9623673549290676,0.949640392857257,0.012726962071810566
2.434642523669927,2.4884084152674473,-0.0537658915975201
1.6998770193046413,1.7682700049067834,-0.06839298560214213
0.8481479559120038,0.7461770577397422,0.10197089817226157
0.9499937750633372,0.7663380865512731,0.18365568851206404
0.7634090515637284,0.7461770577397422,0.017231993823986214
1.3782588807485825,1.2782605854478648,0.09999829530071769
1.779909713627998,1.7320668980004785,0.047842815627519464
0.3089727168530123,0.32501534605629423,-0.016042629203281922
0.3908725242507376,0.35152390005721007,0.039348624193527526
2.3677971641795974,2.301896713470216,0.06590045070938144
1.6370190528248678,1.3685196249752658,0.268499427849602
2.2069722719094127,2.115599012149205,0.09137325976020749
2.1896483562880777,2.09413749591496,0.09551086037311762
1.380632329571932,1.3631596783492528,0.01747265122267927
1.617344292220689,1.5309939219490865,0.08635037027160264
1.6028504314060998,1.4867547340322396,0.11609569737386027
2.3915632983974078,2.2550063003995935,0.1365569979978143
1.4376900392852625,1.4320627703937336,0.005627268891528869
1.2199656672233037,1.248502198451712,-0.02853653122840827
1.2631940817925822,1.205958306134896,0.05723577565768623
1.2038488195713664,1.1881020455733138,0.015746773998052577
0.9183116239489598,1.034198836920243,-0.11588721297128324
0.7866055580639343,0.9112890608303748,-0.12468350276644047
2.308528757142713,2.1792014199062675,0.1293273372364454
1.3817896685352469,1.571434597600918,-0.1896449290656712
2.219326864184556,2.522949331339286,-0.30362246715472985
2.29568952813711,1.9992320080884214,0.2964575200486885
2.061002908484278,1.9139205066992178,0.14708240178506005
2.534752336781383,2.466826932352548,0.0679254044288351
2.36380977015637,1.9374428175772413,0.4263669525791287
2.699058287325815,2.5857613291019987,0.11329695822381636
0.8650559531717241,0.43840349987815674,0.4266524532935674
0.8989171563848486,0.8588064926544863,0.04011066373036232
1.7965148137539773,1.892867981477144,-0.09635316772316682
1.856841101488844,1.4935385573119966,0.3633025441768474
0.2684296901314623,0.3078900083790041,-0.039460318247541815
0.5305578990009534,0.6629403536830584,-0.13238245468210497
0.6345827702510338,0.6083599429801013,0.026222827270932503
1.5319317805644066,1.390100397311319,0.14183138325308753
1.2562636112284005,1.3969599079784119,-0.14069629675001138
1.0002792441340425,0.9797676255270085,0.020511618607033988
0.4957382746210195,0.9797676255270085,-0.484029350905989
0.2326742486783929,0.2798812268970402,-0.047206978218647305
2.4036475428260973,2.3024237877178266,0.10122375510827064
1.16854998435486,1.2270709210845339,-0.058520936729673956
1.0779384896340491,1.151510125088126,-0.07357163545407674
1.0254739684645968,0.974206892202544,0.051267076262052846
1.5194406583989004,1.3685196249752658,0.1509210334236346
1.6688639546795363,1.6815123288314955,-0.012648374151959185
2.531229685557036,2.522949331339286,0.008280354217750308
2.052539868470116,1.9300156544303158,0.1225242140398004
1.5737270842022055,1.5699219068726142,0.0038051773295912916
2.239694219687329,2.006671950010502,0.2330222696768267
1.85817023282992,1.8785062971066337,-0.02033606427671364
1.3599448974697912,1.3911917498589574,-0.031246852389166246
0.3151753297780332,0.31987071860600086,-0.0046953888279676614
1.5138935695069478,1.8574292884394563,-0.34353571893250856
1.297403390833131,1.2107601826926602,0.08664320814047088
0.3378338545449464,0.2892855399867626,0.048548314558183814
0.649293632137068,0.73502805050805,-0.08573441837098195
1.3388596302809748,1.1946018541296453,0.1442577761513295
0.4841332400162306,0.6196100051628308,-0.13547676514660023
1.5199831609509276,1.5810277886530797,-0.06104462770215213
0.214541099668,0.1981684110890459,0.016372688578954103
1.6297133512676851,1.8359912300251426,-0.2062778787574575
1.7349724159059077,1.7455762017913452,-0.010603785885437533
1.5276279266980657,1.6410291964351664,-0.11340126973710074
0.335492051705908,0.4169871314933424,-0.08149507978743437
2.168016065222164,1.9638000014275472,0.20421606379461665
0.2915764671192498,0.4361192264721426,-0.1445427593528928
0.6450349867112428,0.5886172662352531,0.0564177204759897
0.9845195439469996,0.9912634404998355,-0.006743896552835915
2.039411306559152,2.4195839944747126,-0.38017268791556047
0.3098588044137297,0.41052266054775943,-0.10066385613402973
1.1889842485825104,1.2965189787184812,-0.10753473013597081
2.411604247091278,2.5777105019576907,-0.1661062548664125
0.2137092624384359,0.12038188083416383,0.09332738160427208
1.1940476060723235,1.199248378037349,-0.005200771965025552
1.1831613874692253,1.683554699100039,-0.5003933116308137
0.905183061278492,1.2703050463193988,-0.36512198504090676
0.7823243085444348,0.8184939358686885,-0.03616962732425366
1.6025520550910934,1.620640175877704,-0.018088120786610595
0.3447959710934392,0.34510007135387344,-0.0003041002604342591
0.7895486346048881,0.7591089735330795,0.03043966107180862
1.287846303571109,1.2148957394266007,0.07295056414450829
1.813187726920482,1.7682700049067834,0.04491772201369848
0.358055638519887,0.3358222167528987,0.02223342176698828
0.5137493605129019,0.5140208016477872,-0.0002714411348853085
1.751233931023197,2.3457021208196847,-0.5944681897964876
0.1425690897065633,0.25087617639176774,-0.10830708668520445
1.663832243174035,1.503965848432876,0.15986639474115916
1.2508657103673673,1.1665705680769665,0.0842951422904008
2.364044854249585,2.24742663650967,0.11661821773991532
2.5470083733346662,2.3967768878781612,0.150231485456505
1.773368036513022,1.709899367253711,0.06346866925931094
0.3499859125204976,0.32501534605629423,0.02497056646420337
0.3519163175634888,0.34510007135387344,0.006816246209615351
1.6762691150083884,1.5811528442268112,0.09511627078157714
1.1309455133555288,1.0283876111054389,0.10255790225008998
0.7661215645770333,0.8184939358686885,-0.05237237129165517
0.8350555600445821,0.7706412409915719,0.0644143190530102
1.997674772299066,2.3804730149485134,-0.3827982426494474
0.4673925143155363,0.46461327643038486,0.002779237885151442
2.332459149209171,2.1514329777106647,0.1810261714985062
0.7059715900386623,0.589450608487255,0.11652098155140733
0.8077134295995921,0.7297307888994244,0.0779826407001677
0.0734949475923969,0.08842958007769748,-0.01493463248530058
0.8686952413675273,0.9199321383547542,-0.05123689698722689
1.3363641183391146,1.4360828915332764,-0.09971877319416178
1.3085111313264084,1.5040697588531378,-0.19555862752672937
0.3374224567488991,0.336548688884514,0.0008737678643850888
0.2713230371599978,0.2433549948376365,0.027968042322361275
1.9394099961353457,1.8961692168577984,0.043240779277547325
1.9695369731997328,1.9524836968350017,0.017053276364731085
2.2940303747498847,2.177662261824225,0.11636811292565952
2.374695988759468,2.2550063003995935,0.11968968835987459
1.3860437928891698,1.3577390827712876,0.02830471011788216
0.3179601763974304,0.4668964420638647,-0.1489362656664343
0.7560355372191881,0.7469024659981293,0.009133071221058886
1.985052546137083,2.1773406354535867,-0.19228808931650376
0.874011766731831,0.7952911042870847,0.07872066244474629
1.1056558510720405,1.1539429076409502,-0.04828705656890975
1.285947544512429,0.7887849279133012,0.49716261659912786
1.691884147730079,1.436217688197179,0.2556664595328999
1.1655978661764366,1.2097769909922955,-0.04417912481585895
2.1222243259236677,2.0601760180085744,0.062048307915093304
2.067621440783584,1.9288859035065165,0.13873553727706733
2.2279852054921365,2.2634950984661497,-0.03550989297401319
1.5931486766787255,1.6554667617117031,-0.062318085032977644
1.4478484002491996,1.6635714301373068,-0.2157230298881072
1.4545573489232018,1.3471875797599178,0.107369769163284
1.177370172340252,0.7805158510036011,0.396854321336651
1.4352804236588663,1.3764526574292317,0.05882776622963459
1.5565116687368414,2.127550853155873,-0.5710391844190315
0.4434997961604813,0.42931226468905115,0.014187531471430148
2.19906077583158,2.1042247827948524,0.09483599303672774
1.1002805545578491,1.0228603347963587,0.07742021976149038
1.8658104772519872,1.7359280008429292,0.12988247640905803
1.7285934895312232,1.5309939219490865,0.1975995675821367
1.252276217205173,1.1004803792751028,0.15179583793007012
2.2356525743202766,2.2777490671383167,-0.042096492818040065
0.8614799569445437,0.8079073113373118,0.05357264560723196
1.0201212762972471,1.0324765714329343,-0.012355295135687117
0.9193604622499686,0.9319775598165546,-0.012617097566586022
2.4096512392204525,2.304139028271426,0.10551221094902674
2.4876088607822973,2.295337524826861,0.19227133595543622
1.3142707004710703,1.3631596783492528,-0.04888897787818247
1.1408190604606645,1.1243554192132073,0.01646364124745725
2.6677739710449444,2.5857613291019987,0.08201264194294566
0.5102411770730788,0.5438527780020787,-0.03361160092899984
1.1721485849288822,1.7888371279054107,-0.6166885429765285
0.2370730404976679,0.31473499582181813,-0.07766195532415024
1.1357104945303358,0.8179931201647316,0.3177173743656042
0.0696929086563023,0.11509545756347604,-0.04540254890717374
1.7033852027444645,1.7493285454280507,-0.04594334268358624
0.5060458236158761,0.4475740384959336,0.058471785119942554
0.1124828002639569,0.39544639423528644,-0.28296359397132953
2.1923970353449254,2.119937807532253,0.07245922781267256
0.107378755152363,0.12038188083416383,-0.013003125681800828
1.7819757442457038,1.9377728931951324,-0.15579714894942853
2.3084609435958514,2.2550063003995935,0.05345464319625792
1.882600932718268,1.9046199032345927,-0.022018970516324732
0.61201466261832,0.6383562712487384,-0.026341608630418345
1.551737645924565,1.9374428175772413,-0.38570517165267626
0.8218184969649762,0.9959182445000391,-0.17409974753506285
1.0334442356923177,1.1239426819373672,-0.09049844624504955
0.0902040273087797,0.06692896925074668,0.023275058058033024
0.9594875703567366,1.0324765714329343,-0.07298900107619766
1.5722171185927312,1.3741665446686786,0.19805057392405256
1.7789377297518163,1.9420256292438345,-0.16308789949201818
0.3128968189076175,0.42473438111107886,-0.11183756220346136
0.5643829354110318,0.6210528800399779,-0.056669944628946145
0.7128839770747368,0.7297307888994244,-0.016846811824687613
1.3311063641246987,1.4124405876419577,-0.08133422351725894
0.5869148762406995,0.6446338518173891,-0.05771897557668959
1.2946999197104636,1.4298473541405745,-0.1351474344301109
1.1109452512707676,1.2014049046303292,-0.09045965335956163
1.5291469339450094,1.428413973036038,0.10073296090897155
2.3680955402414363,2.295337524826861,0.07275801541457527
1.118314244796573,1.2233608321057396,-0.1050465873091666
0.9916579739451562,0.9404572329276943,0.05120074101746186
1.67832158316989,1.569404402652395,0.1089171805174951
0.4481427142167775,0.3815302743515936,0.06661243986518389
1.3565180895266975,1.309320785304175,0.04719730422252244
2.162667893873549,2.0854123396616706,0.07725555421187824
2.0636159629790822,1.7836623844133457,0.27995357856573655
1.5531481525092028,1.5737688415997175,-0.020620689090514732
0.9233026478326808,1.138129904919219,-0.21482725708653827
0.6824902696796545,0.7461770577397422,-0.06368678806008765
2.0116351729586013,1.7493285454280507,0.26230662753055056
1.976987341715932,2.1609938786215808,-0.18400653690564872
1.199038629956044,1.1896647381398242,0.009373891816219837
0.0950458629084134,0.16217439225319313,-0.06712852934477974
1.1622750378237467,1.199248378037349,-0.036973340213602324
1.5720634094899095,1.8154032915122864,-0.24333988202237689
0.6965410867138855,0.8366664148002876,-0.1401253280864021
1.0375898596371018,1.0672304912450927,-0.029640631607990908
0.5974032595039546,0.6350667338817068,-0.03766347437775219
2.405392593541459,2.3594241124014834,0.04596848113997565
0.1369632296647229,0.21485446287710028,-0.07789123321237737
2.242257544416547,2.2634950984661497,-0.021237554049602814
1.66823103499331,1.6554667617117031,0.012764273281606897
0.8711319821594997,0.8825230825159258,-0.011391100356426098
1.9662940117164085,2.0102874960283077,-0.0439934843118992
0.7486529812371785,1.0283876111054389,-0.27973462986826036
1.2708298056490823,1.171145664891073,0.09968414075800935
1.6428057471351067,1.6568544930935254,-0.014048745958418651
1.624179824831937,1.6719731365034307,-0.0477933116714937
0.7190730275435533,1.199248378037349,-0.4801753504937958
1.4474686484374637,1.2979647012132323,0.14950394722423144
1.0218934514186817,1.1771691512608347,-0.15527569984215295
2.4868674409401006,2.345892734330693,0.1409747066094078
0.7641685551872003,0.7928142537606753,-0.028645698573474987
1.203161649553987,1.1881020455733138,0.015059603980673186
0.0392042630551183,0.16037504747872655,-0.12117078442360825
0.8042052461597691,0.8560093553714285,-0.051804109211659455
2.445745745116645,2.377275249447036,0.06847049566960894
1.688014296006627,1.6568544930935254,0.031159802913101498
0.992779145852257,1.4307016841627063,-0.43792253831044925
0.854138088584315,0.7320418361756883,0.12209625240862665
1.3769071450606645,1.3312635441238616,0.045643600936802864
1.805267188698844,1.5699219068726142,0.23534528182622982
2.275327598021888,2.2700652528263534,0.005262345195534479
2.3307080705667174,2.1666243834917926,0.1640836870749247
1.1330341483200768,1.2018386850583558,-0.06880453673827902
1.161931452815057,1.243814204145875,-0.08188275133081802
1.6782492495637975,1.4091107643633576,0.2691384852004399
0.9481899539575912,0.8785566825388337,0.06963327141875753
0.6841675068481552,0.7461770577397422,-0.062009550891586995
1.35564104360345,1.3969599079784119,-0.041318864374961795
0.1587808753114345,0.1450655501235698,0.013715325187864696
0.3369658505123361,0.2847568675805614,0.05220898293177467
1.890069385015742,1.8928528454479359,-0.002783460432193907
1.2663812845705569,1.4091107643633576,-0.1427294797928007
0.4178710696870378,0.3358222167528987,0.0820488529341391
0.3271375118477165,0.5254985936456743,-0.1983610817979578
0.613850129708377,0.6978269949521664,-0.08397686524378933
1.079724227211688,1.3471875797599178,-0.2674633525482297
1.6655727723111582,1.7673210243169941,-0.10174825200583593
0.508057604155597,0.4760088762276981,0.03204872792789887
2.6530540667619373,2.421590690488764,0.23146337627317326
1.2548440627531254,1.4320627703937336,-0.1772187076406082
0.309130946774569,0.3815302743515936,-0.07239932757702461
1.2327099572633005,1.1609506625605177,0.07175929470278275
0.3921700096075021,0.37415961968946804,0.018010389918034053
1.592660424457851,1.5980360911717923,-0.005375666713941296
1.1314202031201988,1.0672304912450927,0.06418971187510603
1.8825918920934697,1.7085209833262083,0.1740709087672614
0.7802447152173565,0.9797676255270085,-0.19952291030965197
0.2770735646671904,0.2949971836995128,-0.01792361903232237
2.206465936160431,2.3033976534762166,-0.09693171731578554
2.002254399399411,1.977923363205289,0.024331036194122024
1.1407738520201487,1.1967893583880318,-0.056015506367883106
0.1428945911871462,0.1960946103626763,-0.053200019175530106
0.3288644785286353,0.48945544949297215,-0.16059097096433683
1.0308989944912068,0.715461075717973,0.3154379187732338
0.3673821622542602,0.29553739376985955,0.07184476848440063
2.4667586786993687,2.310259986673883,0.15649869202548583
1.1745853257208547,0.9048837572826742,0.2697015684381805
1.2468014619193124,1.1241034109162777,0.12269805100303466
1.4849013270590337,1.5190759179269948,-0.03417459086796115
0.6914777292240726,0.6877852079868475,0.003692521237225077
0.7083269553339052,0.6638734771633288,0.04445347817057643
0.9600571980743404,0.8860706502337395,0.07398654784060088
1.9959252025371448,1.986859001328981,0.009066201208163704
1.3778113161494887,1.4360828915332764,-0.05827157538378769
1.5775019979727236,1.5058050565173153,0.07169694145540828
0.8126502031521599,0.8457797165049707,-0.03312951335281089
1.33493552822637,1.4103575666834849,-0.07542203845711493
1.2619282424201288,1.2233608321057396,0.03856741031438915
2.4449862414931727,2.261309339629099,0.18367690186407382
0.0314645596082143,0.2967062906272687,-0.2652417310190544
1.1332240242259448,1.2163391220496496,-0.08311509782370474
1.3823032375435704,1.5186066438590664,-0.13630340631549598
0.6380547868878108,0.6537592481990183,-0.015704461311207507
2.016052048559151,1.9791914771552992,0.036860571403851905
1.5206341641652614,1.3619708478334147,0.15866331633184672
2.288600827651372,2.3904442322477535,-0.10184340459638141
0.8255617647511828,1.436217688197179,-0.6106559234459963
2.3386512126288617,2.3594241124014834,-0.020772899772621756
1.6235649886738173,1.5946642055670563,0.02890078310676092
0.4457783070308972,0.49129283875914836,-0.04551453172825115
1.4098415730912908,1.3164214462676798,0.093420126823611
0.7714471315788064,0.7871471438946456,-0.015700012315839174
1.362982911963679,1.730713963833379,-0.3677310518697001
0.6274579029622495,0.5178349157705424,0.10962298719170704
1.208826280745715,1.151510125088126,0.057316155657589185
1.3388912762652865,1.1148064146906211,0.22408486157466534
0.6207489542882473,0.49993194329202806,0.12081701099621922
0.6155590128611891,0.8722598508340259,-0.2567008379728368
0.3936890168544459,0.4924130597640813,-0.09872404290963538
0.4472023763249071,0.46461327643038486,-0.017410900105477745
0.4875510063218544,0.3473976556340418,0.1401533506878126
1.0792043290065023,0.7805158510036011,0.2986884780029012
0.7116543047584977,0.6546585162674057,0.05699578849109199
0.7454341324748922,0.6913148406247669,0.05411929185012532
2.490425353386006,2.108901213211681,0.3815241401743248
1.681829766609713,1.5946642055670563,0.08716556104265671
1.8466782189466684,1.8157280134606129,0.030950205486055538
0.8149106304944684,0.8722598508340259,-0.05734922033955747
0.8018589225019959,0.7624812551074441,0.03937766739455173
1.075628332779322,0.8937422015050338,0.1818861312742881
2.17872597012243,2.2486148702617292,-0.06988890013929927
1.8640383021305529,1.7011114326465808,0.16292686948397206
0.7080376206563685,0.6638734771633288,0.044164143493039765
2.065162094632099,1.9091278654432202,0.15603422918887877
0.5599886644104914,0.7299250654335646,-0.16993640102307317
1.939025722745371,1.8280228146922668,0.11100290805310431
2.093119060982041,2.127550853155873,-0.034431792173831965
0.6282490525700327,0.4245731519361755,0.2036759006338572
1.38367034406582,1.2979647012132323,0.08570564285258775
2.025102800072192,1.8715557149025226,0.15354708516966942
1.3480686117155722,1.4124405876419577,-0.06437197592638544
0.5593195779212188,0.6210528800399779,-0.06173330211875916
2.375979911913196,2.3144009418956806,0.061578970017515555
1.3126567552711927,1.3675960728389098,-0.05493931756771708
0.1819547774647985,0.12092579944666587,0.06102897801813262
1.619912137768642,1.482935825410191,0.1369763123584511
2.4475902528315,2.6461932154748795,-0.1986029626433794
2.439443672660452,2.466826932352548,-0.027383259692095763
1.3532178655208498,1.2107904770841311,0.14242738843671865
1.474842424866765,1.5084453215561777,-0.03360289668941263
0.7777311200005572,0.7558504967781593,0.02188062322239792
1.4205695617728322,1.3685196249752658,0.05204993679756642
1.39470123013427,1.4474057597226255,-0.052704529588355475
1.2560420893382211,1.1771691512608347,0.07887293807738649
1.2239575820652662,1.2979647012132323,-0.0740071191479661
2.101781020058548,1.8675492685512585,0.2342317515072896
0.1880217648151046,0.17352300766771986,0.014498757147384744
1.9291024458746493,1.8894795737158852,0.039622872158764144
0.8369724026313692,0.8998045935388099,-0.06283219090744074
1.7569844585303898,1.8173290674743183,-0.06034460894392857
2.4792226749397948,2.316481215943133,0.1627414589966616
1.631521693192166,1.5309939219490865,0.10052777124307943
1.3968350735393338,1.502612149532462,-0.10577707599312824
1.1356743274741217,1.1534916374283195,-0.017817309954197835
1.5069630989427665,1.5058050565173153,0.0011580424254511446
1.896118289597444,1.483705502846211,0.41241278675123305
0.4462846427798785,0.3473976556340418,0.09888698714583671
2.3905913135085544,2.135916860484802,0.25467445302375236
1.8116687194203704,1.8459748751335996,-0.03430615571322915
0.3424541682544008,0.4072812408537987,-0.0648270725993979
0.7874961664433862,0.8365707861079613,-0.04907461966457516
1.0109755868312724,0.9450333896658891,0.0659421971653833
1.5164252482518543,1.2865097881309235,0.22991546012093078
0.9383480528367674,1.0346805814720965,-0.09633252863532915
1.8275685660008627,1.9139205066992178,-0.08635194069835506
0.6964145027766403,0.8184939358686885,-0.12207943309204816
2.036156289221645,2.02196343910081,0.014192850120835043
0.3392895698232677,0.336548688884514,0.002740880938753687
0.7775864525352049,0.8421514523094332,-0.06456499977422836
2.199919738986224,2.200215056509441,-0.0002953175232169869
1.796270687516956,1.7985208879264813,-0.0022502004095252826
1.8549106964458528,1.482935825410191,0.37197487103566185
0.4469175624661051,0.3758212486656074,0.07109631380049769
1.9005668111823055,2.048655282623729,-0.14808847144142345
0.3525537580684502,0.3374910903348385,0.015062667733611701
2.487830382672477,2.295337524826861,0.19249285784561598
1.4314874263602415,1.3627991392227015,0.06868828713754005
2.2183286586989417,1.7888371279054107,0.429491530793531
1.4897793294617134,1.662248801861859,-0.17246947240014565
1.2079356723662629,1.436217688197179,-0.22828201583091623
1.886823410834711,1.831302841768108,0.055520569066602965
2.096193243038478,1.8680775110648855,0.2281157319735927
0.9558889697827144,0.916723984123019,0.039164985659695395
1.2518648194091255,1.1771691512608347,0.07469566814829087
1.2168960067451045,1.6800746518564926,-0.4631786451113882
0.853188709054975,0.5523797853752888,0.30080892367968626
0.7285668228369526,0.8053670128396143,-0.0768001900026617
1.472532268012038,1.5185883841988546,-0.04605611618681649
0.8213212028534645,0.8567043558197691,-0.035383152966304565
1.4017085551232786,1.9304150220438965,-0.5287064669206178
2.117350844339722,2.3033976534762166,-0.1860468091364944
2.260860861613371,2.1455507385336783,0.11531012307969268
1.2214259033203598,1.0672304912450927,0.1541954120752671
0.8736817444325133,0.7663380865512731,0.10734365788124023
1.0124539064564353,0.8179931201647316,0.1944607862917037
2.437798081476262,1.9571589833888465,0.48063909808741556
1.3151251420474763,1.2447610078536844,0.07036413419379195
2.2357384716484123,2.141596596443529,0.09414187520488326
1.406613682691535,1.4307016841627063,-0.024088001471171294
2.1093941400745417,2.0973894060528924,0.012004734021649366
0.939758559674573,1.0385711567674556,-0.09881259709288259
1.2577374100348286,1.5039340519367141,-0.2461966419018855
2.0899454219261093,2.02196343910081,0.06798198282529944
0.129549027445234,0.05953603900710129,0.07001298843813271
0.2138177628475742,0.1726537193401166,0.04116404350745759
0.2452377044499913,0.2668313018709508,-0.02159359742095948
2.400202652114401,2.3265720506295584,0.07363060148484246
0.7792139601912871,0.7000284409887366,0.07918551920255046
2.3717212662342027,2.301896713470216,0.06982455276398669
1.7388648719762012,1.8459748751335996,-0.10711000315739838
2.5471982492405343,2.7036426177485358,-0.15644436850800147
1.9196267343625253,1.5648869601549251,0.35473977420760017
1.722372793331263,1.522286714754137,0.2000860785771259
0.5522670442385267,0.551086126046453,0.0011809181920736656
2.3611515074742178,2.249517273072548,0.11163423440166964
1.8251227845840925,1.8894795737158852,-0.06435678913179266
0.1242686688839765,0.06156366233598713,0.06270500654798937
1.1945901086243509,1.126931355075287,0.06765875354906381
1.032815836824826,1.1228512291401032,-0.09003539231527724
1.2751698263184696,1.5280821837869123,-0.25291235746844265
2.053516372405529,1.8253345535085908,0.22818181889693845
1.7323141532237556,1.6557563061381708,0.07655784708558477
0.5317966132078302,0.5772027582411778,-0.04540614503334761
0.2561450202915742,0.2668238049154662,-0.01067878462389199
1.9845462103881024,1.8015379994173608,0.1830082109707416
0.7790331261760565,1.199248378037349,-0.4202152518612926
1.2133833024865466,1.2618558033807303,-0.048472500894183757
2.362887515033103,2.295337524826861,0.06754999020624197
2.4784405659568094,2.502287225602809,-0.023846659645999413
2.105632789519732,1.9377728931951324,0.16785989632459986
2.192433202907475,1.9290363883865915,0.2633968145208836
1.6179455659226047,1.6867024147161267,-0.06875684879352195
1.1236669369639227,0.7414490464858136,0.38221789047810917
0.9910069707308224,0.8629420843129021,0.12806488641792035
0.9539495231022536,0.7663380865512731,0.18761143655098045
1.519051864949695,1.4298473541405745,0.0892045108091204
1.4618042793304966,1.3685196249752658,0.09328465435523081
0.8357065632589159,1.0346805814720965,-0.19897401821318061
1.0889467713556575,0.854324268070755,0.23462250328490253
0.3750133652920258,0.5523797853752888,-0.17736642008326298
0.5776154776719028,0.6401121886046445,-0.06249671093274167
0.8512266580276725,0.8372173748033718,0.014009283224300728
0.848220289518096,0.8570220246593122,-0.008801735141216183
0.8780579319049465,0.7978998194393644,0.08015811246558213
1.6611106885232605,1.7473228385119464,-0.08621214998868587
0.2508526061293012,0.18653599217071815,0.06431661395858307
0.7418897822320232,0.6497640358007256,0.09212574643129756
1.9101012930848145,1.7455762017913452,0.16452509129346926
0.2864769428263906,0.5438527780020787,-0.2573758351756881
2.320169957791044,2.24742663650967,0.0727433212813744
1.4649733985803646,1.4474057597226255,0.017567638857739043
0.5638494744964739,0.8560093553714285,-0.2921598808749546
0.4332058096218291,0.39169090610883006,0.041514903512999024
1.3928160335317945,1.416023422888407,-0.023207389356612484
0.4339653132453011,0.37415961968946804,0.05980569355583304
1.8341283253781064,1.8406107780369256,-0.006482452658819193
1.1105444022205466,1.129279899972224,-0.018735497751677377
0.2384971097916778,0.14597238118103067,0.09252472861064712
2.0931733123258653,2.064000857852233,0.02917245447363248
2.3531224680839378,2.232907736242271,0.12021473184166664
0.6234072169703992,0.6083599429801013,0.015047273990297927
0.96514768072973,0.8825230825159258,0.08262459821380419
2.386183481064481,1.8072818822189323,0.5789015988455488
2.097459082410932,1.9240481516511758,0.17341093075975622
1.6043965638186202,1.5953516086557122,0.00904495516290793
1.175240849753923,1.1771691512608347,-0.0019283015069115894
2.563251803911177,2.4041305139343447,0.15912128997683217
1.5648752502325023,1.7809981381955435,-0.21612288796304124
1.1820763823651703,1.2018386850583558,-0.019762302693185463
0.8085452668291562,0.7792078747695971,0.029337392059559098
0.4443813629024638,0.4780247553744654,-0.033643392472001654
1.620309973108485,1.6428595582461283,-0.02254958513764338
0.3839827413083369,0.39169090610883006,-0.007708164800493189
1.8363706712176515,1.8157280134606129,0.020642657757038663
0.1437625952197564,0.19534846341612103,-0.051585868196364626
0.9984573395001894,1.2965189787184812,-0.29806163921829176
1.803707493830119,1.648888507718143,0.15481898611197598
1.893455505337054,1.6966284282394937,0.19682707709756042
1.7343711422039922,1.826784649165869,-0.09241350696187678
0.8283646948986871,1.0241733406380569,-0.19580864573936974
2.1250408185273764,2.3594241124014834,-0.23438329387410706
0.6425756418255965,0.8053670128396143,-0.16279137101401786
0.5110006806965508,0.5288777039404542,-0.01787702324390339
0.976070066135874,1.8715557149025226,-0.8954856487666486
1.2315887851030318,1.3619708478334147,-0.13038206273038289
0.3398953643439177,1.61673148982345,-1.2768361254795322
0.9897727773426804,1.1046020921505046,-0.11482931480782421
1.4828036504570163,1.436217688197179,0.046585962259837244
1.228699958893231,1.3577390827712876,-0.1290391238780566
1.954925569072696,1.151510125088126,0.8034154439845702
0.9297086991197738,0.7727098171933667,0.1569988819264071
0.5178362133077983,0.4839343951861685,0.03390181812162979
1.2077910049009108,1.1243554192132073,0.0834355856877036
0.9779371792102424,0.9623785076021093,0.015558671608133068
1.5745272754474584,1.986859001328981,-0.41233172588152267
0.9950576567226728,1.1447075301773693,-0.1496498734546965
1.054009604675948,1.020624226253439,0.03338537842250888
0.6410204677756065,0.6083599429801013,0.032660524795505186
1.2083515909810452,1.2453922426390203,-0.0370406516579751
2.067585273221035,1.9240481516511758,0.1435371215698591
1.6162954539196808,1.6568544930935254,-0.040559039173844624
1.943456160548957,1.8894557581466778,0.054000402402279324
2.038932095216244,2.1609938786215808,-0.12206178340533658
1.366581512537701,1.5084453215561777,-0.14186380901847673
0.2407439746777823,0.3342337954829766,-0.0934898208051943
2.0599766747832797,1.9072741074557087,0.15270256732757104
0.6874225224134876,0.7438539628556797,-0.05643144044219217
0.3674544958603525,0.3473976556340418,0.020056840226310713
0.423042927839157,0.5005998194136423,-0.07755689157448531
1.7919035416819924,1.7136288552844618,0.07827468639753055
0.4114695392186793,0.36787525043691205,0.04359428878176724
0.4779306270912097,0.7544941445177866,-0.2765635174265769
1.658294195919552,1.571434597600918,0.08685959831863399
0.4900962475229651,0.43840349987815674,0.05169274764480836
1.4069617885189598,1.483705502846211,-0.07674371432725113
2.256998243908765,2.1514329777106647,0.10556526619810036
0.3609806315327338,0.5342666940505106,-0.17328606251777684
2.1097558081050027,2.163205246047813,-0.053449437942810096
0.6973005903373577,0.6886988402099172,0.008601750127440466
1.760130973433416,1.7136288552844618,0.04650211814895422
0.4439744859251512,0.44087333041257626,0.003101155512574949
0.818789524108558,1.0400774630948528,-0.22128793898629484
1.862379148743327,1.9911037192283518,-0.12872457048502484
1.3655869245678454,1.4782251740917227,-0.11263824952387735
1.814453566292935,1.566929036420173,0.2475245298727622
0.969053699256228,0.8910109528104935,0.0780427464457345
1.7961441035797103,1.503965848432876,0.2921782551468344
1.74168136457991,1.6794805646261657,0.06220079995374439
1.2486233665531654,1.3556445867490352,-0.10702122019586979
1.1745220337522322,1.157599967731089,0.0169220660211431
1.8055429609201763,1.9420256292438345,-0.13648266832365819
1.3690951077545006,1.4124405876419577,-0.04334547988745707
1.6123171015339226,1.5528593036582767,0.05945779787564587
2.0093114539008377,1.4369417374484879,0.5723697164523498
1.6816489323413146,1.52136832386486,0.16028060847645453
0.877406928690613,1.3414265239766747,-0.46401959528606174
0.783630835538669,0.8860706502337395,-0.10243981469507057
0.8478721836906713,0.7978998194393644,0.04997236425130691
0.1493820179709691,0.25087617639176774,-0.10149415842079865
1.7237109663098085,1.9780530599512214,-0.2543420936414129
2.506881265227898,2.305825997604129,0.20105526762376869
1.7657323126565216,1.9673220482554261,-0.20158973559890447
0.8731573251554251,1.2619582824702087,-0.3888009573147836
1.317277068980647,1.5528593036582767,-0.23558223467762973
1.860448743700336,1.7560461016057243,0.10440264209461181
0.9834481012991492,1.0967126264274027,-0.11326452512825358
0.7316545668432589,0.6913148406247669,0.04033972621849202
0.2159968149463212,0.20739046537441239,0.008606349571908811
0.1439705546537315,0.16217439225319313,-0.018203837599461647
0.9677516930807288,1.092402465471036,-0.1246507723903072
0.5645140401670118,0.5736482920744506,-0.009134251907438773
2.26440521185624,2.401594147187856,-0.1371889353316158
1.0736481982239126,1.0931884758307673,-0.019540277606854728
0.8865933060315365,0.7828168507426626,0.10377645528887391
1.3418253111687704,1.307935771580107,0.033889539588663364
1.4416141413398675,1.5386240526818413,-0.09700991134197379
2.1537753722820647,2.0472356372052007,0.10653973507686398
0.2800392455549861,0.336548688884514,-0.0565094433295279
2.461442153335065,2.4863155106034975,-0.02487335726843254
0.1982750637319758,0.2591383992216113,-0.06086333548963552
0.4190284086503528,0.5365901938881124,-0.11756178523775956
0.2240891452925526,0.19581698811170367,0.02827215718084894
0.4042000044645427,0.34067063772703626,0.06352936673750642
1.281607523843042,1.2270709210845339,0.054536602758508135
2.235232135899431,2.119937807532253,0.11529432836717834
0.2306805516667789,0.1772764283696754,0.053404123297103506
1.859481280389721,1.8654871772310286,-0.006005896841307701
1.142871528622166,1.0277736595282903,0.11509786909387576
1.62924318232175,1.3262520208543946,0.3029911614673553
0.5211273956761768,0.5171877346338106,0.003939661042366205
2.405745220947122,2.2817567260745193,0.12398849487260266
1.3784261523076085,1.2055131786943383,0.17291297361327018
0.7115412832774567,0.6828057508068305,0.028735532470626213
0.1892243122189351,0.19581698811170367,-0.006592675892768574
2.02689758055314,1.9590634773721125,0.06783410318102767
2.472436872094133,2.3457021208196847,0.12673475127444833
0.1640341087071155,0.2591383992216113,-0.09510429051449582
0.8798979198137387,0.9112890608303748,-0.03139114101663609
0.8091239364373978,0.9062338476975588,-0.097109911260161
1.5850473046950246,1.683554699100039,-0.09850739440501433
2.5091462138952774,2.3033976534762166,0.20574856041906076
1.522691153145498,1.859536771461713,-0.33684561831621496
1.1146975609476115,1.0277736595282903,0.08692390141932127
0.6344019359826354,0.41006939352526106,0.22433254245737433
0.3111879357548056,0.4361192264721426,-0.124931290717337
1.1318948928848689,1.0443852413875399,0.08750965149732903
1.5869641472818117,1.7985208879264813,-0.21155674064466967
2.1376042742989743,2.4195839944747126,-0.28197972017573836
1.3745201337811104,1.4360828915332764,-0.06156275775216602
1.0281503146748556,0.8204627185041509,0.20768759617070476
2.124765045293372,1.9992320080884214,0.1255330372049508
0.5530581938463099,0.44087333041257626,0.11218486343373368
0.3913472140154075,0.5599928498903849,-0.16864563587497738
2.135253430835138,1.9590634773721125,0.17618995346302535
0.5306211909695762,0.4839343951861685,0.046686795783407675
0.6212010397060755,0.7497495589723009,-0.12854851926622535
0.3204014380081377,0.34510007135387344,-0.024698633345735743
0.297905663981516,0.31926090811013047,-0.021355244128614448
2.26049919358291,1.9992320080884214,0.2612671854944886
1.129128129793579,1.1539429076409502,-0.024814777847371294
1.699782081351707,1.9072741074557087,-0.20749202610400164
1.1001223246362923,1.0967126264274027,0.003409698208889589
1.3579557212769118,1.3622066554365921,-0.004250934159680364
0.6322319257745257,0.7497495589723009,-0.1175176331977752
2.0547822117779826,1.7677350775419478,0.2870471342360348
0.9020727131785122,0.7828168507426626,0.11925586243584962
2.023267332982135,1.9207754954035088,0.10249183757862612
2.1831021591138704,2.2389655379018842,-0.05586337878801384
2.525457458018649,2.212250348860613,0.3132071091580362
2.600236918946325,2.5777105019576907,0.022526416988634335
0.4070210178869861,0.39544639423528644,0.011574623651699645
0.3647645871938893,0.48680771367510606,-0.12204312648121673
1.1629079575099734,1.1353515714052864,0.027556386104687025
2.1919991997519146,2.031899694706459,0.16009950504545545
0.6897372000869493,0.5947441523925638,0.09499304769438544
2.367702226226664,2.0091272743780193,0.35857495184864474
0.9427784906403536,0.8588064926544863,0.0839719979858673
0.2700571977875445,0.2798812268970402,-0.009824029109495702
2.071961462212476,1.977923363205289,0.09403809900718674
1.474557611007963,2.1792014199062675,-0.7046438088983045
2.532039822755406,2.2939235317379043,0.23811629101750187
0.5246717459190459,0.5331364617976913,-0.00846471587864539
0.2505225838299837,0.41052266054775943,-0.16000007671777572
0.1333058579408129,0.2713733880916175,-0.13806753015080458
2.0457766684522896,1.8621375535611457,0.18363911489114382
2.3230316585821003,2.0815940791115914,0.2414375794705088
1.2131075302652146,1.2148957394266007,-0.0017882091613861117
1.4922431954192623,1.80587197128605,-0.3136287758667877
1.4066453286758465,1.309320785304175,0.0973245433716714
1.4220569230354647,1.6087897927948662,-0.1867328697594015
0.2281172269375611,0.1772764283696754,0.0508407985678857
1.0637384843157311,0.9596247177461495,0.1041137665695816
2.1622881420618127,2.044715776869441,0.11757236519237191
0.5424884350863254,0.5043867530568118,0.038101682029513584
0.3586569122218023,0.42931226468905115,-0.07065535246724886
1.11338199206274,1.1895022488129088,-0.07612025675016887
0.5351601291823008,0.6886988402099172,-0.1535387110276164
1.6572182324529667,1.6867024147161267,-0.029484182263159964
1.964627324053238,2.1310779528752737,-0.16645062882203576
1.5030570804162684,1.4091107643633576,0.09394631605291082
0.6449626531051506,0.6401121886046445,0.00485046450050608
0.3152069757623446,0.23786003453638904,0.07734694122595553
2.512943732012637,2.4365269813887465,0.07641675062389064
1.3343342545244548,1.483705502846211,-0.1493712483217562
1.3686611058647793,1.1733242495313292,0.1953368563334501
1.3441761556452785,1.9341117191897692,-0.5899355635444907
1.8550056343987864,1.7809981381955435,0.07400749620324287
2.2119723374306024,2.1133123452429747,0.09865999218762767
0.4768953512464052,0.4640000739013623,0.012895277345042921
0.1390021351168525,0.12097632126077221,0.01802581385608029
0.5267287348992823,0.4924130597640813,0.03431567513520101
0.0599278619603054,0.08276875847847023,-0.022840896518164837
2.5680619935264994,2.502287225602809,0.06577476792369064
1.7319931725619075,1.9137824165617425,-0.18178924399983498
0.882144784699843,0.8507798026412987,0.03136498205854432
0.5902738713964353,0.3358222167528987,0.2544516546435366
1.4130694634910466,1.6410291964351664,-0.22795973294411986
1.2259467582581454,1.1241034109162777,0.10184334734186762
0.1235588947729228,0.11297837614980467,0.010580518623118124
1.1820221320340176,1.1437261946223338,0.0382959374116838
2.608243352977092,2.6251848927765664,-0.016941539799474548
1.252782552954154,1.2163391220496496,0.036443430904504526
0.0561303438429456,0.20355452381780278,-0.14742417997485718
0.5146535313485582,0.48945544949297215,0.02519808185558603
1.808522204264176,1.7594181508992797,0.049104053364896316
1.482912150866155,1.9744523197881965,-0.49154016892204155
2.109376056293267,2.016992814660259,0.09238324163300815
1.062581145605584,0.9463311340152012,0.11625001159038284
1.139001676898714,1.3262520208543946,-0.18725034395568074
0.5024562649324914,0.5886172662352531,-0.08616100130276172
0.2524213428886636,0.2310233633434544,0.021397979545209167
0.9349122030030366,0.8421514523094332,0.09276075069360334
1.7066763851128426,1.8928528454479359,-0.18617646033509327
1.1202175246739876,0.9199321383547542,0.20028538631923343
1.5031655808254067,1.4038739596407663,0.09929162118464041
0.3398908435251829,0.34879377306543125,-0.00890292954024835
2.099629093125377,2.0472356372052007,0.05239345592017619
0.8164477212695196,0.7443461386967808,0.0721015825727388
0.7562254131250563,0.6828057508068305,0.07341966231822583
0.3951944616451855,0.4301216289762569,-0.034927167331071374
0.9416392352051456,1.3619708478334147,-0.4203316126282691
0.5258742933228765,0.5171877346338106,0.00868655868906587
2.2008962429216368,1.3471875797599178,0.853708663161719
1.084520854370806,1.2459773359670216,-0.16145648159621562
2.141243562494777,2.0854123396616706,0.0558312228331066
1.3744478001750182,1.2107601826926602,0.16368761748235805
0.9084019100407784,1.0241733406380569,-0.11577143059727846
0.6291984320993727,0.8421514523094332,-0.21295302021006057
1.1969273906446545,1.2703050463193988,-0.0733776556747443
0.9379863845531384,0.7663380865512731,0.17164829800186532
1.7931693810544456,1.7985208879264813,-0.005351506872035783
1.3737244633545924,1.6568544930935254,-0.283130029738933
0.3585936202531797,0.39590766445151515,-0.03731404419833545
1.669275352475584,1.5347116329417374,0.1345637195338465
0.2378687109241859,0.39169090610883006,-0.15382219518464416
2.041834485148088,1.892867981477144,0.148966503670944
1.650445991810342,1.6696843849370762,-0.019238393126734143
0.8517962857452765,1.1046020921505046,-0.2528058064052281
0.2015210376598385,0.23086870241423757,-0.029347664754399067
2.225295296825673,1.9300156544303158,0.2952796423953572
1.7570296669709056,1.8928528454479359,-0.1358231784770303
0.8633787160032236,1.436217688197179,-0.5728389721939555
1.822441916542427,1.9673220482554261,-0.14488013171299907
0.9829372447314328,1.0425725251215703,-0.059635280390137435
2.107043294079027,2.1927266773304104,-0.08568338325138347
0.6263728978581946,0.3358222167528987,0.2905506811052959
2.345866497051845,2.006671950010502,0.3391945470413429
0.7452653538075094,0.9452331165435947,-0.1999677627360853
0.0148278134979237,0.11373571717646465,-0.09890790367854095
0.3103018481940882,0.29553739376985955,0.014764454424228635
1.4720892242316792,1.530337323653621,-0.05824809942194187
0.4357374883667356,0.49129283875914836,-0.05555535039241277
0.8569229352037121,0.8838071906882193,-0.026884255484507236
0.4847435553556155,0.28101183559877124,0.20373171975684423
2.3318473260019257,2.2407785368807374,0.09106878912118832
0.6491986941841342,0.8406205721985938,-0.19142187801445953
0.7511304096509318,0.8629420843129021,-0.11181167466197028
0.1983383557005985,0.31473499582181813,-0.11639664012121964
0.4540017421331085,0.32501534605629423,0.12898639607681428
2.413159421900772,2.4041305139343447,0.009028907966427191
0.5611640866487454,0.5068715709005003,0.05429251574824512
0.9682851539952864,0.9813618973935305,-0.013076743398244162
2.3083660056429176,2.379750105844036,-0.07138410020111818
1.7298774124317833,1.574822465559192,0.15505494687259125
1.277529712685615,1.157599967731089,0.11992974495452602
0.7522696650861399,1.2367958665805314,-0.4845262014943915
0.1628586864688614,0.2713733880916175,-0.10851470162275609
1.4452850755199818,1.433590740318372,0.011694335201609674
0.9217655570576296,0.7828168507426626,0.13894870631496703
0.9209156362999584,0.8910109528104935,0.029904683489464956
0.6310384200081648,0.5846417276611902,0.04639669234697463
2.5220080457287146,2.463830036033797,0.0581780096949176
1.2475383611959423,1.1946018541296453,0.052936507066297045
0.1363483932534355,0.10628157837816313,0.03006681487527238
1.168839319032397,1.0967126264274027,0.07212669260499416
0.6771511399685092,0.589450608487255,0.08770053148125423
2.0953568852433477,2.1042247827948524,-0.008867897551504633
0.463585954560707,0.4301216289762569,0.033464325584450116
1.889535924860688,2.356062173920117,-0.4665262490594291
0.280744498847305,0.3396414529819679,-0.05889695413466289
0.4883964062607907,0.4638468749930624,0.024549531267728353
0.9250883854103192,0.9112890608303748,0.013799324579944483
0.9224346435469024,1.1733242495313292,-0.2508896059844268
1.4573060287395527,1.5476845386693978,-0.09037850992984509
0.6738509159626611,0.6638734771633288,0.009977438799332328
0.6981866778980746,0.6383562712487384,0.059830406649336254
2.235724909445376,2.177662261824225,0.05806264762115099
1.195440029382022,1.2453922426390203,-0.04995221325699828
2.176655418939157,1.9220508099996778,0.2546046089394791
1.2337587955643092,2.5777105019576907,-1.3439517063933815
0.4287717550619878,0.5463115777465625,-0.11753982268457469
0.6123763309019488,0.49993194329202806,0.1124443876099207
1.513513817695212,1.4115749648389295,0.10193885285628257
0.7932195687850023,0.9117527605245378,-0.11853319173953547
1.90595566914003,1.7809981381955435,0.12495753094448636
0.1101636017717603,0.18263462739793054,-0.07247102562617025
1.2242695210896448,1.1584135876728605,0.0658559334167843
1.7269659818751408,1.8574292884394563,-0.13046330656431548
1.9312724565890949,1.8154032915122864,0.11586916507680844
1.75095363798313,1.7399592212710486,0.010994416712081456
0.8264840191149464,0.7978998194393644,0.02858419967558201
1.9190118984575733,1.9590634773721125,-0.040051578914539254
1.9062450045770705,1.748876019273504,0.15736898530356647
1.293479288778526,1.441486692832311,-0.14800740405378487
1.2290932731611712,1.61673148982345,-0.3876382166622787
0.8608786832426285,0.7978998194393644,0.06297886380326412
1.5402727579663935,1.4423328231033135,0.09793993486308006
1.2574978046165426,1.1609506625605177,0.09654714205602488
1.8906073667490344,1.88927192430526,0.0013354424437743706
0.8608153912740059,0.8629420843129021,-0.0021266930388962324
2.462513595223412,2.400705265208884,0.06180833001452779
0.6070236387345991,0.2433549948376365,0.3636686438969626
0.3427706280975142,0.34510007135387344,-0.0023294432563592538
0.8370085694344152,0.8204627185041509,0.016545850930264283
1.5673617205368933,1.507449543163303,0.059912177373590225
0.3577256162205695,0.2433549948376365,0.11437062138293297
2.6369462607474694,2.379086494200976,0.25785976654649323
1.1388886554176731,1.0706538483289416,0.06823480708873153
1.941724672036632,1.9673220482554261,-0.02559737621879421
0.515738536705781,0.44087333041257626,0.0748652062932047
1.6095684217175714,1.6474307114797027,-0.03786228976213124
2.2723980836839703,2.2407785368807374,0.03161954680323298
0.4654937552568565,0.39590766445151515,0.06958609080534134
1.4718450979946582,1.1241034109162777,0.3477416870783805
1.943460682127196,2.1212427729348957,-0.1777820908076997
2.339790468064069,2.2777490671383167,0.06204140092575239
1.3546509764523291,1.2782605854478648,0.07639039100446432
0.1432562594707752,0.19534846341612103,-0.05209220394534583
1.0969577262051593,1.1935272697012211,-0.09656954349606184
0.3136382390029824,0.11522937855248117,0.1984088604505012
0.2314310136527814,0.24741421190200324,-0.01598319824922184
2.339663884126824,2.497379560452752,-0.15771567632592776
0.6767834437577884,1.61673148982345,-0.9399480460656615
2.216023023422453,2.044715776869441,0.17130724655301233
0.5476467305290722,0.5178349157705424,0.029811814758529787
0.1019898959287993,0.38099353444991235,-0.27900363852111304
2.1222876178922903,1.9374428175772413,0.1848448003150489
1.0052160176866105,1.0166573824315654,-0.01144136474495494
0.8367192347568785,1.61673148982345,-0.7800122550665715
1.6178506279696707,1.5699219068726142,0.04792872109705648
2.1049139725053694,1.9091278654432202,0.19578610706214916
0.335966741470578,0.39590766445151515,-0.05994092298093717
0.6898637840241948,0.6383562712487384,0.0515075127754564
0.861321727022987,0.7928142537606753,0.06850747326231177
0.09710285188865,0.09076957696494471,0.006333274923705293
1.452183900099852,1.3627991392227015,0.08938476087715053
0.5343554171183131,0.39169090610883006,0.14266451100948307
0.3257541301754875,0.4072812408537987,-0.0815271106783112
1.3097769706988616,1.6532248909457332,-0.34344792024687165
1.7893176126059327,2.249517273072548,-0.4601996604666154
1.7614601047744918,1.7904420795430647,-0.028981974768572893
0.2712507035539057,0.37851716426135074,-0.10726646070744505
0.2368198726231772,0.20739046537441239,0.029429407248764805
1.990947742375468,1.8675492685512585,0.12339847382420954
1.6808577827335314,1.4573950465081726,0.22346273622535873
0.4862263957995132,0.39169090610883006,0.09453548969068315
0.2560967978875126,0.12038188083416383,0.13571491705334876
2.125307548604903,1.9744523197881965,0.15085522881670665
1.725880976771086,1.7266107730533715,-0.000729796282285422
2.198147563864789,2.379750105844036,-0.18160254197924663
2.584807240805432,2.466826932352548,0.11798030845288432
1.4536170110313316,1.8015379994173608,-0.34792098838602925
1.2392380716689044,1.0859840351232395,0.15325403654566494
0.755434263517273,0.7000284409887366,0.05540582252853643
0.1166374658462108,0.1960946103626763,-0.0794571445164655
0.5172665855901943,0.4686381090566964,0.048628476533497944
1.7725361992834578,1.6937539250703852,0.0787822742130726
2.4308992568963923,2.3594241124014834,0.07147514449490888
1.8140557306999243,1.7916028739830223,0.022452856716902003
1.2220543021878516,1.2453922426390203,-0.02333794045116866
2.2950746922321583,1.9747997860496311,0.3202749061825272
1.2492065567269737,1.1609506625605177,0.08825589416645596
0.1675603754218776,0.14172694941116024,0.025833426010717364
1.2743379890889055,1.8173290674743183,-0.5429910783854128
1.401898431029147,1.7226211149625426,-0.32072268393339565
0.843120765225237,0.809794218127669,0.03332654709756799
0.2192563513303884,0.4010804194649976,-0.18182406813460922
2.0820881771921016,1.7498650977084274,0.33222307948367424
2.249612974979812,2.3804730149485134,-0.13086003996870144
1.5128221268590971,1.4511703042754318,0.061651822583665306
1.9702241416981048,2.305825997604129,-0.3356018559060243
1.441392619449688,1.3969599079784119,0.04443271147127614
0.649049505900047,0.42822097428507566,0.2208285316149713
1.19325645646454,1.1946018541296453,-0.001345397665105219
1.9237090663386869,2.018756593142384,-0.09504752680369699
0.9092653932546538,0.7727098171933667,0.1365555760612871
0.8380302825698475,0.809794218127669,0.02823606444217841
2.41539272458384,2.305146499436609,0.1102462251472307
2.109660870152069,2.0472356372052007,0.06242523294686819
0.4692912733742162,0.39169090610883006,0.07760036726538616
0.5440390883175806,0.5043867530568118,0.039652335260768834
1.0536027276986355,0.9966070563195666,0.05699567137906891
0.9282213378571412,1.4307016841627063,-0.502480346305565
2.282633298819567,2.17704656710487,0.10558673171469701
2.225019523591669,1.977923363205289,0.24709616038638016
0.5074563304536817,0.6196100051628308,-0.11215367470914916
0.2533481180711616,0.3342337954829766,-0.08088567741181502
2.263523645873761,2.4706600024010874,-0.20713635652732654
1.9745641631269963,1.9029649735971732,0.07159918952982314
2.190358130145964,2.016992814660259,0.1733653154857051
0.2037995485302545,0.21485446287710028,-0.011054914346845773
0.1365653943248799,0.1726537193401166,-0.036088325015236705
2.243139110399025,2.200617702030276,0.04252140836874885
1.7654791447820308,1.6623100998308058,0.10316904495122503
1.224965732744494,1.171145664891073,0.05382006785342108
0.3194249333132212,0.2949971836995128,0.024427749613708416
0.834074534530931,0.7299250654335646,0.10414946909736644
0.2276425371728912,0.1772764283696754,0.05036610880321582
2.329035354976455,2.163205246047813,0.16583010892864225
1.8540562548694468,1.771597815986972,0.08245843888247473
1.490941189243763,1.2877737274246934,0.20316746181906953
2.510393969486456,2.421590690488764,0.08880327899769203
0.8525874353530598,0.9048837572826742,-0.05229632192961442
0.7191046735278648,0.7792078747695971,-0.060103201241732296
2.531967490161986,2.425096293877946,0.10687119628404007
0.4376543307003546,0.5947441523925638,-0.15708982169220925
2.107911300390148,2.305825997604129,-0.19791469721398114
0.6983810746226776,0.6350667338817068,0.06331434074097086
1.5086629404581084,1.4091107643633576,0.09955217609475087
1.4455698893787838,1.7985208879264813,-0.3529509985476975
2.5918597737286206,2.296193848256189,0.29566592547243165
2.1966345845449373,2.522949331339286,-0.3263147467943486
0.8798301070263812,0.8567043558197691,0.02312575120661209
1.243193819707821,1.3627991392227015,-0.11960531951488051
0.0921660783360823,0.14143369594897187,-0.04926761761288957
0.647458165047011,0.6325431776906068,0.014914987356404286
1.951453553954926,2.025323021269885,-0.07386946731495914
0.7341139117289053,0.9330771702932245,-0.19896325856431918
0.8601553464222027,0.7279562802261437,0.13219906619605903
1.2263265100698812,1.2453922426390203,-0.019065732569139016
2.115180833625277,2.0973894060528924,0.0177914275723845
0.2200746261037483,0.29553739376985955,-0.07546276766611124
1.3370512883564942,1.5683782162101925,-0.23132692785369824
0.8047477487117964,0.8053670128396143,-0.0006192641278178757
0.7231553595197152,0.6497640358007256,0.0733913237189896
1.4690964181783073,1.129279899972224,0.3398165182060833
0.1794773490510451,0.09892398653222914,0.08055336251881595
1.3089858210910783,1.205958306134896,0.10302751495618234
1.972127422335024,2.1117111420263366,-0.13958371969131256
1.1262347825118757,1.2014049046303292,-0.07517012211845353
0.2788819065916711,0.4245731519361755,-0.1456912453445044
0.6575215880580141,0.6537592481990183,0.003762339858995767
0.6617802334838395,0.6446338518173891,0.01714638166645044
0.5125196879434946,0.46461327643038486,0.047906411513109703
1.9708751451656068,1.431132841170514,0.5397423039950928
2.0122500088635533,1.9240481516511758,0.0882018572123775
1.870548334273889,1.6582885072105145,0.21225982706337443
2.0080184901223115,2.1875655783727175,-0.179547088250406
0.6157805347513684,0.49993194329202806,0.11584859145934034
0.7955297256397296,0.7297307888994244,0.06579893674030513
1.92935561374914,1.648888507718143,0.2804671060309971
2.200317574579235,2.09413749591496,0.10618007866427481
2.2169407569674817,2.064000857852233,0.15293989911524886
1.071188853338266,0.9596247177461495,0.11156413559211653
0.3365680151724931,0.3663579575435088,-0.029789942371015732
1.8237122774931187,1.4310700609669216,0.39264221652619713
0.6534256936256483,0.558896428938497,0.09452926468715128
1.04941641613207,1.0036984059928897,0.04571801013918031
1.9300382632009527,1.9673220482554261,-0.037283785054473384
0.1200461905143651,0.08929634972887647,0.030749840785488633
1.2780993404032188,1.3414265239766747,-0.0633271835734559
1.4099048650599133,1.3556445867490352,0.054260278310878096
0.652232187859287,0.6877852079868475,-0.03555302012756045
2.46675415712113,2.4884084152674473,-0.02165425814631705
0.6551255348878225,0.6828057508068305,-0.027680215919007933
1.2046444899978843,1.4310700609669216,-0.22642557096903726
1.565191710075616,1.6814595015823661,-0.11626779150675004
2.21523187381467,2.1276064609226744,0.08762541289199577
2.347552774845144,2.200617702030276,0.14693507281486795
2.0411834816805863,2.305825997604129,-0.2646425159235428
1.628103926886542,1.6987060277286838,-0.0706021008421418
0.1817875059057722,0.10252882835416177,0.07925867755161042
1.3575624070089716,1.2107601826926602,0.1468022243163114
1.4783234831410117,1.4994580751391602,-0.02113459199814849
0.6571418362462782,0.6401121886046445,0.017029647641633727
0.4848294516710798,0.5837251851130324,-0.09889573344195257
0.9686332598227112,0.8636072242349825,0.10502603558772872
1.784308505447273,1.6472778413028577,0.13703066414441523
0.9692707003276728,1.0346805814720965,-0.0654098811444237
1.363321976153634,1.8173290674743183,-0.4540070913206844
0.2878648453173545,0.3396414529819679,-0.051776607664613394
1.6478691046249196,1.892867981477144,-0.24499887685222443
1.2838137011073658,1.2459773359670216,0.037836365140344164
1.5694639179576455,1.414322461654853,0.1551414563027924
2.112920406536136,2.0102874960283077,0.10263291050782852
1.5984199936025136,1.3627991392227015,0.23562085437981217
1.2422218358316393,1.2712617141080704,-0.029039878276431175
0.8967200210111625,0.7461770577397422,0.15054296327142036
0.9043919116707088,0.9117527605245378,-0.007360848853829038
0.4070119762495165,0.36787525043691205,0.03913672581260447
0.5205261219742614,0.551086126046453,-0.030560004072191616
2.061147576202798,1.8268213399528999,0.23432623624989812
1.3807589135091776,1.3969599079784119,-0.016200994469234287
1.4193308475659552,1.5888454615163026,-0.1695146139503474
0.6124124979581629,0.5005998194136423,0.1118126785445206
1.8831705604358715,1.8894557581466778,-0.006285197710806267
1.660093496206563,2.127550853155873,-0.4674573569493099
1.1247157752649315,1.204402680099241,-0.0796869048343094
0.1797305169255357,0.03335421611512891,0.1463763008104068
1.504842817993907,1.5185883841988546,-0.01374556620494749
0.1304170317310122,0.05953603900710129,0.07088099272391092
0.1924838486030022,0.17352300766771986,0.01896084093528233
0.289297956248834,0.41052266054775943,-0.12122470429892546
1.4943770388243258,1.3619708478334147,0.1324061909909111
0.0982948505466541,0.555765030786756,-0.4574701802401019
2.133336587995183,2.070450668911109,0.06288591908407426
0.9865946164553432,0.9273736518975564,0.059220964557786804
0.7661938981831257,0.5736482920744506,0.1925456061086751
2.3558349821099145,2.135916860484802,0.21991812162511248
2.171709604761791,1.9673220482554261,0.2043875565063651
1.4474686484374637,1.3312635441238616,0.11620510431360209
0.4726638312393243,0.46461327643038486,0.008050554808939459
0.5970461120390603,0.8998045935388099,-0.3027584814997496
1.4532915095507486,1.4320627703937336,0.021228739157014953
0.9737282632968356,0.8738688703285704,0.09985939296826518
1.9669374809079652,1.9158034114804832,0.051134069427482
2.3713867226098144,2.379086494200976,-0.007699771591161753
2.354632434706084,2.305825997604129,0.04880643710195498
1.9713362727272403,2.24742663650967,-0.27609036378242946
1.5392103569560127,1.4165188436391836,0.12269151331682915
1.8246526138659815,1.664455609135249,0.16019700473073262
1.893392213368432,1.8139453521624174,0.07944686120601463
0.3160614173387506,0.3078900083790041,0.008171408959746496
0.4771123523178498,0.5599928498903849,-0.08288049757253507
1.471483429711029,1.4526660759453638,0.01881735376566529
2.2235728514698248,1.5811528442268112,0.6424200072430135
1.8942466549448371,1.8678939866701145,0.0263526682747226
1.186958905586585,1.248502198451712,-0.06154329286512694
1.4319304701406,0.8685777547818043,0.5633527153587956
1.1036350288948502,0.8685777547818043,0.2350572741130459
1.26980809251365,1.2055131786943383,0.06429491381931163
2.239029654016791,2.2215936196532287,0.017436034363562225
2.05800106155294,1.8253345535085908,0.2326665080443493
2.469145689725755,2.24742663650967,0.2217190532160851
0.2838367636723458,0.42736875985211076,-0.14353199617976498
0.3090812172621507,0.37851716426135074,-0.06943594699920003
1.4017175967607485,1.6087897927948662,-0.20707219603411775
2.3710250545793534,2.1042247827948524,0.26680027178450105
1.3211062330823182,0.8937422015050338,0.4273640315772844
0.2469149416184919,0.14597238118103067,0.10094256043746122
0.980301586396123,1.2609449932833368,-0.2806434068872138
0.8689800552263294,0.7792078747695971,0.0897721804567323
0.23356033623911,0.1981684110890459,0.03539192515006409
1.3996199201587307,1.4126049796975897,-0.012985059538858978
1.467563848475159,1.5648869601549251,-0.09732311167976615
0.5374250775965124,0.44087333041257626,0.09655174718393611
0.4202083517073415,0.35152390005721007,0.06868445165013143
0.9294871772295946,0.7928142537606753,0.13667292346891935
1.685374116852582,1.6235847390935065,0.06178937775907545
0.7296111403192266,0.8275345372750951,-0.09792339695586849
2.404822965823855,2.2389655379018842,0.16585742792197067
1.983352706140748,1.8253345535085908,0.15801815263215735
1.3139542406279572,1.6987060277286838,-0.38475178710072666
1.5224379852710073,1.9780530599512214,-0.4556150746802141
2.2542784968766143,2.3457021208196847,-0.09142362394307035
0.8126321196240527,0.7978998194393644,0.014732300184688296
1.4066769746601575,1.3631596783492528,0.04351729631090473
2.45938064277659,2.305859501157501,0.15352114161908892
0.4654304632882338,0.7828168507426626,-0.3173863874544288
2.264283149497233,1.9374428175772413,0.32684033191999173
1.7903664509069417,1.7682700049067834,0.022096446000158254
0.2706358673957859,0.3473976556340418,-0.07676178823825591
1.2657257605374883,1.5175121014786266,-0.2517863409411383
0.9830005367000556,1.0418423618146853,-0.05884182511462965
1.7963972714542014,1.7904420795430647,0.0059551919111366924
2.143617011318127,1.9638000014275472,0.17981700989058003
1.0330961298648929,1.1243554192132073,-0.0912592893483144
2.438910212505397,2.497379560452752,-0.05846934794735459
1.945639733466439,1.977923363205289,-0.03228362973885002
0.6561743731888313,0.6083599429801013,0.04781443020873
1.149019891216034,1.2459773359670216,-0.09695744475098755
0.7204790133094563,0.8372173748033718,-0.11673836149391548
2.2582071205094576,2.330349038862778,-0.07214191835332029
1.317485028414622,1.1004803792751028,0.21700464913951922
0.8781664323140849,0.8860706502337395,-0.007904217919654677
1.4957287745122438,1.530337323653621,-0.03460854914137723
0.730461061076898,0.9797676255270085,-0.24930656445011046
1.3188593681962135,1.4310700609669216,-0.11221069277070805
0.3786888202908751,0.39169090610883006,-0.013002085817954978
0.128391688735087,0.12038188083416383,0.008009807900923163
1.0059438753257706,0.9579264416239118,0.048017433701858736
0.6849270104716271,0.6877852079868475,-0.0028581975152204286
2.202234414887511,2.2817567260745193,-0.07952231118700848
0.8114024473078135,0.8365707861079613,-0.025168338800147794
0.993823463334531,1.2055131786943383,-0.2116897153598073
1.4287342257251554,1.2723785394747635,0.15635568625039187
0.6004774408008885,0.5891117439331794,0.011365696867709052
1.7327888429884255,1.5347116329417374,0.1980772100466881
0.3481052369899247,0.2847568675805614,0.06334836940936328
2.5224194435247616,2.296193848256189,0.22622559526857255
0.7394530414400508,0.6913148406247669,0.04813820081528386
0.1637492948483135,0.16217439225319313,0.0015749025951203588
2.3896148095731413,2.522949331339286,-0.13333452176614458
1.3767398735016383,1.2107601826926602,0.16597969080897812
1.013602203529113,1.2965189787184812,-0.2829167751893682
1.0728886946004406,1.0967126264274027,-0.023823931826962186
0.3022954141633215,0.3017780438693294,0.0005173702939921254
1.0979071057344991,1.0706538483289416,0.027253257405557507
2.155452609450565,2.0350454362418327,0.1204071732087324
0.589446554985606,0.4881502918362585,0.10129626314934753
1.011875236848194,1.2987246233477483,-0.28684938649955427
2.421043793572532,2.4863155106034975,-0.06527171703096535
0.5813090161988591,0.8406205721985938,-0.25931155599973466
1.9729728232866317,1.9288227174057087,0.04415010588092305
0.5559198948905341,0.4374212066464193,0.11849868824411475
2.4256008153133632,2.250499092543144,0.1751017227702194
1.3475396716197492,1.237495421928866,0.11004424969088311
2.1871935317148306,2.09413749591496,0.09305603579987043
2.0195331068333973,1.9288227174057087,0.09071038942768861
2.444624573462712,2.3144009418956806,0.13022363156703154
1.2095270132192992,0.9912634404998355,0.21826357271946373
2.2109144577452926,2.115112931481488,0.09580152626380478
0.3561704419174116,0.11522937855248117,0.24094106336493043
1.468590082429326,1.5980360911717923,-0.12944600874246626
2.1135894937849127,1.9992320080884214,0.11435748569649129
1.7284849891220848,1.854417829689497,-0.12593284056741227
1.501031737420343,1.482935825410191,0.018095912010152038
1.2159647107438714,1.2018386850583558,0.014126025685515575
2.0516537809093984,1.9911037192283518,0.060550061681046596
2.257750514526063,2.1927266773304104,0.06502383719565241
0.4886495741352814,0.5837251851130324,-0.09507561097775102
0.9632217965054736,0.949640392857257,0.013581403648216583
1.8149237344793665,1.7011114326465808,0.11381230183278568
1.4180062370436142,1.3010083267890595,0.11699791025455464
1.1959463651310034,1.6532248909457332,-0.45727852581472983
1.8730121994719344,1.8250301503572477,0.04798204911468673
1.9641842802728795,1.9835224650956738,-0.019338184822794258
1.9117785302533148,1.9673220482554261,-0.055543518002111325
1.250598980036672,1.3911917498589574,-0.14059276982228552
1.3820066693535236,1.2367845709585674,0.14522209839495615
1.2709383063113886,1.221622085804976,0.0493162205064126
0.6291984320993727,0.5436781892131088,0.08552024288626381
0.7210938497207438,0.8406205721985938,-0.11952672247785001
2.192433202907475,2.0973894060528924,0.09504379685458275
1.0273049147359192,0.9557824596642709,0.07152245507164834
1.868676699621282,1.7359280008429292,0.13274869877835282
2.404407046449569,2.295337524826861,0.109069521622708
2.011822036166763,2.0102874960283077,0.0015345401384552204
2.5019490132535687,2.018756593142384,0.4831924201111848
2.111238647789397,2.2777490671383167,-0.16651041934891975
0.4775101876576927,0.3758212486656074,0.10168893899208531
1.2085098209026015,1.1437261946223338,0.06478362628026768
0.5185957169312703,0.5365901938881124,-0.017994476956842087
1.3167707332316658,1.3776793461233805,-0.060908612891714675
1.211660856877531,1.2967547008628886,-0.08509384398535769
1.228261435931607,1.2233608321057396,0.004900603825867433
1.086017257270908,1.1720053257763512,-0.08598806850544327
1.00102518530131,1.0322753060922365,-0.031250120790926594
1.9218329126395204,1.7085209833262083,0.2133119293133121
1.825068533240268,1.8139453521624174,0.011123181077850708
0.9081487421662878,1.0859840351232395,-0.17783529295695166
1.914961212465723,1.4867547340322396,0.42820647843348336
1.7121737447455447,1.6474307114797027,0.06474303326584208
1.8638032180373367,1.9072741074557087,-0.04347088941837196
0.9636331943015208,0.9010736310185271,0.06255956328299372
2.072829465991917,1.8702839871584394,0.20254547883347773
1.1342999876925302,1.4298963056703007,-0.29559631797777053
2.060356426595015,2.0854123396616706,-0.025055913066655666
1.926462266973773,1.9288859035065165,-0.0024236365327434672
0.5863723736886721,0.8625998060214484,-0.27622743233277625
1.728991324871066,1.9772147585249353,-0.24822343365386934
1.5829857948960533,1.2967547008628886,0.2862310940331647
1.3496373484749349,1.4023285605739673,-0.05269121209903238
2.1806789805249345,2.031899694706459,0.14877928581847533
0.9099570840907684,0.949640392857257,-0.03968330876648862
1.8374195077464848,1.9673220482554261,-0.12990254050894134
0.5679634524569469,0.5891117439331794,-0.02114829147623254
1.7712703599110045,1.8621375535611457,-0.09086719365014129
1.9492473756779316,1.7473228385119464,0.20192453716598524
2.0831731812834846,1.8894557581466778,0.19371742313680684
1.7743400203892037,1.7085209833262083,0.06581903706299541
1.9477600144152984,1.9139205066992178,0.033839507716080686
0.5080711666118013,0.5005998194136423,0.007471347198159006
0.4363161577218091,0.4885204290275158,-0.052204271305706706
0.5061904910812284,0.7536584342439101,-0.24746794316268172
0.3803660574593756,0.715461075717973,-0.33509501825859744
2.399253272585061,2.2389655379018842,0.1602877346831768
1.4333228934502984,1.503965848432876,-0.07064295498257755
2.098724921783385,2.089287096468561,0.009437825314824178
1.8982656949523768,2.07845368272736,-0.18018798777498324
1.2838589095478814,1.138129904919219,0.14572900462866234
0.8818554500223063,0.9589864592145889,-0.07713100919228266
0.9738232012497694,1.1353515714052864,-0.16152837015551702
0.6324579684834398,0.6537592481990183,-0.02130127971557849
2.2731440251044064,2.0654192160634834,0.20772480904092294
2.3561197959687163,2.2550063003995935,0.10111349556912286
2.228057538085557,2.1117111420263366,0.11634639605922059
0.9884120000172932,1.1004803792751028,-0.11206837925780955
1.250409104130804,1.1593406803883026,0.09106842374250146
1.0728525277973944,1.4038739596407663,-0.33102143184337196
1.950838715518296,1.8654871772310286,0.08535153828726738
0.4700959854382039,0.6196100051628308,-0.1495140197246269
0.3025802280221235,0.3815302743515936,-0.07895004632947011
0.7672427364841342,0.9112890608303748,-0.14404632434624054
0.9603103659488312,1.2613675439212773,-0.301057177972446
1.7758590276361474,1.648888507718143,0.12697051991800445
1.9407843356637693,1.52136832386486,0.4194160117989092
0.9950938235257188,1.2619582824702087,-0.26686445894448985
1.0758498546695014,1.0721728842907927,0.0036769703787087327
2.6335601404261566,2.2286341222864374,0.4049260181397192
0.2037633814740405,0.19534846341612103,0.008414918057919468
2.1306964090943064,2.324673284030361,-0.19397687493605487
0.3628025361665867,0.3325354376921409,0.030267098474445808
2.3450934312253366,2.4570570417661495,-0.11196361054081283
0.8661952086069322,0.783450182670207,0.08274502593672517
1.84747389013269,1.8459748751335996,0.0014990149990903312
0.6652432082299791,0.73502805050805,-0.06978484227807091
0.8817107825569539,0.9319775598165546,-0.050266777259600715
0.742613119052449,0.589450608487255,0.15316251056519403
0.3196374135659309,1.3741665446686786,-1.0545291311027478
1.5456977837398356,1.433590740318372,0.11210704342146349
1.0856555889872792,1.0967126264274027,-0.01105703744012354
0.4896984124362901,0.5463115777465625,-0.056613165310272384
1.8610816633865623,1.8072818822189323,0.05379978116763007
0.2171451120189988,0.17213733306898796,0.045007778950010846
0.758314048089604,0.7871471438946456,-0.028833095805041564
1.2216790711948502,1.171145664891073,0.05053340630377723
0.5035005824147653,0.6451106505819734,-0.14161006816720811
1.7284849891220848,1.7226211149625426,0.0058638741595422594
0.4474238982150864,0.3758212486656074,0.07160264954947898
2.321530735116432,2.2486148702617292,0.07291586485470258
0.8166828056159031,0.8910109528104935,-0.07432814719459035
1.538572916451051,1.3989823357161422,0.13959058073490893
1.4987034970375088,1.5503055020889005,-0.051602005051391675
2.168459109002522,1.9300156544303158,0.23844345457220628
1.5536725717862911,1.5476845386693978,0.005988033116893332
0.3897016228312182,0.4146630724075412,-0.024961449576323014
0.2594964809181974,0.18653599217071815,0.07296048874747924
1.1263884916146971,1.4099497549996654,-0.28356126338496823
0.7919808545781257,0.6913148406247669,0.10066601395335883
0.4769315180494514,0.5523797853752888,-0.07544826732583737
1.0687928001680744,1.092402465471036,-0.023609665302961602
0.171249393130099,0.12038188083416383,0.050867512295935155
0.1207966525003675,0.05953603900710129,0.06126061349326621
0.276422561452857,0.2668313018709508,0.009591259581906209
1.0345880119462605,1.138129904919219,-0.10354189297295857
0.3326755591021995,0.7828168507426626,-0.4501412916404631
1.586385477926738,1.1733242495313292,0.4130612283954087
1.0807368987096506,1.010290497890982,0.07044640081866871
0.5678549520478087,0.5068715709005003,0.06098338114730839
2.2201686473672373,2.135916860484802,0.08425178688243529
0.2591302915626657,0.3017780438693294,-0.04264775230666368
2.166176076553868,2.24742663650967,-0.081250559955802
1.9462816937774643,1.8359912300251426,0.11029046375232165
0.430818798089107,0.6978269949521664,-0.2670081968630594
1.0814602355300766,1.1429838687154545,-0.0615236331853779
2.1872884696677644,2.0601760180085744,0.12711245165918994
1.535412838838653,1.5528593036582767,-0.017446464819623753
0.1077675486015685,0.09076957696494471,0.016997971636623782
0.8022884038261501,1.0377600346728204,-0.23547163084667033
0.2815220859988839,0.31926090811013047,-0.03773882211124657
1.9814629877068664,1.8621375535611457,0.11932543414572061
1.1295982984863462,1.2619582824702087,-0.1323599839838625
1.3726258955411654,1.2459773359670216,0.12664855957414378
1.5791521099756476,1.416023422888407,0.1631286870872406
